plant_id,node,kanal,datetime_start,day,class,eksik_orani,duz_orani,std_mV,aralik_mV,sicrama
8,PN10,CH1,2025-06-04 00:00:00,2025-06-04,0,0.0,0.0,7.851568,31.730755,10
9,PN10,CH2,2025-06-04 00:00:00,2025-06-04,0,0.0,0.18838566268407891,0.6766934,2.1362305,0
8,PN10,CH1,2025-06-04 01:00:00,2025-06-04,0,0.0,0.0008335648791330926,1.8147215,7.4392548,0
9,PN10,CH2,2025-06-04 01:00:00,2025-06-04,0,0.0,0.2133926090580717,0.27538535,1.373291,0
8,PN10,CH1,2025-06-04 02:00:00,2025-06-04,0,0.0,0.0011114198388441233,9.0708,29.654354,0
9,PN10,CH2,2025-06-04 02:00:00,2025-06-04,0,0.0,0.23284245623784386,0.80929726,3.0708313,0
8,PN10,CH1,2025-06-04 03:00:00,2025-06-04,0,0.0,0.0005557099194220616,4.1397142,13.004095,1
9,PN10,CH2,2025-06-04 03:00:00,2025-06-04,0,0.0,0.22923034176160045,0.6146995,3.1089783,0
8,PN10,CH1,2025-06-04 04:00:00,2025-06-04,0,0.0,0.0005557099194220616,2.6621928,7.625408,0
9,PN10,CH2,2025-06-04 04:00:00,2025-06-04,0,0.0,0.135037510419561,2.1128428,8.306503,0
8,PN10,CH1,2025-06-04 05:00:00,2025-06-04,0,0.0,0.0002778549597110308,9.006176,33.30305,14
9,PN10,CH2,2025-06-04 05:00:00,2025-06-04,0,0.0,0.061405946096137816,2.4232204,8.78334,0
8,PN10,CH1,2025-06-04 06:00:00,2025-06-04,0,0.0,0.0,8.401314,34.097584,0
9,PN10,CH2,2025-06-04 06:00:00,2025-06-04,0,0.0,0.051681022506251735,0.88660944,3.3569336,0
8,PN10,CH1,2025-06-04 07:00:00,2025-06-04,0,0.0,0.0002778549597110308,9.520307,33.150166,26
9,PN10,CH2,2025-06-04 07:00:00,2025-06-04,0,0.0,0.06918588496804667,0.891974,14.93454,52
8,PN10,CH1,2025-06-04 08:00:00,2025-06-04,0,0.0,0.0013892747985551543,4.119134,33.354237,62
9,PN10,CH2,2025-06-04 08:00:00,2025-06-04,0,0.0,0.04584606835232009,2.2229352,27.675629,86
8,PN10,CH1,2025-06-04 09:00:00,2025-06-04,0,0.0,0.0008335648791330926,3.556109,17.48137,0
9,PN10,CH2,2025-06-04 09:00:00,2025-06-04,0,0.0,0.058627396499027505,1.2297918,4.787445,0
8,PN10,CH1,2025-06-04 10:00:00,2025-06-04,0,0.0,0.0002778549597110308,24.87507,132.47166,112
9,PN10,CH2,2025-06-04 10:00:00,2025-06-04,0,0.0,0.07696582383995554,1.6027503,37.412643,136
8,PN10,CH1,2025-06-04 11:00:00,2025-06-04,0,0.0002777777777777778,0.0002778549597110308,7.435369,34.114346,6
9,PN10,CH2,2025-06-04 11:00:00,2025-06-04,0,0.0002777777777777778,0.11197554876354543,1.884337,8.277893,2
8,PN10,CH1,2025-06-04 12:00:00,2025-06-04,0,0.0,0.0002778549597110308,6.198606,27.891287,8
9,PN10,CH2,2025-06-04 12:00:00,2025-06-04,0,0.0,0.18588496804667964,1.1792648,3.900528,0
8,PN10,CH1,2025-06-04 13:00:00,2025-06-04,0,0.0,0.0002778549597110308,1.6018558,8.798019,0
9,PN10,CH2,2025-06-04 13:00:00,2025-06-04,0,0.0,0.1269797165879411,0.48602337,3.7193298,2
8,PN10,CH1,2025-06-04 14:00:00,2025-06-04,0,0.0,0.0005557099194220616,13.502454,46.183876,5
9,PN10,CH2,2025-06-04 14:00:00,2025-06-04,0,0.0,0.1180883578771881,1.2277281,4.787445,0
8,PN10,CH1,2025-06-04 15:00:00,2025-06-04,0,0.0,0.0011114198388441233,11.964364,35.06135,7
9,PN10,CH2,2025-06-04 15:00:00,2025-06-04,0,0.0,0.12531258682967492,0.6678373,2.5081635,0
8,PN10,CH1,2025-06-04 16:00:00,2025-06-04,0,0.0,0.0008335648791330926,4.0285606,14.075712,0
9,PN10,CH2,2025-06-04 16:00:00,2025-06-04,0,0.0,0.14726312864684635,0.6432348,2.6512146,0
8,PN10,CH1,2025-06-04 17:00:00,2025-06-04,0,0.0,0.0005557099194220616,2.9000182,28.396698,16
9,PN10,CH2,2025-06-04 17:00:00,2025-06-04,0,0.0,0.16087802167268686,1.0641905,4.12941,0
8,PN10,CH1,2025-06-04 18:00:00,2025-06-04,0,0.0,0.0005557099194220616,9.608252,33.85514,5
9,PN10,CH2,2025-06-04 18:00:00,2025-06-04,0,0.0,0.126146151708808,1.7520972,7.3242188,0
8,PN10,CH1,2025-06-04 19:00:00,2025-06-04,0,0.0,0.0005557099194220616,1.880282,6.7428875,0
9,PN10,CH2,2025-06-04 19:00:00,2025-06-04,0,0.0,0.08252292303417616,1.5858554,5.874634,0
8,PN10,CH1,2025-06-04 20:00:00,2025-06-04,0,0.0,0.0,5.739489,22.190363,7
9,PN10,CH2,2025-06-04 20:00:00,2025-06-04,0,0.0,0.08724645734926369,1.6165545,4.940033,0
8,PN10,CH1,2025-06-04 21:00:00,2025-06-04,0,0.0,0.0002778549597110308,7.918766,21.093824,2
9,PN10,CH2,2025-06-04 21:00:00,2025-06-04,0,0.0,0.07891080855793275,0.682361,2.6512146,0
8,PN10,CH1,2025-06-04 22:00:00,2025-06-04,0,0.0,0.0002778549597110308,2.5067725,14.477744,0
9,PN10,CH2,2025-06-04 22:00:00,2025-06-04,0,0.0,0.08502361767157544,0.52326983,2.9182434,0
8,PN10,CH1,2025-06-04 23:00:00,2025-06-04,0,0.0,0.0002778549597110308,1.7736294,6.0299788,1
9,PN10,CH2,2025-06-04 23:00:00,2025-06-04,0,0.0,0.10975270908585719,1.1522517,3.376007,0
8,PN10,CH1,2025-06-05 00:00:00,2025-06-05,0,0.0,0.0005557099194220616,5.1832666,18.100813,0
9,PN10,CH2,2025-06-05 00:00:00,2025-06-05,0,0.0,0.1503195332036677,0.502718,1.7738342,0
8,PN10,CH1,2025-06-05 01:00:00,2025-06-05,0,0.0,0.0005557099194220616,9.168436,36.31003,5
9,PN10,CH2,2025-06-05 01:00:00,2025-06-05,0,0.0,0.17977215893303697,0.44348657,1.9645691,0
8,PN10,CH1,2025-06-05 02:00:00,2025-06-05,0,0.0,0.0,4.401679,16.358643,0
9,PN10,CH2,2025-06-05 02:00:00,2025-06-05,0,0.0,0.17671575437621562,0.19101955,0.76293945,0
8,PN10,CH1,2025-06-05 03:00:00,2025-06-05,0,0.0,0.0005557099194220616,5.8911204,33.926926,11
9,PN10,CH2,2025-06-05 03:00:00,2025-06-05,0,0.0,0.198110586273965,0.30671838,1.3923645,0
8,PN10,CH1,2025-06-05 04:00:00,2025-06-05,0,0.0,0.0002778549597110308,4.953147,34.59826,7
9,PN10,CH2,2025-06-05 04:00:00,2025-06-05,0,0.0,0.13281467074187275,0.7713472,2.8800964,0
8,PN10,CH1,2025-06-05 05:00:00,2025-06-05,0,0.0,0.0,5.8681335,18.913746,0
9,PN10,CH2,2025-06-05 05:00:00,2025-06-05,0,0.0,0.07641011392053348,7.2734675,20.065308,0
8,PN10,CH1,2025-06-05 06:00:00,2025-06-05,0,0.0,0.0005557099194220616,5.8944006,21.927208,0
9,PN10,CH2,2025-06-05 06:00:00,2025-06-05,0,0.0,0.09252570158377327,1.9171959,6.7329407,0
8,PN10,CH1,2025-06-05 07:00:00,2025-06-05,0,0.0,0.0002778549597110308,5.7237325,35.626144,20
9,PN10,CH2,2025-06-05 07:00:00,2025-06-05,0,0.0,0.10614059460961378,1.7693211,33.64563,25
8,PN10,CH1,2025-06-05 08:00:00,2025-06-05,0,0.0,0.0022228396776882466,2.7804706,26.443453,19
9,PN10,CH2,2025-06-05 08:00:00,2025-06-05,0,0.0,0.11919977771603223,2.1197045,32.749176,54
8,PN10,CH1,2025-06-05 09:00:00,2025-06-05,0,0.0,0.0013892747985551543,3.937234,19.965136,20
9,PN10,CH2,2025-06-05 09:00:00,2025-06-05,0,0.0,0.11781050291747708,0.894001,3.2138824,0
8,PN10,CH1,2025-06-05 10:00:00,2025-06-05,0,0.0,0.0005557099194220616,10.338062,34.137367,0
9,PN10,CH2,2025-06-05 10:00:00,2025-06-05,0,0.0,0.15365379272020005,0.74190056,3.2615662,0
8,PN10,CH1,2025-06-05 11:00:00,2025-06-05,0,0.0,0.0005557099194220616,7.484243,25.514849,0
9,PN10,CH2,2025-06-05 11:00:00,2025-06-05,0,0.0,0.13281467074187275,0.9550712,2.937317,0
8,PN10,CH1,2025-06-05 12:00:00,2025-06-05,0,0.0,0.0,13.022274,53.70036,23
9,PN10,CH2,2025-06-05 12:00:00,2025-06-05,0,0.0,0.13170325090302862,2.3222349,8.125305,0
8,PN10,CH1,2025-06-05 13:00:00,2025-06-05,0,0.0,0.0002778549597110308,6.1510453,25.656595,21
9,PN10,CH2,2025-06-05 13:00:00,2025-06-05,0,0.0,0.14587385384829119,1.8626466,6.8187714,5
8,PN10,CH1,2025-06-05 14:00:00,2025-06-05,0,0.0,0.0008335648791330926,10.2656,37.532448,57
9,PN10,CH2,2025-06-05 14:00:00,2025-06-05,0,0.0,0.10502917477076966,4.0123034,52.423477,93
8,PN10,CH1,2025-06-05 15:00:00,2025-06-05,0,0.0,0.0008335648791330926,4.3728967,22.663958,0
9,PN10,CH2,2025-06-05 15:00:00,2025-06-05,0,0.0,0.041956098916365654,1.1182237,4.4059753,13
8,PN10,CH1,2025-06-05 16:00:00,2025-06-05,0,0.0,0.0002778549597110308,3.6922472,15.955828,0
9,PN10,CH2,2025-06-05 16:00:00,2025-06-05,0,0.0,0.05195887746596277,2.486781,8.068085,1
8,PN10,CH1,2025-06-05 17:00:00,2025-06-05,0,0.0,0.0,5.038233,22.657364,8
9,PN10,CH2,2025-06-05 17:00:00,2025-06-05,0,0.0,0.06529591553209224,2.208165,8.277893,9
8,PN10,CH1,2025-06-05 18:00:00,2025-06-05,0,0.0,0.0,1.0659909,5.0035124,1
9,PN10,CH2,2025-06-05 18:00:00,2025-06-05,0,0.0,0.09363712142261739,0.44483534,1.8310547,1
8,PN10,CH1,2025-06-05 19:00:00,2025-06-05,0,0.0,0.0011114198388441233,3.8116589,15.756189,0
9,PN10,CH2,2025-06-05 19:00:00,2025-06-05,0,0.0,0.09530425118088358,0.28323913,2.5749207,0
8,PN10,CH1,2025-06-05 20:00:00,2025-06-05,0,0.0,0.0,2.449437,11.249371,3
9,PN10,CH2,2025-06-05 20:00:00,2025-06-05,0,0.0,0.057515976660183384,1.0000341,4.348755,5
8,PN10,CH1,2025-06-05 21:00:00,2025-06-05,0,0.0,0.0002778549597110308,2.4560955,17.79273,8
9,PN10,CH2,2025-06-05 21:00:00,2025-06-05,0,0.0,0.03751041956098916,0.8372949,3.7765503,9
8,PN10,CH1,2025-06-05 22:00:00,2025-06-05,0,0.0,0.0,8.429874,43.2574,8
9,PN10,CH2,2025-06-05 22:00:00,2025-06-05,0,0.0,0.0369547096415671,0.87126404,2.9945374,10
8,PN10,CH1,2025-06-05 23:00:00,2025-06-05,0,0.0002777777777777778,0.0002778549597110308,3.0336566,11.284985,1
9,PN10,CH2,2025-06-05 23:00:00,2025-06-05,0,0.0002777777777777778,0.026118366212836898,0.33002454,2.002716,1
8,PN10,CH1,2025-06-06 00:00:00,2025-06-06,0,0.0,0.0005557099194220616,0.7585096,2.8815866,0
9,PN10,CH2,2025-06-06 00:00:00,2025-06-06,0,0.0,0.031397610447346486,0.7250128,3.1089783,1
8,PN10,CH1,2025-06-06 01:00:00,2025-06-06,0,0.0,0.0,2.3016896,7.961839,0
9,PN10,CH2,2025-06-06 01:00:00,2025-06-06,0,0.0,0.02861906085023618,0.53503996,2.1457672,5
8,PN10,CH1,2025-06-06 02:00:00,2025-06-06,0,0.0,0.0002778549597110308,1.193784,3.831163,0
9,PN10,CH2,2025-06-06 02:00:00,2025-06-06,0,0.0,0.03250903028619061,0.8929,3.604889,0
8,PN10,CH1,2025-06-06 03:00:00,2025-06-06,0,0.0,0.0002778549597110308,1.6677934,7.1083755,0
9,PN10,CH2,2025-06-06 03:00:00,2025-06-06,0,0.0,0.04223395387607669,0.19915557,1.2016296,0
8,PN10,CH1,2025-06-06 04:00:00,2025-06-06,0,0.0,0.0005557099194220616,1.8628973,6.542802,0
9,PN10,CH2,2025-06-06 04:00:00,2025-06-06,0,0.0,0.03973325923867741,1.017572,4.234314,0
8,PN10,CH1,2025-06-06 05:00:00,2025-06-06,0,0.0,0.0,1.299952,6.8659334,0
9,PN10,CH2,2025-06-06 05:00:00,2025-06-06,0,0.0,0.044178938594053904,5.1132865,17.194748,0
8,PN10,CH1,2025-06-06 06:00:00,2025-06-06,0,0.0,0.0002778549597110308,1.1296712,6.025135,0
9,PN10,CH2,2025-06-06 06:00:00,2025-06-06,0,0.0,0.04640177827174215,0.8935593,3.6239624,0
8,PN10,CH1,2025-06-06 07:00:00,2025-06-06,0,0.0,0.0011114198388441233,1.1595194,5.011857,0
9,PN10,CH2,2025-06-06 07:00:00,2025-06-06,0,0.0,0.050569602667407614,2.1341605,7.534027,1
8,PN10,CH1,2025-06-06 08:00:00,2025-06-06,0,0.0,0.0005557099194220616,1.6326212,9.862557,1
9,PN10,CH2,2025-06-06 08:00:00,2025-06-06,0,0.0,0.060294526257293694,0.7393936,3.080368,0
8,PN10,CH1,2025-06-06 09:00:00,2025-06-06,0,0.0,0.0002778549597110308,3.4821105,11.493861,0
9,PN10,CH2,2025-06-06 09:00:00,2025-06-06,0,0.0,0.0477910530702973,1.1827602,4.348755,3
8,PN10,CH1,2025-06-06 10:00:00,2025-06-06,0,0.0,0.0002778549597110308,1.4696258,10.286718,0
9,PN10,CH2,2025-06-06 10:00:00,2025-06-06,0,0.0,0.04723534315087524,1.2975528,6.084442,6
8,PN10,CH1,2025-06-06 11:00:00,2025-06-06,0,0.0002777777777777778,0.0,15.901538,132.60909,55
9,PN10,CH2,2025-06-06 11:00:00,2025-06-06,0,0.0002777777777777778,0.040566824117810506,6.394388,53.100586,237
8,PN10,CH1,2025-06-06 12:00:00,2025-06-06,0,0.0,0.0005557099194220616,9.330332,48.522354,128
9,PN10,CH2,2025-06-06 12:00:00,2025-06-06,0,0.0,0.0891914420672409,11.351227,36.3636,15
8,PN10,CH1,2025-06-06 13:00:00,2025-06-06,0,0.0,0.0002778549597110308,4.160907,14.142954,215
9,PN10,CH2,2025-06-06 13:00:00,2025-06-06,0,0.0,0.10419560989163656,1.389321,6.017685,54
8,PN10,CH1,2025-06-06 14:00:00,2025-06-06,0,0.0,0.0002778549597110308,1.4583837,9.654316,55
9,PN10,CH2,2025-06-06 14:00:00,2025-06-06,0,0.0,0.07140872464573493,2.369005,10.757446,73
8,PN10,CH1,2025-06-06 15:00:00,2025-06-06,0,0.0,0.0,1.654724,6.1991806,4
9,PN10,CH2,2025-06-06 15:00:00,2025-06-06,0,0.0,0.07224228952486803,2.908815,8.25882,6
8,PN10,CH1,2025-06-06 16:00:00,2025-06-06,0,0.0,0.0002778549597110308,3.1153204,9.929611,2
9,PN10,CH2,2025-06-06 16:00:00,2025-06-06,0,0.0,0.07140872464573493,0.85355425,4.4727325,11
8,PN10,CH1,2025-06-06 17:00:00,2025-06-06,0,0.0,0.0002778549597110308,2.820907,15.516502,2
9,PN10,CH2,2025-06-06 17:00:00,2025-06-06,0,0.0,0.07224228952486803,1.4265022,6.4086914,2
8,PN10,CH1,2025-06-06 18:00:00,2025-06-06,0,0.0,0.0005557099194220616,3.339925,17.772541,17
9,PN10,CH2,2025-06-06 18:00:00,2025-06-06,0,0.0,0.08196721311475409,2.2177033,9.536743,2
8,PN10,CH1,2025-06-06 19:00:00,2025-06-06,0,0.0,0.0008335648791330926,6.163486,30.358583,24
9,PN10,CH2,2025-06-06 19:00:00,2025-06-06,0,0.0,0.11364267852181162,2.9683917,10.4522705,2
8,PN10,CH1,2025-06-06 20:00:00,2025-06-06,0,0.0,0.0002778549597110308,2.1301146,8.517353,1
9,PN10,CH2,2025-06-06 20:00:00,2025-06-06,0,0.0,0.08196721311475409,0.7800223,3.0326843,12
8,PN10,CH1,2025-06-06 21:00:00,2025-06-06,0,0.0,0.0005557099194220616,2.8867927,14.350189,19
9,PN10,CH2,2025-06-06 21:00:00,2025-06-06,0,0.0,0.05696026674076132,1.1341795,6.2179565,35
8,PN10,CH1,2025-06-06 22:00:00,2025-06-06,0,0.0,0.0,8.060529,47.804115,49
9,PN10,CH2,2025-06-06 22:00:00,2025-06-06,0,0.0,0.05640455682133926,0.6781699,5.8174133,20
8,PN10,CH1,2025-06-06 23:00:00,2025-06-06,0,0.0002777777777777778,0.0002778549597110308,1.8541664,6.632656,0
9,PN10,CH2,2025-06-06 23:00:00,2025-06-06,0,0.0002777777777777778,0.059183106418449566,0.5887503,2.4414062,5
8,PN10,CH1,2025-06-07 00:00:00,2025-06-07,3,0.0,0.0,1.911909,11.232758,2
9,PN10,CH2,2025-06-07 00:00:00,2025-06-07,3,0.0,0.03528757988330092,0.2976629,1.5830994,2
8,PN10,CH1,2025-06-07 01:00:00,2025-06-07,3,0.0,0.0,2.8432817,10.003895,0
9,PN10,CH2,2025-06-07 01:00:00,2025-06-07,3,0.0,0.028063350930814114,0.29628575,1.6975403,1
8,PN10,CH1,2025-06-07 02:00:00,2025-06-07,3,0.0,0.0002778549597110308,1.1947352,4.179737,0
9,PN10,CH2,2025-06-07 02:00:00,2025-06-07,3,0.0,0.025562656293414837,0.44179145,2.155304,0
8,PN10,CH1,2025-06-07 03:00:00,2025-06-07,3,0.0,0.0002778549597110308,2.089462,11.29821,0
9,PN10,CH2,2025-06-07 03:00:00,2025-06-07,3,0.0,0.01667129758266185,0.41476125,2.4223328,1
8,PN10,CH1,2025-06-07 04:00:00,2025-06-07,3,0.0,0.0,1.1040342,4.5230217,0
9,PN10,CH2,2025-06-07 04:00:00,2025-06-07,3,0.0,0.02639622117254793,0.7302719,2.822876,0
8,PN10,CH1,2025-06-07 05:00:00,2025-06-07,3,0.0,0.0002778549597110308,1.167815,4.361534,0
9,PN10,CH2,2025-06-07 05:00:00,2025-06-07,3,0.0,0.05696026674076132,1.9758883,6.427765,0
8,PN10,CH1,2025-06-07 06:00:00,2025-06-07,3,0.0,0.0,4.840977,16.042217,0
9,PN10,CH2,2025-06-07 06:00:00,2025-06-07,3,0.0,0.05612670186162823,1.0476332,4.167557,0
8,PN10,CH1,2025-06-07 07:00:00,2025-06-07,3,0.0,0.0008335648791330926,2.641758,9.238945,0
9,PN10,CH2,2025-06-07 07:00:00,2025-06-07,3,0.0,0.048346762989719363,1.1738747,4.1389465,0
8,PN10,CH1,2025-06-07 08:00:00,2025-06-07,3,0.0,0.0005557099194220616,3.1446724,11.362507,0
9,PN10,CH2,2025-06-07 08:00:00,2025-06-07,3,0.0,0.03584328980272298,0.9339541,3.0326843,2
8,PN10,CH1,2025-06-07 09:00:00,2025-06-07,3,0.0,0.0008335648791330926,0.7159973,3.6580124,0
9,PN10,CH2,2025-06-07 09:00:00,2025-06-07,3,0.0,0.07168657960544596,0.5176815,2.336502,0
8,PN10,CH1,2025-06-07 10:00:00,2025-06-07,3,0.0,0.0002778549597110308,2.4576104,19.507927,18
9,PN10,CH2,2025-06-07 10:00:00,2025-06-07,3,0.0,0.1603223117532648,2.1095018,37.33635,95
8,PN10,CH1,2025-06-07 11:00:00,2025-06-07,3,0.0,0.0,3.9902534,14.398842,0
9,PN10,CH2,2025-06-07 11:00:00,2025-06-07,3,0.0,0.21950541817171437,0.6102577,2.527237,1
8,PN10,CH1,2025-06-07 12:00:01,2025-06-07,3,0.0002777777777777778,0.0008335648791330926,0.95064116,4.472622,0
9,PN10,CH2,2025-06-07 12:00:01,2025-06-07,3,0.0002777777777777778,0.23006390664073353,1.8964196,5.2833557,0
8,PN10,CH1,2025-06-07 13:00:00,2025-06-07,3,0.0,0.0002778549597110308,4.074389,12.2869,0
9,PN10,CH2,2025-06-07 13:00:00,2025-06-07,3,0.0,0.16171158655181994,1.1180662,4.7302246,1
8,PN10,CH1,2025-06-07 14:00:00,2025-06-07,3,0.0,0.0002778549597110308,1.4478976,6.034523,0
9,PN10,CH2,2025-06-07 14:00:00,2025-06-07,3,0.0,0.09836065573770492,0.48467395,2.3651123,1
8,PN10,CH1,2025-06-07 15:00:00,2025-06-07,3,0.0,0.0002778549597110308,1.7152833,5.4465218,1
9,PN10,CH2,2025-06-07 15:00:00,2025-06-07,3,0.0,0.03945540427896638,0.42449573,2.040863,0
8,PN10,CH1,2025-06-07 16:00:00,2025-06-07,3,0.0,0.0002778549597110308,0.62876457,2.824665,0
9,PN10,CH2,2025-06-07 16:00:00,2025-06-07,3,0.0,0.0558488469019172,0.6352217,3.566742,5
8,PN10,CH1,2025-06-07 17:00:00,2025-06-07,3,0.0,0.0002778549597110308,1.87007,6.418377,0
9,PN10,CH2,2025-06-07 17:00:00,2025-06-07,3,0.0,0.06946373992775771,0.23445441,1.6498566,0
8,PN10,CH1,2025-06-07 18:00:00,2025-06-07,3,0.0,0.0,3.8621857,11.524708,0
9,PN10,CH2,2025-06-07 18:00:00,2025-06-07,3,0.0,0.08613503751041957,0.6579599,4.5394897,0
8,PN10,CH1,2025-06-07 19:00:00,2025-06-07,3,0.0,0.0002778549597110308,1.647587,5.561413,0
9,PN10,CH2,2025-06-07 19:00:00,2025-06-07,3,0.0,0.10669630452903585,0.19100249,1.0299683,0
8,PN10,CH1,2025-06-07 20:00:00,2025-06-07,3,0.0,0.0002778549597110308,4.4083223,31.675808,7
9,PN10,CH2,2025-06-07 20:00:00,2025-06-07,3,0.0,0.10225062517365935,1.342211,4.6920776,2
8,PN10,CH1,2025-06-07 21:00:00,2025-06-07,3,0.0,0.0,1.480116,4.485771,0
9,PN10,CH2,2025-06-07 21:00:00,2025-06-07,3,0.0,0.020839121978327314,0.83400047,4.053116,2
8,PN10,CH1,2025-06-07 22:00:00,2025-06-07,3,0.0,0.0005557099194220616,0.5403158,1.9060822,0
9,PN10,CH2,2025-06-07 22:00:00,2025-06-07,3,0.0,0.027229786051681023,0.5828916,4.1007996,2
8,PN10,CH1,2025-06-07 23:00:00,2025-06-07,3,0.0,0.0008335648791330926,1.2365651,5.4202976,0
9,PN10,CH2,2025-06-07 23:00:00,2025-06-07,3,0.0,0.02361767157543762,1.7699896,6.418228,1
8,PN10,CH1,2025-06-08 00:00:01,2025-06-08,3,0.0002777777777777778,0.0002778549597110308,2.979002,13.847279,5
9,PN10,CH2,2025-06-08 00:00:01,2025-06-08,3,0.0002777777777777778,0.018894137260350097,1.0540142,3.452301,0
8,PN10,CH1,2025-06-08 01:00:00,2025-06-08,3,0.0,0.0005557099194220616,1.8258362,7.3862457,6
9,PN10,CH2,2025-06-08 01:00:00,2025-06-08,3,0.0,0.018894137260350097,0.6445981,2.746582,3
8,PN10,CH1,2025-06-08 02:00:00,2025-06-08,3,0.0,0.0016671297582661851,2.032968,5.079136,0
9,PN10,CH2,2025-06-08 02:00:00,2025-06-08,3,0.0,0.01694915254237288,0.54488504,2.5939941,13
8,PN10,CH1,2025-06-08 03:00:00,2025-06-08,3,0.0,0.0005557099194220616,1.0564102,5.1375866,0
9,PN10,CH2,2025-06-08 03:00:00,2025-06-08,3,0.0,0.018616282300639067,0.65559024,3.2997131,15
8,PN10,CH1,2025-06-08 04:00:00,2025-06-08,3,0.0,0.0002778549597110308,0.5904669,2.706274,0
9,PN10,CH2,2025-06-08 04:00:00,2025-06-08,3,0.0,0.02917477076965824,0.83787143,3.4713745,0
8,PN10,CH1,2025-06-08 05:00:00,2025-06-08,3,0.0,0.0,2.4604545,11.798963,0
9,PN10,CH2,2025-06-08 05:00:00,2025-06-08,3,0.0,0.050569602667407614,0.4940985,1.7738342,0
8,PN10,CH1,2025-06-08 06:00:00,2025-06-08,3,0.0,0.0,2.023096,7.9841547,23
9,PN10,CH2,2025-06-08 06:00:00,2025-06-08,3,0.0,0.044178938594053904,0.2479934,1.2779236,0
8,PN10,CH1,2025-06-08 07:00:00,2025-06-08,3,0.0,0.0,1.0079036,4.0426464,2
9,PN10,CH2,2025-06-08 07:00:00,2025-06-08,3,0.0,0.04334537371492081,1.2488664,4.8446655,0
8,PN10,CH1,2025-06-08 08:00:00,2025-06-08,3,0.0,0.0008335648791330926,4.302016,15.772804,0
9,PN10,CH2,2025-06-08 08:00:00,2025-06-08,3,0.0,0.04167824395665463,0.83639014,3.7002563,0
8,PN10,CH1,2025-06-08 09:00:00,2025-06-08,3,0.0,0.0,1.4567634,6.0217075,0
9,PN10,CH2,2025-06-08 09:00:00,2025-06-08,3,0.0,0.038899694359544316,0.38874504,2.231598,0
8,PN10,CH1,2025-06-08 10:00:00,2025-06-08,3,0.0,0.0008335648791330926,11.2643585,38.875492,33
9,PN10,CH2,2025-06-08 10:00:00,2025-06-08,3,0.0,0.09252570158377327,1.7431617,31.824112,163
8,PN10,CH1,2025-06-08 11:00:00,2025-06-08,3,0.0,0.0005557099194220616,1.3943137,5.7558727,0
9,PN10,CH2,2025-06-08 11:00:00,2025-06-08,3,0.0,0.10030564045568213,1.3078827,4.787445,0
8,PN10,CH1,2025-06-08 12:00:00,2025-06-08,3,0.0,0.0002778549597110308,4.9748344,14.853365,3
9,PN10,CH2,2025-06-08 12:00:00,2025-06-08,3,0.0,0.09058071686579605,1.948689,7.419586,19
8,PN10,CH1,2025-06-08 13:00:00,2025-06-08,3,0.0,0.0,3.0594976,11.165886,0
9,PN10,CH2,2025-06-08 13:00:00,2025-06-08,3,0.0,0.09391497638232843,1.1213586,4.673004,1
8,PN10,CH1,2025-06-08 14:00:00,2025-06-08,3,0.0,0.0002778549597110308,1.3696846,5.307049,0
9,PN10,CH2,2025-06-08 14:00:00,2025-06-08,3,0.0,0.11586551819949986,1.6920601,6.875992,1
8,PN10,CH1,2025-06-08 15:00:00,2025-06-08,3,0.0,0.0008335648791330926,1.1842393,4.524067,0
9,PN10,CH2,2025-06-08 15:00:00,2025-06-08,3,0.0,0.15087524312308975,1.3147923,5.350113,0
8,PN10,CH1,2025-06-08 16:00:00,2025-06-08,3,0.0,0.0005557099194220616,1.4257553,5.121006,0
9,PN10,CH2,2025-06-08 16:00:00,2025-06-08,3,0.0,0.1197554876354543,0.49530426,2.5749207,1
8,PN10,CH1,2025-06-08 17:00:00,2025-06-08,3,0.0,0.0002778549597110308,2.0929809,11.22851,2
9,PN10,CH2,2025-06-08 17:00:00,2025-06-08,3,0.0,0.12892470130591832,0.922364,4.262924,11
8,PN10,CH1,2025-06-08 18:00:00,2025-06-08,3,0.0,0.0002778549597110308,1.2286794,6.5280495,0
9,PN10,CH2,2025-06-08 18:00:00,2025-06-08,3,0.0,0.11753264795776605,1.7837914,7.381439,0
8,PN10,CH1,2025-06-08 19:00:00,2025-06-08,3,0.0,0.0,1.297612,5.2877502,0
9,PN10,CH2,2025-06-08 19:00:00,2025-06-08,3,0.0,0.06835232008891359,2.2993476,8.602142,7
8,PN10,CH1,2025-06-08 20:00:00,2025-06-08,3,0.0,0.0005557099194220616,0.7903003,2.9358997,0
9,PN10,CH2,2025-06-08 20:00:00,2025-06-08,3,0.0,0.0783550986385107,3.253803,10.910034,13
8,PN10,CH1,2025-06-08 21:00:00,2025-06-08,3,0.0,0.0,1.6659163,5.624035,0
9,PN10,CH2,2025-06-08 21:00:00,2025-06-08,3,0.0,0.06835232008891359,2.0740304,8.506775,29
8,PN10,CH1,2025-06-08 22:00:00,2025-06-08,3,0.0,0.0,1.8764601,7.005557,0
9,PN10,CH2,2025-06-08 22:00:00,2025-06-08,3,0.0,0.08057793831619894,0.29692766,1.5449524,0
8,PN10,CH1,2025-06-08 23:00:00,2025-06-08,3,0.0,0.0005557099194220616,1.9446954,5.9194126,0
9,PN10,CH2,2025-06-08 23:00:00,2025-06-08,3,0.0,0.09224784662406224,0.7888316,3.1089783,0
8,PN10,CH1,2025-06-09 00:00:00,2025-06-09,3,0.0,0.0,0.38843688,1.5690918,0
9,PN10,CH2,2025-06-09 00:00:00,2025-06-09,3,0.0,0.10891914420672409,0.7525745,2.7561188,0
8,PN10,CH1,2025-06-09 01:00:00,2025-06-09,3,0.0,0.0002778549597110308,0.64776486,2.6401138,0
9,PN10,CH2,2025-06-09 01:00:00,2025-06-09,3,0.0,0.10780772436787997,0.91631234,3.4713745,1
8,PN10,CH1,2025-06-09 02:00:00,2025-06-09,3,0.0,0.0,0.5013072,2.2885208,0
9,PN10,CH2,2025-06-09 02:00:00,2025-06-09,3,0.0,0.058627396499027505,0.6371674,2.6512146,0
8,PN10,CH1,2025-06-09 03:00:00,2025-06-09,3,0.0,0.0002778549597110308,1.4966733,4.433319,0
9,PN10,CH2,2025-06-09 03:00:00,2025-06-09,3,0.0,0.053903862183939985,1.1803608,3.9100647,0
8,PN10,CH1,2025-06-09 04:00:00,2025-06-09,3,0.0,0.0002778549597110308,0.62286997,2.7287006,0
9,PN10,CH2,2025-06-09 04:00:00,2025-06-09,3,0.0,0.10502917477076966,0.57137626,2.6130676,0
8,PN10,CH1,2025-06-09 05:00:00,2025-06-09,3,0.0,0.0002778549597110308,0.25648287,1.3290348,0
9,PN10,CH2,2025-06-09 05:00:00,2025-06-09,3,0.0,0.0847457627118644,1.4666864,4.682541,0
8,PN10,CH1,2025-06-09 06:00:00,2025-06-09,3,0.0,0.0002778549597110308,0.79265314,2.798029,0
9,PN10,CH2,2025-06-09 06:00:00,2025-06-09,3,0.0,0.10419560989163656,0.38391775,1.5830994,0
8,PN10,CH1,2025-06-09 07:00:00,2025-06-09,3,0.0,0.0013892747985551543,1.5897849,4.95784,0
9,PN10,CH2,2025-06-09 07:00:00,2025-06-09,3,0.0,0.08780216726868574,0.7691608,3.1471252,0
8,PN10,CH1,2025-06-09 08:00:00,2025-06-09,3,0.0,0.0002778549597110308,0.6941741,3.0868511,8
9,PN10,CH2,2025-06-09 08:00:00,2025-06-09,3,0.0,0.180050013892748,1.8002142,8.735657,11
8,PN10,CH1,2025-06-09 09:00:00,2025-06-09,3,0.0,0.0005557099194220616,1.2786689,4.57745,0
9,PN10,CH2,2025-06-09 09:00:00,2025-06-09,3,0.0,0.2631286468463462,1.2385886,4.415512,0
8,PN10,CH1,2025-06-09 10:00:00,2025-06-09,3,0.0,0.0002778549597110308,1.2957636,8.785984,0
9,PN10,CH2,2025-06-09 10:00:00,2025-06-09,3,0.0,0.18171714365101416,0.67413044,3.604889,1
8,PN10,CH1,2025-06-09 11:00:00,2025-06-09,3,0.0,0.0,4.7770925,19.327478,0
9,PN10,CH2,2025-06-09 11:00:00,2025-06-09,3,0.0,0.13086968602389554,1.2970569,5.1498413,2
8,PN10,CH1,2025-06-09 12:00:01,2025-06-09,3,0.0002777777777777778,0.0,3.7776313,15.863737,0
9,PN10,CH2,2025-06-09 12:00:01,2025-06-09,3,0.0002777777777777778,0.11392053348152265,0.9847657,7.5149536,92
8,PN10,CH1,2025-06-09 13:00:00,2025-06-09,3,0.0,0.0002778549597110308,1.506322,6.66123,0
9,PN10,CH2,2025-06-09 13:00:00,2025-06-09,3,0.0,0.08780216726868574,0.9454615,4.6920776,10
8,PN10,CH1,2025-06-09 14:00:00,2025-06-09,3,0.0,0.0005557099194220616,5.731216,25.018974,0
9,PN10,CH2,2025-06-09 14:00:00,2025-06-09,3,0.0,0.08224506807446513,0.5585971,3.414154,0
8,PN10,CH1,2025-06-09 15:00:00,2025-06-09,3,0.0,0.0002778549597110308,0.5538171,4.041828,0
9,PN10,CH2,2025-06-09 15:00:00,2025-06-09,3,0.0,0.07557654904140039,0.62152934,3.042221,0
8,PN10,CH1,2025-06-09 16:00:00,2025-06-09,3,0.0,0.0005557099194220616,0.4348891,3.0301132,0
9,PN10,CH2,2025-06-09 16:00:00,2025-06-09,3,0.0,0.07974437343706585,0.872233,3.7384033,2
8,PN10,CH1,2025-06-09 17:00:00,2025-06-09,3,0.0,0.0005557099194220616,0.6485282,3.3211336,0
9,PN10,CH2,2025-06-09 17:00:00,2025-06-09,3,0.0,0.14198388441233675,0.4202646,1.9073486,0
8,PN10,CH1,2025-06-09 18:00:00,2025-06-09,3,0.0,0.0,1.6552798,6.398261,0
9,PN10,CH2,2025-06-09 18:00:00,2025-06-09,3,0.0,0.12475687691025285,1.305006,7.162094,0
8,PN10,CH1,2025-06-09 19:00:00,2025-06-09,3,0.0,0.0002778549597110308,0.66821885,3.2015524,0
9,PN10,CH2,2025-06-09 19:00:00,2025-06-09,3,0.0,0.19588774659627675,4.1540294,14.11438,1
8,PN10,CH1,2025-06-09 20:00:00,2025-06-09,3,0.0,0.0,1.5066655,4.300289,0
9,PN10,CH2,2025-06-09 20:00:00,2025-06-09,3,0.0,0.2197832731314254,1.1740487,3.4618378,0
8,PN10,CH1,2025-06-09 21:00:00,2025-06-09,3,0.0,0.0005557099194220616,0.66533506,2.2560353,0
9,PN10,CH2,2025-06-09 21:00:00,2025-06-09,3,0.0,0.1414281744929147,0.69007057,2.450943,0
8,PN10,CH1,2025-06-09 22:00:00,2025-06-09,3,0.0,0.0002778549597110308,0.5194211,1.8274784,0
9,PN10,CH2,2025-06-09 22:00:00,2025-06-09,3,0.0,0.08724645734926369,1.4934807,4.673004,0
8,PN10,CH1,2025-06-09 23:00:00,2025-06-09,3,0.0,0.0002778549597110308,0.30443782,1.2275577,0
9,PN10,CH2,2025-06-09 23:00:00,2025-06-09,3,0.0,0.10502917477076966,0.44090065,1.6975403,0
8,PN10,CH1,2025-06-10 00:00:00,2025-06-10,3,0.0,0.0008335648791330926,0.17964013,0.88013744,0
9,PN10,CH2,2025-06-10 00:00:00,2025-06-10,3,0.0,0.11114198388441233,0.68393934,2.1362305,0
8,PN10,CH1,2025-06-10 01:00:00,2025-06-10,3,0.0,0.0005557099194220616,0.57607967,2.4341793,0
9,PN10,CH2,2025-06-10 01:00:00,2025-06-10,3,0.0,0.14726312864684635,0.09879899,0.5340576,0
8,PN10,CH1,2025-06-10 02:00:00,2025-06-10,3,0.0,0.0,0.37896195,1.4140463,0
9,PN10,CH2,2025-06-10 02:00:00,2025-06-10,3,0.0,0.2233953876076688,0.43506476,1.4305115,0
8,PN10,CH1,2025-06-10 03:00:00,2025-06-10,3,0.0,0.0002778549597110308,1.4573643,4.359185,0
9,PN10,CH2,2025-06-10 03:00:00,2025-06-10,3,0.0,0.17227007502083913,0.95807785,11.539459,53
8,PN10,CH1,2025-06-10 04:00:00,2025-06-10,3,0.0,0.0002778549597110308,0.3311994,1.4278288,0
9,PN10,CH2,2025-06-10 04:00:00,2025-06-10,3,0.0,0.07279799944429008,1.0049065,6.160736,10
8,PN10,CH1,2025-06-10 05:00:00,2025-06-10,3,0.0,0.0,3.1297758,9.517595,0
9,PN10,CH2,2025-06-10 05:00:00,2025-06-10,3,0.0,0.07724367879966658,0.68176633,5.5122375,14
8,PN10,CH1,2025-06-10 06:00:00,2025-06-10,3,0.0,0.0,1.7697605,5.490482,0
9,PN10,CH2,2025-06-10 06:00:00,2025-06-10,3,0.0,0.11308696860238955,1.2664069,13.170242,26
8,PN10,CH1,2025-06-10 07:00:00,2025-06-10,3,0.0,0.0005557099194220616,0.95282745,3.0554838,0
9,PN10,CH2,2025-06-10 07:00:00,2025-06-10,3,0.0,0.1397610447346485,0.66826206,5.79834,17
8,PN10,CH1,2025-06-10 08:00:00,2025-06-10,3,0.0,0.0,0.8214506,3.0792131,0
9,PN10,CH2,2025-06-10 08:00:00,2025-06-10,3,0.0,0.18727424284523478,1.5966496,6.8187714,20
8,PN10,CH1,2025-06-10 09:00:00,2025-06-10,3,0.0,0.0011114198388441233,0.61389005,3.4211578,0
9,PN10,CH2,2025-06-10 09:00:00,2025-06-10,3,0.0,0.08196721311475409,0.9377726,8.583069,96
8,PN10,CH1,2025-06-10 10:00:00,2025-06-10,3,0.0,0.0002778549597110308,0.9290242,3.6339455,0
9,PN10,CH2,2025-06-10 10:00:00,2025-06-10,3,0.0,0.02861906085023618,1.0735333,8.230209,87
8,PN10,CH1,2025-06-10 11:00:00,2025-06-10,3,0.0002777777777777778,0.0005557099194220616,2.7853365,14.060363,0
9,PN10,CH2,2025-06-10 11:00:00,2025-06-10,3,0.0002777777777777778,0.030841900527924425,0.7936191,5.054474,9
8,PN10,CH1,2025-06-10 12:00:00,2025-06-10,3,0.0,0.0,5.2484736,31.46503,57
9,PN10,CH2,2025-06-10 12:00:00,2025-06-10,3,0.0,0.03667685468185607,13.672712,166.41617,328
8,PN10,CH1,2025-06-10 13:00:00,2025-06-10,3,0.0,0.0,6.57104,26.414766,2
9,PN10,CH2,2025-06-10 13:00:00,2025-06-10,3,0.0,0.11836621283689913,19.639498,159.92165,250
8,PN10,CH1,2025-06-10 14:00:00,2025-06-10,3,0.0,0.0,5.9139333,25.333538,2
9,PN10,CH2,2025-06-10 14:00:00,2025-06-10,3,0.0,0.046957488191164215,4.3212934,34.46579,523
8,PN10,CH1,2025-06-10 15:00:00,2025-06-10,3,0.0,0.0002778549597110308,0.90073997,4.2214985,2
9,PN10,CH2,2025-06-10 15:00:00,2025-06-10,3,0.0,0.037788274520700195,6.286952,38.814545,566
8,PN10,CH1,2025-06-10 16:00:00,2025-06-10,3,0.0,0.0008335648791330926,0.53744006,2.993681,0
9,PN10,CH2,2025-06-10 16:00:00,2025-06-10,3,0.0,0.06279522089469297,1.4077445,8.420944,19
8,PN10,CH1,2025-06-10 17:00:00,2025-06-10,3,0.0,0.0002778549597110308,0.909875,3.567896,0
9,PN10,CH2,2025-06-10 17:00:00,2025-06-10,3,0.0,0.025284801333703807,2.9547222,27.503967,486
8,PN10,CH1,2025-06-10 18:00:00,2025-06-10,3,0.0,0.0005557099194220616,0.9076008,5.643181,5
9,PN10,CH2,2025-06-10 18:00:00,2025-06-10,3,0.0,0.010558488469019172,3.6569324,22.258759,1368
8,PN10,CH1,2025-06-10 19:00:00,2025-06-10,3,0.0,0.0,0.791197,3.7031994,1
9,PN10,CH2,2025-06-10 19:00:00,2025-06-10,3,0.0,0.025006946373992776,3.570772,16.527176,929
8,PN10,CH1,2025-06-10 20:00:00,2025-06-10,3,0.0,0.0008335648791330926,0.61408496,2.1589918,0
9,PN10,CH2,2025-06-10 20:00:00,2025-06-10,3,0.0,0.13114754098360656,0.8640422,3.0517578,0
8,PN10,CH1,2025-06-10 21:00:00,2025-06-10,3,0.0,0.0,0.8687276,3.3177805,0
9,PN10,CH2,2025-06-10 21:00:00,2025-06-10,3,0.0,0.09947207557654904,0.1933268,1.5735626,0
8,PN10,CH1,2025-06-10 22:00:00,2025-06-10,3,0.0,0.0008335648791330926,0.5898541,4.5473127,1
9,PN10,CH2,2025-06-10 22:00:00,2025-06-10,3,0.0,0.05251458738538483,1.5406262,26.464462,92
8,PN10,CH1,2025-06-10 23:00:00,2025-06-10,3,0.0002777777777777778,0.0002778549597110308,0.19811307,1.0791421,0
9,PN10,CH2,2025-06-10 23:00:00,2025-06-10,3,0.0002777777777777778,0.05307029730480689,3.20336,18.444061,133
8,PN10,CH1,2025-06-11 00:00:00,2025-06-11,3,0.0,0.0005557099194220616,0.60833097,5.3489957,3
9,PN10,CH2,2025-06-11 00:00:00,2025-06-11,3,0.0,0.025840511253125868,2.0831988,16.708374,278
8,PN10,CH1,2025-06-11 01:00:00,2025-06-11,3,0.0,0.0002778549597110308,0.91781163,3.2073627,0
9,PN10,CH2,2025-06-11 01:00:00,2025-06-11,3,0.0,0.07001944984717977,0.40383404,2.6988983,10
8,PN10,CH1,2025-06-11 02:00:00,2025-06-11,3,0.0,0.0,1.1081516,3.7188826,0
9,PN10,CH2,2025-06-11 02:00:00,2025-06-11,3,0.0,0.08363434287302028,0.6797279,3.490448,2
8,PN10,CH1,2025-06-11 03:00:00,2025-06-11,3,0.0,0.0002778549597110308,1.08047,8.765235,14
9,PN10,CH2,2025-06-11 03:00:00,2025-06-11,3,0.0,0.03028619060850236,2.3283517,18.644333,814
8,PN10,CH1,2025-06-11 04:00:00,2025-06-11,3,0.0,0.0002778549597110308,0.55559593,3.6287308,1
9,PN10,CH2,2025-06-11 04:00:00,2025-06-11,3,0.0,0.011114198388441235,1.3660548,8.354187,1206
8,PN10,CH1,2025-06-11 05:00:00,2025-06-11,3,0.0,0.0,2.0401986,6.372408,1
9,PN10,CH2,2025-06-11 05:00:00,2025-06-11,3,0.0,0.014448457904973604,0.7380551,5.1784515,465
8,PN10,CH1,2025-06-11 06:00:00,2025-06-11,3,0.0,0.0,1.541764,6.953926,14
9,PN10,CH2,2025-06-11 06:00:00,2025-06-11,3,0.0,0.008057793831619895,1.3000844,8.935928,1350
8,PN10,CH1,2025-06-11 07:00:00,2025-06-11,3,0.0,0.0002778549597110308,2.9953678,11.375175,21
9,PN10,CH2,2025-06-11 07:00:00,2025-06-11,3,0.0,0.012781328146707419,3.1413295,16.059875,1082
8,PN10,CH1,2025-06-11 08:00:00,2025-06-11,3,0.0,0.0011114198388441233,1.065536,4.964096,0
9,PN10,CH2,2025-06-11 08:00:00,2025-06-11,3,0.0,0.03362045012503473,2.3795903,11.196136,283
8,PN10,CH1,2025-06-11 09:00:00,2025-06-11,3,0.0,0.0002778549597110308,0.97738516,3.8073597,0
9,PN10,CH2,2025-06-11 09:00:00,2025-06-11,3,0.0,0.044178938594053904,1.5344845,30.031204,164
8,PN10,CH1,2025-06-11 10:00:00,2025-06-11,3,0.0,0.0002778549597110308,2.1826077,19.48159,61
9,PN10,CH2,2025-06-11 10:00:00,2025-06-11,3,0.0,0.01694915254237288,2.1594036,33.302307,266
8,PN10,CH1,2025-06-11 11:00:00,2025-06-11,3,0.0,0.0,1.7077171,11.330471,155
9,PN10,CH2,2025-06-11 11:00:00,2025-06-11,3,0.0,0.013059183106418449,9.653002,83.56094,1099
8,PN10,CH1,2025-06-11 12:00:01,2025-06-11,3,0.0002777777777777778,0.0,1.9370497,18.23388,243
9,PN10,CH2,2025-06-11 12:00:01,2025-06-11,3,0.0002777777777777778,0.005001389274798555,18.967506,111.78017,2376
8,PN10,CH1,2025-06-11 13:00:00,2025-06-11,3,0.0,0.0005557099194220616,1.9454948,11.630207,462
9,PN10,CH2,2025-06-11 13:00:00,2025-06-11,3,0.0,0.0022228396776882466,16.122993,103.97911,3108
8,PN10,CH1,2025-06-11 14:00:00,2025-06-11,3,0.0,0.0005557099194220616,4.482598,24.214685,353
9,PN10,CH2,2025-06-11 14:00:00,2025-06-11,3,0.0,0.008613503751041956,17.739609,104.25568,1951
8,PN10,CH1,2025-06-11 15:00:00,2025-06-11,3,0.0,0.0002778549597110308,1.9734691,9.824856,1
9,PN10,CH2,2025-06-11 15:00:00,2025-06-11,3,0.0,0.03223117532647958,3.2535567,21.49582,719
8,PN10,CH1,2025-06-11 16:00:00,2025-06-11,3,0.0,0.0005557099194220616,1.8116401,6.818883,3
9,PN10,CH2,2025-06-11 16:00:00,2025-06-11,3,0.0,0.0477910530702973,2.0143607,17.642975,379
8,PN10,CH1,2025-06-11 17:00:00,2025-06-11,3,0.0,0.0002778549597110308,0.9759776,3.867857,0
9,PN10,CH2,2025-06-11 17:00:00,2025-06-11,3,0.0,0.05696026674076132,2.4345088,15.678406,78
8,PN10,CH1,2025-06-11 18:00:00,2025-06-11,3,0.0,0.0005557099194220616,4.6521873,15.821307,4
9,PN10,CH2,2025-06-11 18:00:00,2025-06-11,3,0.0,0.058627396499027505,3.863048,23.403168,60
8,PN10,CH1,2025-06-11 19:00:00,2025-06-11,3,0.0,0.0008335648791330926,1.790743,10.985657,4
9,PN10,CH2,2025-06-11 19:00:00,2025-06-11,3,0.0,0.054459572103362046,6.1972704,27.809143,165
8,PN10,CH1,2025-06-11 20:00:00,2025-06-11,3,0.0,0.0008335648791330926,1.4804496,4.9702826,0
9,PN10,CH2,2025-06-11 20:00:00,2025-06-11,3,0.0,0.05001389274798555,1.0362911,18.882751,330
8,PN10,CH1,2025-06-11 21:00:00,2025-06-11,3,0.0,0.0005557099194220616,0.86568177,5.671978,1
9,PN10,CH2,2025-06-11 21:00:00,2025-06-11,3,0.0,0.04612392331203112,1.1949245,14.762878,590
8,PN10,CH1,2025-06-11 22:00:00,2025-06-11,3,0.0,0.0,0.71360624,2.9493494,0
9,PN10,CH2,2025-06-11 22:00:00,2025-06-11,3,0.0,0.06112809113642678,1.7157861,16.57486,292
8,PN10,CH1,2025-06-11 23:00:00,2025-06-11,3,0.0,0.0,0.57718813,2.6283407,0
9,PN10,CH2,2025-06-11 23:00:00,2025-06-11,3,0.0,0.10614059460961378,1.0901045,14.381409,101
8,PN10,CH1,2025-06-12 00:00:00,2025-06-12,3,0.0,0.0005557099194220616,0.19016796,1.0284033,0
9,PN10,CH2,2025-06-12 00:00:00,2025-06-12,3,0.0,0.0791886635176438,0.80387616,13.856888,379
8,PN10,CH1,2025-06-12 01:00:00,2025-06-12,3,0.0,0.0002778549597110308,0.16110675,0.9933119,0
9,PN10,CH2,2025-06-12 01:00:00,2025-06-12,3,0.0,0.08669074742984162,0.5359152,11.997223,169
8,PN10,CH1,2025-06-12 02:00:00,2025-06-12,3,0.0,0.0002778549597110308,0.5072173,4.3882804,1
9,PN10,CH2,2025-06-12 02:00:00,2025-06-12,3,0.0,0.04390108363434287,0.9747907,15.163422,603
8,PN10,CH1,2025-06-12 03:00:00,2025-06-12,3,0.0,0.0002778549597110308,0.25749245,2.1961336,0
9,PN10,CH2,2025-06-12 03:00:00,2025-06-12,3,0.0,0.017504862461794942,1.1640695,26.845932,833
8,PN10,CH1,2025-06-12 04:00:00,2025-06-12,3,0.0,0.0002778549597110308,0.8105503,2.6860838,0
9,PN10,CH2,2025-06-12 04:00:00,2025-06-12,3,0.0,0.025006946373992776,0.9780706,18.615723,952
8,PN10,CH1,2025-06-12 05:00:00,2025-06-12,3,0.0,0.0,0.8793435,5.7724867,1
9,PN10,CH2,2025-06-12 05:00:00,2025-06-12,3,0.0,0.04918032786885246,0.7514395,12.102127,301
8,PN10,CH1,2025-06-12 06:00:00,2025-06-12,3,0.0,0.0,0.48299995,2.468154,0
9,PN10,CH2,2025-06-12 06:00:00,2025-06-12,3,0.0,0.06557377049180328,0.8979287,13.341904,300
8,PN10,CH1,2025-06-12 07:00:00,2025-06-12,3,0.0,0.0,2.4847353,8.615666,0
9,PN10,CH2,2025-06-12 07:00:00,2025-06-12,3,0.0,0.11308696860238955,3.0287883,15.7260895,73
8,PN10,CH1,2025-06-12 08:00:00,2025-06-12,3,0.0,0.0,0.41718498,1.9888592,0
9,PN10,CH2,2025-06-12 08:00:00,2025-06-12,3,0.0,0.08363434287302028,1.0907501,13.198853,97
8,PN10,CH1,2025-06-12 09:00:00,2025-06-12,3,0.0,0.0002778549597110308,0.3129419,2.3405628,0
9,PN10,CH2,2025-06-12 09:00:00,2025-06-12,3,0.0,0.0675187552097805,0.986397,14.009476,137
8,PN10,CH1,2025-06-12 10:00:00,2025-06-12,3,0.0,0.0002778549597110308,0.59216434,2.9571362,0
9,PN10,CH2,2025-06-12 10:00:00,2025-06-12,3,0.0,0.06946373992775771,1.1773105,19.874573,248
8,PN10,CH1,2025-06-12 11:00:00,2025-06-12,3,0.0,0.0,0.54180294,3.5162258,1
9,PN10,CH2,2025-06-12 11:00:00,2025-06-12,3,0.0,0.03945540427896638,0.7819062,13.284683,53
8,PN10,CH1,2025-06-12 12:00:01,2025-06-12,3,0.0002777777777777778,0.0,0.7407524,5.301237,1
9,PN10,CH2,2025-06-12 12:00:01,2025-06-12,3,0.0002777777777777778,0.03751041956098916,1.1038976,10.738373,102
8,PN10,CH1,2025-06-12 13:00:00,2025-06-12,3,0.0,0.0005557099194220616,0.7118799,3.9176636,7
9,PN10,CH2,2025-06-12 13:00:00,2025-06-12,3,0.0,0.0486246179494304,0.60257685,11.940002,30
8,PN10,CH1,2025-06-12 14:00:00,2025-06-12,3,0.0,0.0008335648791330926,2.6603963,24.151505,28
9,PN10,CH2,2025-06-12 14:00:00,2025-06-12,3,0.0,0.06112809113642678,7.107025,119.67659,337
8,PN10,CH1,2025-06-12 15:00:00,2025-06-12,3,0.0,0.0002778549597110308,2.733563,14.917999,8
9,PN10,CH2,2025-06-12 15:00:00,2025-06-12,3,0.0,0.14170602945262573,0.61159337,11.339188,98
8,PN10,CH1,2025-06-12 16:00:00,2025-06-12,3,0.0,0.0002778549597110308,1.3987844,6.2502174,0
9,PN10,CH2,2025-06-12 16:00:00,2025-06-12,3,0.0,0.14698527368713532,2.3835738,12.06398,115
8,PN10,CH1,2025-06-12 17:00:00,2025-06-12,3,0.0,0.0008335648791330926,0.5894794,3.188774,0
9,PN10,CH2,2025-06-12 17:00:00,2025-06-12,3,0.0,0.1503195332036677,2.2214506,10.890961,32
8,PN10,CH1,2025-06-12 18:00:00,2025-06-12,3,0.0,0.0002778549597110308,3.181435,10.233559,5
9,PN10,CH2,2025-06-12 18:00:00,2025-06-12,3,0.0,0.12892470130591832,2.2319732,18.568039,83
8,PN10,CH1,2025-06-12 19:00:00,2025-06-12,3,0.0,0.0,2.4883275,8.727685,2
9,PN10,CH2,2025-06-12 19:00:00,2025-06-12,3,0.0,0.08168935815504307,5.8401046,24.471283,192
8,PN10,CH1,2025-06-12 20:00:00,2025-06-12,3,0.0,0.0,0.4739061,3.0492249,1
9,PN10,CH2,2025-06-12 20:00:00,2025-06-12,3,0.0,0.07335370936371215,1.1032298,14.858246,242
8,PN10,CH1,2025-06-12 21:00:00,2025-06-12,3,0.0,0.0011114198388441233,0.54438066,2.6286774,0
9,PN10,CH2,2025-06-12 21:00:00,2025-06-12,3,0.0,0.10475131981105863,1.2996843,15.621185,112
8,PN10,CH1,2025-06-12 22:00:00,2025-06-12,3,0.0,0.0005557099194220616,1.0586133,3.5054226,0
9,PN10,CH2,2025-06-12 22:00:00,2025-06-12,3,0.0,0.07418727424284524,0.7619568,19.58847,157
8,PN10,CH1,2025-06-12 23:00:00,2025-06-12,3,0.0002777777777777778,0.0002778549597110308,0.7954088,3.4318867,0
9,PN10,CH2,2025-06-12 23:00:00,2025-06-12,3,0.0002777777777777778,0.04556821339260906,0.6307324,14.333725,217
8,PN10,CH1,2025-06-13 00:00:00,2025-06-13,3,0.0,0.0,0.705508,2.8311462,0
9,PN10,CH2,2025-06-13 00:00:00,2025-06-13,3,0.0,0.03584328980272298,0.9406043,23.870468,299
8,PN10,CH1,2025-06-13 01:00:00,2025-06-13,3,0.0,0.0,2.1147025,10.337309,2
9,PN10,CH2,2025-06-13 01:00:00,2025-06-13,3,0.0,0.03945540427896638,1.0514578,25.701523,353
8,PN10,CH1,2025-06-13 02:00:00,2025-06-13,3,0.0,0.0,1.5408589,5.689375,0
9,PN10,CH2,2025-06-13 02:00:00,2025-06-13,3,0.0,0.027785495971103084,1.0895287,19.454956,593
8,PN10,CH1,2025-06-13 03:00:00,2025-06-13,3,0.0,0.0,0.42606527,2.0550175,3
9,PN10,CH2,2025-06-13 03:00:00,2025-06-13,3,0.0,0.030841900527924425,1.1207637,16.269684,610
8,PN10,CH1,2025-06-13 04:00:00,2025-06-13,3,0.0,0.0,1.1558664,4.416704,0
9,PN10,CH2,2025-06-13 04:00:00,2025-06-13,3,0.0,0.04390108363434287,0.8713409,11.367798,428
8,PN10,CH1,2025-06-13 05:00:00,2025-06-13,3,0.0,0.0002778549597110308,0.84308237,2.9645119,0
9,PN10,CH2,2025-06-13 05:00:00,2025-06-13,3,0.0,0.05640455682133926,0.6114259,14.877319,79
8,PN10,CH1,2025-06-13 06:00:00,2025-06-13,3,0.0,0.0005557099194220616,0.33563885,1.4917946,0
9,PN10,CH2,2025-06-13 06:00:00,2025-06-13,3,0.0,0.041956098916365654,0.6464825,14.190674,277
8,PN10,CH1,2025-06-13 07:00:00,2025-06-13,3,0.0,0.0002778549597110308,1.1476974,4.15176,0
9,PN10,CH2,2025-06-13 07:00:00,2025-06-13,3,0.0,0.09252570158377327,0.6910325,7.429123,23
8,PN10,CH1,2025-06-13 08:00:00,2025-06-13,3,0.0,0.0002778549597110308,0.71720004,2.586544,0
9,PN10,CH2,2025-06-13 08:00:00,2025-06-13,3,0.0,0.08946929702695193,2.4164162,7.9727173,9
8,PN10,CH1,2025-06-13 09:00:00,2025-06-13,3,0.0,0.0002778549597110308,1.0438755,4.791954,0
9,PN10,CH2,2025-06-13 09:00:00,2025-06-13,3,0.0,0.06112809113642678,0.2641663,1.4877319,0
8,PN10,CH1,2025-06-13 10:00:00,2025-06-13,3,0.0,0.0002778549597110308,1.0205356,4.926546,0
9,PN10,CH2,2025-06-13 10:00:00,2025-06-13,3,0.0,0.050569602667407614,1.187041,14.810562,74
8,PN10,CH1,2025-06-13 11:00:00,2025-06-13,3,0.0002777777777777778,0.0002778549597110308,1.1671835,4.795269,0
9,PN10,CH2,2025-06-13 11:00:00,2025-06-13,3,0.0002777777777777778,0.04028896915809947,1.0814145,34.484863,46
8,PN10,CH1,2025-06-13 12:00:00,2025-06-13,3,0.0,0.0,1.0730432,5.495846,1
9,PN10,CH2,2025-06-13 12:00:00,2025-06-13,3,0.0,0.02917477076965824,1.0080913,5.159378,0
8,PN10,CH1,2025-06-13 13:00:00,2025-06-13,3,0.0,0.0,1.6161503,11.552498,48
9,PN10,CH2,2025-06-13 13:00:00,2025-06-13,3,0.0,0.05279244234509586,1.178956,46.26274,117
8,PN10,CH1,2025-06-13 14:00:00,2025-06-13,3,0.0,0.0,1.3309036,5.520546,0
9,PN10,CH2,2025-06-13 14:00:00,2025-06-13,3,0.0,0.16254515143095305,2.2336009,7.839203,0
8,PN10,CH1,2025-06-13 15:00:00,2025-06-13,3,0.0,0.0005557099194220616,0.9538443,6.380043,0
9,PN10,CH2,2025-06-13 15:00:00,2025-06-13,3,0.0,0.16976938038343983,2.1178772,8.0013275,0
8,PN10,CH1,2025-06-13 16:00:00,2025-06-13,3,0.0,0.0,0.4571311,2.782978,0
9,PN10,CH2,2025-06-13 16:00:00,2025-06-13,3,0.0,0.13837176993609335,2.0515301,6.980896,0
8,PN10,CH1,2025-06-13 17:00:00,2025-06-13,3,0.0,0.0,0.70503813,2.795681,0
9,PN10,CH2,2025-06-13 17:00:00,2025-06-13,3,0.0,0.2028341205890525,1.3155216,4.4059753,0
8,PN10,CH1,2025-06-13 18:00:00,2025-06-13,3,0.0,0.0002778549597110308,3.261931,11.397451,5
9,PN10,CH2,2025-06-13 18:00:00,2025-06-13,3,0.0,0.16560155598777437,2.425911,8.535385,0
8,PN10,CH1,2025-06-13 19:00:00,2025-06-13,3,0.0,0.0,2.1957295,7.495508,0
9,PN10,CH2,2025-06-13 19:00:00,2025-06-13,3,0.0,0.08141150319533204,2.2941308,8.010864,0
8,PN10,CH1,2025-06-13 20:00:00,2025-06-13,3,0.0,0.0,0.9715043,5.5773544,0
9,PN10,CH2,2025-06-13 20:00:00,2025-06-13,3,0.0,0.05612670186162823,0.4441974,2.002716,0
8,PN10,CH1,2025-06-13 21:00:00,2025-06-13,3,0.0,0.0002778549597110308,1.4671153,4.954262,0
9,PN10,CH2,2025-06-13 21:00:00,2025-06-13,3,0.0,0.06474020561267019,1.1407194,3.9672852,0
8,PN10,CH1,2025-06-13 22:00:00,2025-06-13,3,0.0,0.0002778549597110308,0.5794686,2.2130089,0
9,PN10,CH2,2025-06-13 22:00:00,2025-06-13,3,0.0,0.08752431230897471,0.28596732,1.2016296,0
8,PN10,CH1,2025-06-13 23:00:00,2025-06-13,3,0.0002777777777777778,0.0005557099194220616,0.6284106,2.5960064,0
9,PN10,CH2,2025-06-13 23:00:00,2025-06-13,3,0.0002777777777777778,0.05696026674076132,0.33095613,1.6021729,0
8,PN10,CH1,2025-06-14 00:00:00,2025-06-14,3,0.0,0.0,0.6508317,2.6366863,0
9,PN10,CH2,2025-06-14 00:00:00,2025-06-14,3,0.0,0.03528757988330092,0.14157288,0.667572,0
8,PN10,CH1,2025-06-14 01:00:00,2025-06-14,3,0.0,0.0002778549597110308,2.040549,5.732254,0
9,PN10,CH2,2025-06-14 01:00:00,2025-06-14,3,0.0,0.03917754931925535,0.69830483,12.664795,255
8,PN10,CH1,2025-06-14 02:00:00,2025-06-14,3,0.0,0.0,1.5042424,5.9283504,0
9,PN10,CH2,2025-06-14 02:00:00,2025-06-14,3,0.0,0.04723534315087524,0.81529677,14.801025,193
8,PN10,CH1,2025-06-14 03:00:00,2025-06-14,3,0.0,0.0002778549597110308,0.90134495,4.210993,2
9,PN10,CH2,2025-06-14 03:00:00,2025-06-14,3,0.0,0.05279244234509586,0.65211636,13.67569,272
8,PN10,CH1,2025-06-14 04:00:00,2025-06-14,3,0.0,0.0,0.63617426,2.6574745,2
9,PN10,CH2,2025-06-14 04:00:00,2025-06-14,3,0.0,0.027507641011392053,2.286893,13.313293,438
8,PN10,CH1,2025-06-14 05:00:00,2025-06-14,3,0.0,0.0,0.48066306,2.1039696,0
9,PN10,CH2,2025-06-14 05:00:00,2025-06-14,3,0.0,0.028063350930814114,0.7894044,9.975433,354
8,PN10,CH1,2025-06-14 06:00:00,2025-06-14,3,0.0,0.0002778549597110308,0.8923297,3.3275757,0
9,PN10,CH2,2025-06-14 06:00:00,2025-06-14,3,0.0,0.06501806057238121,0.49368703,6.084442,69
8,PN10,CH1,2025-06-14 07:00:00,2025-06-14,3,0.0,0.0002778549597110308,0.54913133,2.6931953,0
9,PN10,CH2,2025-06-14 07:00:00,2025-06-14,3,0.0,0.08669074742984162,0.15173425,0.91552734,0
8,PN10,CH1,2025-06-14 08:00:00,2025-06-14,3,0.0,0.0005557099194220616,1.796623,8.158237,0
9,PN10,CH2,2025-06-14 08:00:00,2025-06-14,3,0.0,0.09141428174492915,0.9954099,4.167557,0
8,PN10,CH1,2025-06-14 09:00:00,2025-06-14,3,0.0,0.0,0.48981088,2.3201485,0
9,PN10,CH2,2025-06-14 09:00:00,2025-06-14,3,0.0,0.08946929702695193,1.2751102,5.083084,0
8,PN10,CH1,2025-06-14 10:00:00,2025-06-14,3,0.0,0.0,0.5757976,3.0346222,1
9,PN10,CH2,2025-06-14 10:00:00,2025-06-14,3,0.0,0.03862183939983329,0.51653683,11.730194,27
8,PN10,CH1,2025-06-14 11:00:00,2025-06-14,3,0.0,0.0002778549597110308,1.2011871,6.065632,1
9,PN10,CH2,2025-06-14 11:00:00,2025-06-14,3,0.0,0.03806612948041123,1.1920097,4.7302246,0
8,PN10,CH1,2025-06-14 12:00:00,2025-06-14,3,0.0,0.0,1.5090885,6.3240147,0
9,PN10,CH2,2025-06-14 12:00:00,2025-06-14,3,0.0,0.035009724923589884,0.6661787,4.224777,1
8,PN10,CH1,2025-06-14 13:00:00,2025-06-14,3,0.0,0.0002778549597110308,0.8513582,5.7051716,2
9,PN10,CH2,2025-06-14 13:00:00,2025-06-14,3,0.0,0.04223395387607669,0.646533,5.1784515,2
8,PN10,CH1,2025-06-14 14:00:00,2025-06-14,3,0.0,0.0,0.9871096,6.820671,10
9,PN10,CH2,2025-06-14 14:00:00,2025-06-14,3,0.0,0.06057238121700472,1.6233907,49.648285,19
8,PN10,CH1,2025-06-14 15:00:00,2025-06-14,3,0.0,0.0005557099194220616,8.258072,28.273054,0
9,PN10,CH2,2025-06-14 15:00:00,2025-06-14,3,0.0,0.07863295359822173,1.3466065,5.378723,0
8,PN10,CH1,2025-06-14 16:00:00,2025-06-14,3,0.0,0.0002778549597110308,1.7590381,7.3346863,0
9,PN10,CH2,2025-06-14 16:00:00,2025-06-14,3,0.0,0.06696304529035843,0.90191144,3.5381317,0
8,PN10,CH1,2025-06-14 17:00:00,2025-06-14,3,0.0,0.0,0.5270024,2.6410065,0
9,PN10,CH2,2025-06-14 17:00:00,2025-06-14,3,0.0,0.060850236176715755,0.92479014,3.8146973,0
8,PN10,CH1,2025-06-14 18:00:00,2025-06-14,3,0.0,0.0008335648791330926,3.3096495,10.298265,6
9,PN10,CH2,2025-06-14 18:00:00,2025-06-14,3,0.0,0.0594609613781606,0.9223751,4.1389465,0
8,PN10,CH1,2025-06-14 19:00:00,2025-06-14,3,0.0,0.0002778549597110308,1.485202,6.8815804,1
9,PN10,CH2,2025-06-14 19:00:00,2025-06-14,3,0.0,0.04278966379549875,2.997059,9.279251,0
8,PN10,CH1,2025-06-14 20:00:00,2025-06-14,3,0.0,0.0005557099194220616,0.47511548,2.0288677,0
9,PN10,CH2,2025-06-14 20:00:00,2025-06-14,3,0.0,0.03000833564879133,1.3019701,4.9972534,0
8,PN10,CH1,2025-06-14 21:00:00,2025-06-14,3,0.0,0.0002778549597110308,0.3529749,1.4733887,0
9,PN10,CH2,2025-06-14 21:00:00,2025-06-14,3,0.0,0.031397610447346486,0.4497735,2.2220612,0
8,PN10,CH1,2025-06-14 22:00:00,2025-06-14,3,0.0,0.0005557099194220616,1.3381376,4.491583,0
9,PN10,CH2,2025-06-14 22:00:00,2025-06-14,3,0.0,0.06418449569324812,1.8867282,6.23703,0
8,PN10,CH1,2025-06-14 23:00:00,2025-06-14,3,0.0,0.0008335648791330926,1.3997538,4.6683846,0
9,PN10,CH2,2025-06-14 23:00:00,2025-06-14,3,0.0,0.06612948041122534,0.2409232,1.2779236,0
8,PN10,CH1,2025-06-15 00:00:00,2025-06-15,3,0.0,0.0008335648791330926,0.97019726,3.5512447,0
9,PN10,CH2,2025-06-15 00:00:00,2025-06-15,3,0.0,0.07974437343706585,0.22210704,0.9536743,0
8,PN10,CH1,2025-06-15 01:00:00,2025-06-15,3,0.0,0.0002778549597110308,4.754637,14.431662,0
9,PN10,CH2,2025-06-15 01:00:00,2025-06-15,3,0.0,0.028341205890525144,0.1993832,1.6593933,0
8,PN10,CH1,2025-06-15 02:00:00,2025-06-15,3,0.0,0.0002778549597110308,2.5709155,10.373369,0
9,PN10,CH2,2025-06-15 02:00:00,2025-06-15,3,0.0,0.02333981661572659,0.5388281,2.231598,0
8,PN10,CH1,2025-06-15 03:00:00,2025-06-15,3,0.0,0.0002778549597110308,0.7039887,2.557785,0
9,PN10,CH2,2025-06-15 03:00:00,2025-06-15,3,0.0,0.02222839677688247,0.23551986,1.2779236,0
8,PN10,CH1,2025-06-15 04:00:00,2025-06-15,3,0.0,0.0,0.8869362,5.967842,0
9,PN10,CH2,2025-06-15 04:00:00,2025-06-15,3,0.0,0.021116976938038344,0.24308088,1.2397766,0
8,PN10,CH1,2025-06-15 05:00:00,2025-06-15,3,0.0,0.0,0.55303985,3.7119179,0
9,PN10,CH2,2025-06-15 05:00:00,2025-06-15,3,0.0,0.028341205890525144,1.3212223,9.479523,5
8,PN10,CH1,2025-06-15 06:00:00,2025-06-15,3,0.0,0.0,0.32173356,1.585186,0
9,PN10,CH2,2025-06-15 06:00:00,2025-06-15,3,0.0,0.04362322867463184,0.4598658,1.6593933,0
8,PN10,CH1,2025-06-15 07:00:00,2025-06-15,3,0.0,0.0,1.2893236,4.9193954,0
9,PN10,CH2,2025-06-15 07:00:00,2025-06-15,3,0.0,0.05195887746596277,0.5738504,2.565384,0
8,PN10,CH1,2025-06-15 08:00:00,2025-06-15,3,0.0,0.0,2.1966186,13.18425,0
9,PN10,CH2,2025-06-15 08:00:00,2025-06-15,3,0.0,0.052236732425673796,0.39121297,2.784729,0
8,PN10,CH1,2025-06-15 09:00:00,2025-06-15,3,0.0,0.0002778549597110308,3.6064792,17.168375,0
9,PN10,CH2,2025-06-15 09:00:00,2025-06-15,3,0.0,0.04973603778827452,0.5104989,2.6512146,0
8,PN10,CH1,2025-06-15 10:00:00,2025-06-15,3,0.0,0.0,0.47990462,2.5742874,0
9,PN10,CH2,2025-06-15 10:00:00,2025-06-15,3,0.0,0.027507641011392053,1.3343991,5.1403046,0
8,PN10,CH1,2025-06-15 11:00:00,2025-06-15,3,0.0,0.0008335648791330926,1.1040435,4.102028,0
9,PN10,CH2,2025-06-15 11:00:00,2025-06-15,3,0.0,0.052236732425673796,0.8739882,3.5095215,0
8,PN10,CH1,2025-06-15 12:00:01,2025-06-15,3,0.0002777777777777778,0.0002778549597110308,1.888232,8.307175,0
9,PN10,CH2,2025-06-15 12:00:01,2025-06-15,3,0.0002777777777777778,0.03056404556821339,0.725065,3.9958954,0
8,PN10,CH1,2025-06-15 13:00:00,2025-06-15,3,0.0,0.0,1.8918004,33.489243,31
9,PN10,CH2,2025-06-15 13:00:00,2025-06-15,3,0.0,0.027785495971103084,1.3665413,16.098022,62
8,PN10,CH1,2025-06-15 14:00:00,2025-06-15,3,0.0,0.0002778549597110308,2.8600042,13.458431,0
9,PN10,CH2,2025-06-15 14:00:00,2025-06-15,3,0.0,0.04806890803000834,0.90543693,12.493134,8
8,PN10,CH1,2025-06-15 15:00:00,2025-06-15,3,0.0,0.0,0.51459324,3.085062,1
9,PN10,CH2,2025-06-15 15:00:00,2025-06-15,3,0.0,0.063073075854404,0.25353009,1.4305115,0
8,PN10,CH1,2025-06-15 16:00:00,2025-06-15,3,0.0,0.0002778549597110308,0.44743577,2.823845,0
9,PN10,CH2,2025-06-15 16:00:00,2025-06-15,3,0.0,0.053348152264517924,0.88151264,3.862381,0
8,PN10,CH1,2025-06-15 17:00:00,2025-06-15,3,0.0,0.0002778549597110308,3.7475865,13.77739,12
9,PN10,CH2,2025-06-15 17:00:00,2025-06-15,3,0.0,0.0477910530702973,4.1306877,14.877319,0
8,PN10,CH1,2025-06-15 18:00:00,2025-06-15,3,0.0,0.0,1.313556,4.377552,0
9,PN10,CH2,2025-06-15 18:00:00,2025-06-15,3,0.0,0.050569602667407614,1.385516,4.4059753,0
8,PN10,CH1,2025-06-15 19:00:00,2025-06-15,3,0.0,0.0002778549597110308,1.5691094,4.997402,0
9,PN10,CH2,2025-06-15 19:00:00,2025-06-15,3,0.0,0.06251736593498194,0.52619255,2.3651123,0
8,PN10,CH1,2025-06-15 20:00:00,2025-06-15,3,0.0,0.0,20.535929,51.54014,7
9,PN10,CH2,2025-06-15 20:00:00,2025-06-15,3,0.0,0.05473742706307307,0.29863584,1.2969971,0
8,PN10,CH1,2025-06-15 21:00:00,2025-06-15,3,0.0,0.0,10.299985,38.726105,0
9,PN10,CH2,2025-06-15 21:00:00,2025-06-15,3,0.0,0.03445401500416782,0.9985658,3.0708313,0
8,PN10,CH1,2025-06-15 22:00:00,2025-06-15,3,0.0,0.0,0.8418194,3.9525318,0
9,PN10,CH2,2025-06-15 22:00:00,2025-06-15,3,0.0,0.02000555709919422,0.8786009,3.528595,8
8,PN10,CH1,2025-06-15 23:00:00,2025-06-15,3,0.0,0.0005557099194220616,0.2472998,1.2290478,0
9,PN10,CH2,2025-06-15 23:00:00,2025-06-15,3,0.0,0.025840511253125868,0.84046066,3.786087,46
8,PN10,CH1,2025-06-16 00:00:00,2025-06-16,3,0.0,0.0005557099194220616,0.5213989,2.8830776,2
9,PN10,CH2,2025-06-16 00:00:00,2025-06-16,3,0.0,0.03056404556821339,0.60970026,3.9100647,7
8,PN10,CH1,2025-06-16 01:00:00,2025-06-16,3,0.0,0.0,0.7480323,2.829731,0
9,PN10,CH2,2025-06-16 01:00:00,2025-06-16,3,0.0,0.034176160044456796,0.5406458,3.8528442,10
8,PN10,CH1,2025-06-16 02:00:00,2025-06-16,3,0.0,0.0,0.9663601,3.3219929,0
9,PN10,CH2,2025-06-16 02:00:00,2025-06-16,3,0.0,0.03445401500416782,0.41156048,4.2533875,21
8,PN10,CH1,2025-06-16 03:00:00,2025-06-16,3,0.0,0.0,2.3103752,10.385363,1
9,PN10,CH2,2025-06-16 03:00:00,2025-06-16,3,0.0,0.03862183939983329,0.6224585,6.3991547,35
8,PN10,CH1,2025-06-16 04:00:00,2025-06-16,3,0.0,0.0,0.7136489,3.0712776,0
9,PN10,CH2,2025-06-16 04:00:00,2025-06-16,3,0.0,0.03584328980272298,0.25751472,2.4986267,18
8,PN10,CH1,2025-06-16 05:00:00,2025-06-16,3,0.0,0.0,0.32350615,1.4995804,0
9,PN10,CH2,2025-06-16 05:00:00,2025-06-16,3,0.0,0.03056404556821339,0.43210992,1.8882751,0
8,PN10,CH1,2025-06-16 06:00:00,2025-06-16,3,0.0,0.0,1.6945347,13.487709,9
9,PN10,CH2,2025-06-16 06:00:00,2025-06-16,3,0.0,0.044178938594053904,0.5830939,2.193451,0
8,PN10,CH1,2025-06-16 07:00:00,2025-06-16,3,0.0,0.0002778549597110308,6.3904233,25.873705,0
9,PN10,CH2,2025-06-16 07:00:00,2025-06-16,3,0.0,0.04084467907752153,0.28922164,1.4305115,0
8,PN10,CH1,2025-06-16 08:00:00,2025-06-16,3,0.0,0.0002778549597110308,1.3802146,6.2619896,0
9,PN10,CH2,2025-06-16 08:00:00,2025-06-16,3,0.0,0.05307029730480689,0.973434,3.8146973,0
8,PN10,CH1,2025-06-16 09:00:00,2025-06-16,3,0.0,0.0002778549597110308,0.5533112,3.4410877,0
9,PN10,CH2,2025-06-16 09:00:00,2025-06-16,3,0.0,0.059183106418449566,0.49368,1.821518,0
8,PN10,CH1,2025-06-16 10:00:00,2025-06-16,3,0.0,0.0002778549597110308,1.0802041,4.0260696,0
9,PN10,CH2,2025-06-16 10:00:00,2025-06-16,3,0.0,0.06279522089469297,0.5302486,2.040863,0
8,PN10,CH1,2025-06-16 11:00:00,2025-06-16,3,0.0,0.0,7.884581,34.918972,16
9,PN10,CH2,2025-06-16 11:00:00,2025-06-16,3,0.0,0.09085857182550708,1.2500497,5.054474,4
8,PN10,CH1,2025-06-16 12:00:01,2025-06-16,3,0.0002777777777777778,0.0002778549597110308,1.3233277,5.787985,0
9,PN10,CH2,2025-06-16 12:00:01,2025-06-16,3,0.0002777777777777778,0.07168657960544596,1.6367717,5.7792664,0
8,PN10,CH1,2025-06-16 13:00:00,2025-06-16,3,0.0,0.0,2.5738366,8.880198,0
9,PN10,CH2,2025-06-16 13:00:00,2025-06-16,3,0.0,0.037788274520700195,0.65480053,3.7765503,0
8,PN10,CH1,2025-06-16 14:00:00,2025-06-16,3,0.0,0.0002778549597110308,1.9280105,8.208229,1
9,PN10,CH2,2025-06-16 14:00:00,2025-06-16,3,0.0,0.03000833564879133,2.397259,8.239746,0
8,PN10,CH1,2025-06-16 15:00:00,2025-06-16,3,0.0,0.0005557099194220616,1.4940951,8.110552,0
9,PN10,CH2,2025-06-16 15:00:00,2025-06-16,3,0.0,0.03862183939983329,1.0657827,4.272461,0
8,PN10,CH1,2025-06-16 16:00:00,2025-06-16,3,0.0,0.0005557099194220616,0.49582568,3.0154743,0
9,PN10,CH2,2025-06-16 16:00:00,2025-06-16,3,0.0,0.050569602667407614,0.56844,2.670288,0
8,PN10,CH1,2025-06-16 17:00:00,2025-06-16,3,0.0,0.0002778549597110308,1.1069658,6.607361,3
9,PN10,CH2,2025-06-16 17:00:00,2025-06-16,3,0.0,0.04001111419838844,1.8642405,5.8174133,0
8,PN10,CH1,2025-06-16 18:00:00,2025-06-16,3,0.0,0.0008335648791330926,2.320443,9.7696495,2
9,PN10,CH2,2025-06-16 18:00:00,2025-06-16,3,0.0,0.04306751875520978,1.8995005,7.4768066,0
8,PN10,CH1,2025-06-16 19:00:00,2025-06-16,3,0.0,0.0002778549597110308,2.3675656,7.8510113,0
9,PN10,CH2,2025-06-16 19:00:00,2025-06-16,3,0.0,0.06640733537093638,3.9974787,11.329651,0
8,PN10,CH1,2025-06-16 20:00:00,2025-06-16,3,0.0,0.0,0.29869696,1.2458858,0
9,PN10,CH2,2025-06-16 20:00:00,2025-06-16,3,0.0,0.07363156432342317,1.7586569,5.722046,0
8,PN10,CH1,2025-06-16 21:00:00,2025-06-16,3,0.0,0.0,0.55396545,2.7727337,0
9,PN10,CH2,2025-06-16 21:00:00,2025-06-16,3,0.0,0.06585162545151431,0.7914915,2.937317,0
8,PN10,CH1,2025-06-16 22:00:00,2025-06-16,3,0.0,0.0,0.85007966,2.8927994,0
9,PN10,CH2,2025-06-16 22:00:00,2025-06-16,3,0.0,0.028063350930814114,0.7341958,2.6893616,0
8,PN10,CH1,2025-06-16 23:00:00,2025-06-16,3,0.0,0.0,0.21347845,1.078846,0
9,PN10,CH2,2025-06-16 23:00:00,2025-06-16,3,0.0,0.03167546540705751,0.97184116,3.5095215,0
8,PN10,CH1,2025-06-17 00:00:00,2025-06-17,3,0.0,0.0,0.34333208,1.5315399,0
9,PN10,CH2,2025-06-17 00:00:00,2025-06-17,3,0.0,0.04001111419838844,0.20669815,1.2588501,0
8,PN10,CH1,2025-06-17 01:00:00,2025-06-17,3,0.0,0.0,0.28217548,1.2297173,0
9,PN10,CH2,2025-06-17 01:00:00,2025-06-17,3,0.0,0.04001111419838844,0.35722426,1.3160706,0
8,PN10,CH1,2025-06-17 02:00:00,2025-06-17,3,0.0,0.0002778549597110308,0.8078598,3.6545105,0
9,PN10,CH2,2025-06-17 02:00:00,2025-06-17,3,0.0,0.041956098916365654,0.13636443,0.64849854,0
8,PN10,CH1,2025-06-17 03:00:00,2025-06-17,3,0.0,0.0,0.5859065,3.2385406,0
9,PN10,CH2,2025-06-17 03:00:00,2025-06-17,3,0.0,0.041956098916365654,0.32584482,1.5068054,0
8,PN10,CH1,2025-06-17 04:00:00,2025-06-17,3,0.0,0.0,0.8296211,3.7181358,0
9,PN10,CH2,2025-06-17 04:00:00,2025-06-17,3,0.0,0.04140038899694359,0.22160542,1.5640259,0
8,PN10,CH1,2025-06-17 05:00:00,2025-06-17,3,0.0,0.0,0.18173477,0.79896164,0
9,PN10,CH2,2025-06-17 05:00:00,2025-06-17,3,0.0,0.02389552653514865,0.38415602,1.6784668,0
8,PN10,CH1,2025-06-17 06:00:00,2025-06-17,3,0.0,0.0,0.8589285,9.169096,0
9,PN10,CH2,2025-06-17 06:00:00,2025-06-17,3,0.0,0.03445401500416782,0.5939691,2.2506714,0
8,PN10,CH1,2025-06-17 07:00:00,2025-06-17,3,0.0,0.0,3.0411005,15.634411,3
9,PN10,CH2,2025-06-17 07:00:00,2025-06-17,3,0.0,0.06251736593498194,0.9058249,3.8337708,0
8,PN10,CH1,2025-06-17 08:00:00,2025-06-17,3,0.0,0.0013892747985551543,0.9914779,3.9184837,0
9,PN10,CH2,2025-06-17 08:00:00,2025-06-17,3,0.0,0.05279244234509586,1.2919453,4.4822693,0
8,PN10,CH1,2025-06-17 09:00:00,2025-06-17,3,0.0,0.0008335648791330926,0.69867945,3.3241882,0
9,PN10,CH2,2025-06-17 09:00:00,2025-06-17,3,0.0,0.04223395387607669,0.8966523,3.643036,0
8,PN10,CH1,2025-06-17 10:00:00,2025-06-17,3,0.0,0.0002778549597110308,0.43134972,2.463276,0
9,PN10,CH2,2025-06-17 10:00:00,2025-06-17,3,0.0,0.03278688524590164,1.1630073,4.043579,0
8,PN10,CH1,2025-06-17 11:00:00,2025-06-17,3,0.0,0.0,0.46088424,2.3948784,0
9,PN10,CH2,2025-06-17 11:00:00,2025-06-17,3,0.0,0.025284801333703807,0.6669593,2.8324127,0
8,PN10,CH1,2025-06-17 12:00:01,2025-06-17,3,0.0002777777777777778,0.0002778549597110308,4.492394,18.280445,2
9,PN10,CH2,2025-06-17 12:00:01,2025-06-17,3,0.0002777777777777778,0.020839121978327314,0.6843934,3.3092499,0
8,PN10,CH1,2025-06-17 13:00:00,2025-06-17,3,0.0,0.0002778549597110308,2.7133985,12.724474,6
9,PN10,CH2,2025-06-17 13:00:00,2025-06-17,3,0.0,0.027785495971103084,0.86263156,3.604889,2
8,PN10,CH1,2025-06-17 14:00:00,2025-06-17,3,0.0,0.0002778549597110308,7.323457,38.003326,0
9,PN10,CH2,2025-06-17 14:00:00,2025-06-17,3,0.0,0.06529591553209224,1.0223255,4.348755,0
8,PN10,CH1,2025-06-17 15:00:00,2025-06-17,3,0.0,0.0002778549597110308,6.0969462,27.42581,0
9,PN10,CH2,2025-06-17 15:00:00,2025-06-17,3,0.0,0.07585440400111142,0.79572463,3.2043457,0
8,PN10,CH1,2025-06-17 16:00:00,2025-06-17,3,0.0,0.0008335648791330926,1.1755613,4.894882,0
9,PN10,CH2,2025-06-17 16:00:00,2025-06-17,3,0.0,0.06446235065295916,0.58636326,2.2697449,0
8,PN10,CH1,2025-06-17 17:00:00,2025-06-17,3,0.0,0.0002778549597110308,0.8779681,4.4373417,4
9,PN10,CH2,2025-06-17 17:00:00,2025-06-17,3,0.0,0.05084745762711865,1.2318735,5.1116943,0
8,PN10,CH1,2025-06-17 18:00:00,2025-06-17,3,0.0,0.0002778549597110308,2.203163,8.861497,12
9,PN10,CH2,2025-06-17 18:00:00,2025-06-17,3,0.0,0.05307029730480689,1.6138116,6.198883,0
8,PN10,CH1,2025-06-17 19:00:00,2025-06-17,3,0.0,0.0,2.6271,9.944401,0
9,PN10,CH2,2025-06-17 19:00:00,2025-06-17,3,0.0,0.0486246179494304,1.5105498,5.1403046,0
8,PN10,CH1,2025-06-17 20:00:00,2025-06-17,3,0.0,0.0005557099194220616,0.3346511,2.1309395,0
9,PN10,CH2,2025-06-17 20:00:00,2025-06-17,3,0.0,0.0847457627118644,0.86080545,3.0994415,0
8,PN10,CH1,2025-06-17 21:00:00,2025-06-17,3,0.0,0.0016671297582661851,0.7039404,2.4352207,0
9,PN10,CH2,2025-06-17 21:00:00,2025-06-17,3,0.0,0.07168657960544596,0.50262237,2.117157,0
8,PN10,CH1,2025-06-17 22:00:00,2025-06-17,3,0.0,0.0,0.48354474,2.1383915,0
9,PN10,CH2,2025-06-17 22:00:00,2025-06-17,3,0.0,0.03028619060850236,0.969062,3.376007,0
8,PN10,CH1,2025-06-17 23:00:00,2025-06-17,3,0.0,0.0,0.7985504,3.3517933,0
9,PN10,CH2,2025-06-17 23:00:00,2025-06-17,3,0.0,0.026674076132258962,0.7480218,2.8419495,0
8,PN10,CH1,2025-06-18 00:00:01,2025-06-18,3,0.0002777777777777778,0.0,1.5647889,4.505739,0
9,PN10,CH2,2025-06-18 00:00:01,2025-06-18,3,0.0002777777777777778,0.03473186996387886,0.1265249,0.8201599,0
8,PN10,CH1,2025-06-18 01:00:00,2025-06-18,3,0.0,0.0002778549597110308,1.549512,4.323946,0
9,PN10,CH2,2025-06-18 01:00:00,2025-06-18,3,0.0,0.04223395387607669,0.13316786,0.705719,0
8,PN10,CH1,2025-06-18 02:00:00,2025-06-18,3,0.0,0.0002778549597110308,1.0061686,4.3140354,0
9,PN10,CH2,2025-06-18 02:00:00,2025-06-18,3,0.0,0.03389830508474576,0.14355284,0.76293945,0
8,PN10,CH1,2025-06-18 03:00:00,2025-06-18,3,0.0,0.0,4.452671,14.42641,0
9,PN10,CH2,2025-06-18 03:00:00,2025-06-18,3,0.0,0.028063350930814114,0.44418526,1.7547607,0
8,PN10,CH1,2025-06-18 04:00:00,2025-06-18,3,0.0,0.0011114198388441233,2.3906655,7.8119335,0
9,PN10,CH2,2025-06-18 04:00:00,2025-06-18,3,0.0,0.0297304806890803,0.34358305,1.6593933,0
8,PN10,CH1,2025-06-18 05:00:00,2025-06-18,3,0.0,0.0002778549597110308,5.3136606,17.737186,0
9,PN10,CH2,2025-06-18 05:00:00,2025-06-18,3,0.0,0.025840511253125868,0.44188076,1.7356873,0
8,PN10,CH1,2025-06-18 06:00:00,2025-06-18,3,0.0,0.0,0.44451052,2.7218456,0
9,PN10,CH2,2025-06-18 06:00:00,2025-06-18,3,0.0,0.031119755487635455,1.1128887,3.8337708,0
8,PN10,CH1,2025-06-18 07:00:00,2025-06-18,3,0.0,0.0002778549597110308,1.7163833,6.1102943,0
9,PN10,CH2,2025-06-18 07:00:00,2025-06-18,3,0.0,0.04806890803000834,1.0724053,3.7765503,0
8,PN10,CH1,2025-06-18 08:00:00,2025-06-18,3,0.0,0.0005557099194220616,1.2999827,5.8160725,0
9,PN10,CH2,2025-06-18 08:00:00,2025-06-18,3,0.0,0.052236732425673796,0.9614582,3.8909912,0
8,PN10,CH1,2025-06-18 09:00:00,2025-06-18,3,0.0,0.0,1.3280551,5.8470287,0
9,PN10,CH2,2025-06-18 09:00:00,2025-06-18,3,0.0,0.05473742706307307,0.9151333,3.8719177,0
8,PN10,CH1,2025-06-18 10:00:00,2025-06-18,3,0.0,0.0,0.7758217,6.1122704,7
9,PN10,CH2,2025-06-18 10:00:00,2025-06-18,3,0.0,0.059738816337871634,0.6891243,3.604889,0
8,PN10,CH1,2025-06-18 11:00:00,2025-06-18,3,0.0,0.0002778549597110308,1.0610946,5.8759365,1
9,PN10,CH2,2025-06-18 11:00:00,2025-06-18,3,0.0,0.04612392331203112,0.772718,3.7193298,0
8,PN10,CH1,2025-06-18 12:00:01,2025-06-18,3,0.0002777777777777778,0.0,3.911921,17.47571,3
9,PN10,CH2,2025-06-18 12:00:01,2025-06-18,3,0.0002777777777777778,0.017782717421505972,0.3372122,2.4700165,0
8,PN10,CH1,2025-06-18 13:00:00,2025-06-18,3,0.0,0.0002778549597110308,1.5412492,12.745485,11
9,PN10,CH2,2025-06-18 13:00:00,2025-06-18,3,0.0,0.02889691580994721,2.6541443,45.24231,33
8,PN10,CH1,2025-06-18 14:00:00,2025-06-18,3,0.0,0.0002778549597110308,4.19576,12.105442,1
9,PN10,CH2,2025-06-18 14:00:00,2025-06-18,3,0.0,0.03945540427896638,1.9968507,6.7329407,0
8,PN10,CH1,2025-06-18 15:00:00,2025-06-18,3,0.0,0.0013892747985551543,1.0750293,3.92057,0
9,PN10,CH2,2025-06-18 15:00:00,2025-06-18,3,0.0,0.05140316754654071,0.22326358,1.2207031,0
8,PN10,CH1,2025-06-18 16:00:00,2025-06-18,3,0.0,0.0,1.3872329,5.5746737,0
9,PN10,CH2,2025-06-18 16:00:00,2025-06-18,3,0.0,0.059738816337871634,0.96731114,3.2997131,0
8,PN10,CH1,2025-06-18 17:00:00,2025-06-18,3,0.0,0.0005557099194220616,0.49188316,2.3055823,1
9,PN10,CH2,2025-06-18 17:00:00,2025-06-18,3,0.0,0.05612670186162823,1.0472319,3.8719177,0
8,PN10,CH1,2025-06-18 18:00:00,2025-06-18,3,0.0,0.0002778549597110308,2.5539231,8.96141,7
9,PN10,CH2,2025-06-18 18:00:00,2025-06-18,3,0.0,0.05307029730480689,1.2721128,6.427765,0
8,PN10,CH1,2025-06-18 19:00:00,2025-06-18,3,0.0,0.0002778549597110308,2.2783296,8.749813,4
9,PN10,CH2,2025-06-18 19:00:00,2025-06-18,3,0.0,0.044178938594053904,2.8902428,8.811951,1
8,PN10,CH1,2025-06-18 20:00:00,2025-06-18,3,0.0,0.0005557099194220616,5.552114,17.316416,0
9,PN10,CH2,2025-06-18 20:00:00,2025-06-18,3,0.0,0.0747429841622673,0.33780602,1.4781952,0
8,PN10,CH1,2025-06-18 21:00:00,2025-06-18,3,0.0,0.0002778549597110308,1.9546586,7.7421217,0
9,PN10,CH2,2025-06-18 21:00:00,2025-06-18,3,0.0,0.06640733537093638,0.5306119,2.002716,0
8,PN10,CH1,2025-06-18 22:00:00,2025-06-18,3,0.0,0.0002778549597110308,0.68405354,2.3948402,0
9,PN10,CH2,2025-06-18 22:00:00,2025-06-18,3,0.0,0.03751041956098916,0.9343748,3.1375885,0
8,PN10,CH1,2025-06-18 23:00:00,2025-06-18,3,0.0,0.0008335648791330926,0.21003146,1.0909138,0
9,PN10,CH2,2025-06-18 23:00:00,2025-06-18,3,0.0,0.031119755487635455,0.3374579,1.6212463,0
8,PN10,CH1,2025-06-19 00:00:00,2025-06-19,1,0.0,0.0,0.56049544,2.1554527,0
9,PN10,CH2,2025-06-19 00:00:00,2025-06-19,1,0.0,0.02889691580994721,0.110098,0.62942505,0
8,PN10,CH1,2025-06-19 01:00:00,2025-06-19,1,0.0,0.0002778549597110308,0.71863997,3.007204,0
9,PN10,CH2,2025-06-19 01:00:00,2025-06-19,1,0.0,0.025562656293414837,0.23058096,1.1062622,0
8,PN10,CH1,2025-06-19 02:00:00,2025-06-19,1,0.0,0.0005557099194220616,0.20286053,0.8684406,0
9,PN10,CH2,2025-06-19 02:00:00,2025-06-19,1,0.0,0.02917477076965824,0.11241756,0.61035156,0
8,PN10,CH1,2025-06-19 03:00:00,2025-06-19,1,0.0,0.0002778549597110308,0.2407258,1.2411175,0
9,PN10,CH2,2025-06-19 03:00:00,2025-06-19,1,0.0,0.031119755487635455,0.1327208,0.91552734,0
8,PN10,CH1,2025-06-19 04:00:00,2025-06-19,1,0.0,0.0,5.531136,35.151764,3
9,PN10,CH2,2025-06-19 04:00:00,2025-06-19,1,0.0,0.031119755487635455,0.23485333,1.3923645,0
8,PN10,CH1,2025-06-19 05:00:00,2025-06-19,1,0.0,0.0008335648791330926,5.680537,30.917599,0
9,PN10,CH2,2025-06-19 05:00:00,2025-06-19,1,0.0,0.02917477076965824,0.57498443,2.155304,0
8,PN10,CH1,2025-06-19 06:00:00,2025-06-19,1,0.0,0.0,6.1174855,39.82544,3
9,PN10,CH2,2025-06-19 06:00:00,2025-06-19,1,0.0,0.02278410669630453,0.9923408,4.1389465,0
8,PN10,CH1,2025-06-19 07:00:00,2025-06-19,1,0.0,0.0002778549597110308,7.938354,39.55886,17
9,PN10,CH2,2025-06-19 07:00:00,2025-06-19,1,0.0,0.04001111419838844,0.54988676,2.7561188,0
8,PN10,CH1,2025-06-19 08:00:00,2025-06-19,1,0.0,0.0,1.2909774,10.135918,6
9,PN10,CH2,2025-06-19 08:00:00,2025-06-19,1,0.0,0.05001389274798555,1.3927933,4.634857,0
8,PN10,CH1,2025-06-19 09:00:00,2025-06-19,1,0.0,0.0002778549597110308,1.4878336,7.414668,0
9,PN10,CH2,2025-06-19 09:00:00,2025-06-19,1,0.0,0.04584606835232009,0.3682866,1.7642975,0
8,PN10,CH1,2025-06-19 10:00:00,2025-06-19,1,0.0,0.0,0.55190414,3.2602253,0
9,PN10,CH2,2025-06-19 10:00:00,2025-06-19,1,0.0,0.04084467907752153,0.6809227,3.3569336,0
8,PN10,CH1,2025-06-19 11:00:00,2025-06-19,1,0.0,0.0,2.664636,21.03448,15
9,PN10,CH2,2025-06-19 11:00:00,2025-06-19,1,0.0,0.03056404556821339,4.657277,167.56058,32
8,PN10,CH1,2025-06-19 12:00:00,2025-06-19,1,0.0,0.0005557099194220616,2.9729633,11.017025,1
9,PN10,CH2,2025-06-19 12:00:00,2025-06-19,1,0.0,0.0369547096415671,2.1210003,10.910034,0
8,PN10,CH1,2025-06-19 13:00:00,2025-06-19,1,0.0,0.0005557099194220616,1.2123863,5.229339,1
9,PN10,CH2,2025-06-19 13:00:00,2025-06-19,1,0.0,0.05279244234509586,0.39443383,2.002716,0
8,PN10,CH1,2025-06-19 14:00:00,2025-06-19,1,0.0,0.0,0.38633037,2.5996943,0
9,PN10,CH2,2025-06-19 14:00:00,2025-06-19,1,0.0,0.06390664073353709,0.21983029,1.2111664,0
8,PN10,CH1,2025-06-19 15:00:00,2025-06-19,1,0.0,0.0,0.5997768,3.0224771,1
9,PN10,CH2,2025-06-19 15:00:00,2025-06-19,1,0.0,0.06279522089469297,0.3139794,1.6307831,0
8,PN10,CH1,2025-06-19 16:00:00,2025-06-19,1,0.0,0.0,0.48831287,2.3785982,0
9,PN10,CH2,2025-06-19 16:00:00,2025-06-19,1,0.0,0.06807446512920255,0.51645684,2.3078918,0
8,PN10,CH1,2025-06-19 17:00:00,2025-06-19,1,0.0,0.0,0.42762035,2.3462992,0
9,PN10,CH2,2025-06-19 17:00:00,2025-06-19,1,0.0,0.04945818282856349,0.69603974,2.822876,0
8,PN10,CH1,2025-06-19 18:00:00,2025-06-19,1,0.0,0.0002778549597110308,1.0303137,5.8498974,9
9,PN10,CH2,2025-06-19 18:00:00,2025-06-19,1,0.0,0.03806612948041123,1.3311203,5.722046,0
8,PN10,CH1,2025-06-19 19:00:00,2025-06-19,1,0.0,0.0002778549597110308,2.1265483,6.54228,0
9,PN10,CH2,2025-06-19 19:00:00,2025-06-19,1,0.0,0.03639899972214504,3.3422337,9.803772,0
8,PN10,CH1,2025-06-19 20:00:00,2025-06-19,1,0.0,0.0005557099194220616,0.68737,2.882145,0
9,PN10,CH2,2025-06-19 20:00:00,2025-06-19,1,0.0,0.05723812170047236,0.44989994,1.9645691,0
8,PN10,CH1,2025-06-19 21:00:00,2025-06-19,1,0.0,0.0005557099194220616,0.86357296,3.4360209,0
9,PN10,CH2,2025-06-19 21:00:00,2025-06-19,1,0.0,0.090025006946374,1.1946602,4.2152405,0
8,PN10,CH1,2025-06-19 22:00:00,2025-06-19,1,0.0,0.0002778549597110308,0.2753754,1.5079231,0
9,PN10,CH2,2025-06-19 22:00:00,2025-06-19,1,0.0,0.03167546540705751,0.579862,2.193451,0
8,PN10,CH1,2025-06-19 23:00:00,2025-06-19,1,0.0,0.0002778549597110308,0.9618637,3.40596,0
9,PN10,CH2,2025-06-19 23:00:00,2025-06-19,1,0.0,0.024729091414281746,0.58097965,2.1743774,0
8,PN10,CH1,2025-06-20 00:00:00,2025-06-20,1,0.0,0.0005557099194220616,0.31707877,1.3807411,0
9,PN10,CH2,2025-06-20 00:00:00,2025-06-20,1,0.0,0.02000555709919422,0.15884145,0.8773804,0
8,PN10,CH1,2025-06-20 01:00:00,2025-06-20,1,0.0,0.0002778549597110308,0.31497318,1.4925385,0
9,PN10,CH2,2025-06-20 01:00:00,2025-06-20,1,0.0,0.02000555709919422,0.22307894,1.1825562,0
8,PN10,CH1,2025-06-20 02:00:00,2025-06-20,1,0.0,0.0005557099194220616,0.16752857,0.91202545,0
9,PN10,CH2,2025-06-20 02:00:00,2025-06-20,1,0.0,0.024451236454570716,0.16817819,0.8392334,0
8,PN10,CH1,2025-06-20 03:00:00,2025-06-20,1,0.0,0.0,0.23138238,1.1067085,0
9,PN10,CH2,2025-06-20 03:00:00,2025-06-20,1,0.0,0.026118366212836898,0.17361891,0.91552734,0
8,PN10,CH1,2025-06-20 04:00:00,2025-06-20,1,0.0,0.0,0.28671527,1.3893108,0
9,PN10,CH2,2025-06-20 04:00:00,2025-06-20,1,0.0,0.026674076132258962,0.26298916,1.6975403,0
8,PN10,CH1,2025-06-20 05:00:00,2025-06-20,1,0.0,0.0002778549597110308,0.54764175,2.1900997,0
9,PN10,CH2,2025-06-20 05:00:00,2025-06-20,1,0.0,0.020561267018616283,0.8373737,2.861023,0
8,PN10,CH1,2025-06-20 06:00:00,2025-06-20,1,0.0,0.0002778549597110308,0.8716999,3.9862843,0
9,PN10,CH2,2025-06-20 06:00:00,2025-06-20,1,0.0,0.025006946373992776,0.55286247,2.2125244,0
8,PN10,CH1,2025-06-20 07:00:00,2025-06-20,1,0.0,0.0002778549597110308,0.90497714,5.1219025,0
9,PN10,CH2,2025-06-20 07:00:00,2025-06-20,1,0.0,0.045012503473187,0.53910744,2.8800964,0
8,PN10,CH1,2025-06-20 08:00:00,2025-06-20,1,0.0,0.0,0.69811004,3.547594,0
9,PN10,CH2,2025-06-20 08:00:00,2025-06-20,1,0.0,0.041122534037232567,0.9765215,3.7574768,0
8,PN10,CH1,2025-06-20 09:00:00,2025-06-20,1,0.0,0.0,0.9715278,4.0692463,0
9,PN10,CH2,2025-06-20 09:00:00,2025-06-20,1,0.0,0.04140038899694359,0.5539554,2.2506714,0
8,PN10,CH1,2025-06-20 10:00:00,2025-06-20,1,0.0,0.0,0.5952558,3.1837807,0
9,PN10,CH2,2025-06-20 10:00:00,2025-06-20,1,0.0,0.026951931091969993,0.45339677,2.231598,0
8,PN10,CH1,2025-06-20 11:00:00,2025-06-20,1,0.0002777777777777778,0.0002778549597110308,0.79888856,7.752776,23
9,PN10,CH2,2025-06-20 11:00:00,2025-06-20,1,0.0002777777777777778,0.025006946373992776,0.7775068,3.1661987,2
8,PN10,CH1,2025-06-20 12:00:00,2025-06-20,1,0.0,0.0,1.0497414,9.223631,20
9,PN10,CH2,2025-06-20 12:00:00,2025-06-20,1,0.0,0.020283412058905253,1.0127172,5.016327,0
8,PN10,CH1,2025-06-20 13:00:00,2025-06-20,1,0.0,0.0,1.193016,32.291637,62
9,PN10,CH2,2025-06-20 13:00:00,2025-06-20,1,0.0,0.037232564601278134,0.77834064,29.54483,23
8,PN10,CH1,2025-06-20 14:00:00,2025-06-20,1,0.0,0.0,6.164676,44.63449,54
9,PN10,CH2,2025-06-20 14:00:00,2025-06-20,1,0.0,0.05696026674076132,0.54584354,2.3651123,0
8,PN10,CH1,2025-06-20 15:00:00,2025-06-20,1,0.0,0.0,1.3797947,6.92226,1
9,PN10,CH2,2025-06-20 15:00:00,2025-06-20,1,0.0,0.0730758544040011,0.30872458,1.7547607,0
8,PN10,CH1,2025-06-20 16:00:00,2025-06-20,1,0.0,0.0005557099194220616,1.0704039,4.223585,0
9,PN10,CH2,2025-06-20 16:00:00,2025-06-20,1,0.0,0.06335093081411503,0.4558773,2.193451,0
8,PN10,CH1,2025-06-20 17:00:00,2025-06-20,1,0.0,0.0002778549597110308,0.82801956,3.9188938,0
9,PN10,CH2,2025-06-20 17:00:00,2025-06-20,1,0.0,0.07057515976660184,1.2876238,4.825592,0
8,PN10,CH1,2025-06-20 18:00:00,2025-06-20,1,0.0,0.0005557099194220616,1.3911655,6.940588,18
9,PN10,CH2,2025-06-20 18:00:00,2025-06-20,1,0.0,0.06474020561267019,2.5601013,12.1974945,0
8,PN10,CH1,2025-06-20 19:00:00,2025-06-20,1,0.0,0.0002778549597110308,1.9031205,6.82734,1
9,PN10,CH2,2025-06-20 19:00:00,2025-06-20,1,0.0,0.04278966379549875,3.3391354,11.425018,3
8,PN10,CH1,2025-06-20 20:00:00,2025-06-20,1,0.0,0.0,0.63438773,2.9705467,1
9,PN10,CH2,2025-06-20 20:00:00,2025-06-20,1,0.0,0.06279522089469297,0.8989095,3.7956238,0
8,PN10,CH1,2025-06-20 21:00:00,2025-06-20,1,0.0,0.0011114198388441233,0.9307761,4.0150433,0
9,PN10,CH2,2025-06-20 21:00:00,2025-06-20,1,0.0,0.11336482356210058,1.1303405,4.4059753,0
8,PN10,CH1,2025-06-20 22:00:00,2025-06-20,1,0.0,0.0002778549597110308,1.0846889,3.7658958,0
9,PN10,CH2,2025-06-20 22:00:00,2025-06-20,1,0.0,0.04028896915809947,1.2165413,4.6539307,0
8,PN10,CH1,2025-06-20 23:00:00,2025-06-20,1,0.0,0.0,6.72954,26.63061,0
9,PN10,CH2,2025-06-20 23:00:00,2025-06-20,1,0.0,0.027507641011392053,0.31670666,1.7929077,0
8,PN10,CH1,2025-06-21 00:00:00,2025-06-21,1,0.0,0.0,1.0847398,4.1081753,0
9,PN10,CH2,2025-06-21 00:00:00,2025-06-21,1,0.0,0.028341205890525144,0.17025691,0.89645386,0
8,PN10,CH1,2025-06-21 01:00:00,2025-06-21,1,0.0,0.0002778549597110308,1.7089195,5.7212276,0
9,PN10,CH2,2025-06-21 01:00:00,2025-06-21,1,0.0,0.028341205890525144,0.19103813,0.8583069,0
8,PN10,CH1,2025-06-21 02:00:00,2025-06-21,1,0.0,0.0,0.18120074,0.88721466,0
9,PN10,CH2,2025-06-21 02:00:00,2025-06-21,1,0.0,0.03000833564879133,0.18565917,0.91552734,0
8,PN10,CH1,2025-06-21 03:00:00,2025-06-21,1,0.0,0.0005557099194220616,0.9009231,3.7406387,0
9,PN10,CH2,2025-06-21 03:00:00,2025-06-21,1,0.0,0.034176160044456796,0.19774604,2.6893616,0
8,PN10,CH1,2025-06-21 04:00:00,2025-06-21,1,0.0,0.0005557099194220616,0.6514215,2.5592747,0
9,PN10,CH2,2025-06-21 04:00:00,2025-06-21,1,0.0,0.03362045012503473,1.2409214,9.918213,4
8,PN10,CH1,2025-06-21 05:00:00,2025-06-21,1,0.0,0.0005557099194220616,1.5610921,8.415952,4
9,PN10,CH2,2025-06-21 05:00:00,2025-06-21,1,0.0,0.025284801333703807,0.97747004,4.1389465,0
8,PN10,CH1,2025-06-21 06:00:00,2025-06-21,1,0.0,0.0,0.42121387,2.6622782,0
9,PN10,CH2,2025-06-21 06:00:00,2025-06-21,1,0.0,0.03473186996387886,1.1489877,3.7193298,0
8,PN10,CH1,2025-06-21 07:00:00,2025-06-21,1,0.0,0.0002778549597110308,1.3431565,7.4917455,1
9,PN10,CH2,2025-06-21 07:00:00,2025-06-21,1,0.0,0.05834954153931648,0.80149937,3.0708313,0
8,PN10,CH1,2025-06-21 08:00:00,2025-06-21,1,0.0,0.0008335648791330926,1.2326175,14.228708,4
9,PN10,CH2,2025-06-21 08:00:00,2025-06-21,1,0.0,0.047513198110586276,1.6726323,6.608963,3
8,PN10,CH1,2025-06-21 09:00:00,2025-06-21,1,0.0,0.0,2.4276829,10.226071,7
9,PN10,CH2,2025-06-21 09:00:00,2025-06-21,1,0.0,0.053903862183939985,2.330224,6.8092346,0
8,PN10,CH1,2025-06-21 10:00:00,2025-06-21,1,0.0,0.0005557099194220616,0.88654774,5.522482,0
9,PN10,CH2,2025-06-21 10:00:00,2025-06-21,1,0.0,0.07057515976660184,0.8569506,4.8732758,0
8,PN10,CH1,2025-06-21 11:00:00,2025-06-21,1,0.0002777777777777778,0.0002778549597110308,1.7726476,8.62062,0
9,PN10,CH2,2025-06-21 11:00:00,2025-06-21,1,0.0002777777777777778,0.05001389274798555,0.7927382,4.2915344,0
8,PN10,CH1,2025-06-21 12:00:00,2025-06-21,1,0.0,0.0,1.4884696,7.01867,0
9,PN10,CH2,2025-06-21 12:00:00,2025-06-21,1,0.0,0.04584606835232009,0.7959029,4.272461,0
8,PN10,CH1,2025-06-21 13:00:00,2025-06-21,1,0.0,0.0002778549597110308,1.3229804,7.5005364,3
9,PN10,CH2,2025-06-21 13:00:00,2025-06-21,1,0.0,0.07085301472631286,0.5039204,2.48909,0
8,PN10,CH1,2025-06-21 14:00:00,2025-06-21,1,0.0,0.0,0.8457611,4.949644,0
9,PN10,CH2,2025-06-21 14:00:00,2025-06-21,1,0.0,0.08419005279244235,0.7796512,3.3092499,0
8,PN10,CH1,2025-06-21 15:00:00,2025-06-21,1,0.0,0.0002778549597110308,0.67112327,4.3298674,0
9,PN10,CH2,2025-06-21 15:00:00,2025-06-21,1,0.0,0.07085301472631286,1.4680785,5.302429,0
8,PN10,CH1,2025-06-21 16:00:00,2025-06-21,1,0.0,0.0005557099194220616,0.47604227,2.7218094,0
9,PN10,CH2,2025-06-21 16:00:00,2025-06-21,1,0.0,0.07279799944429008,0.8090152,2.9182434,0
8,PN10,CH1,2025-06-21 17:00:00,2025-06-21,1,0.0,0.0008335648791330926,0.70088565,3.107041,0
9,PN10,CH2,2025-06-21 17:00:00,2025-06-21,1,0.0,0.052236732425673796,0.5243541,2.4318695,0
8,PN10,CH1,2025-06-21 18:00:00,2025-06-21,1,0.0,0.0002778549597110308,1.0683396,4.8704076,10
9,PN10,CH2,2025-06-21 18:00:00,2025-06-21,1,0.0,0.06890803000833565,1.6526406,7.1525574,0
8,PN10,CH1,2025-06-21 19:00:00,2025-06-21,1,0.0,0.0005557099194220616,2.0549905,6.8933887,0
9,PN10,CH2,2025-06-21 19:00:00,2025-06-21,1,0.0,0.035009724923589884,2.6274223,8.411407,0
8,PN10,CH1,2025-06-21 20:00:00,2025-06-21,1,0.0,0.0008335648791330926,0.7969923,2.777502,0
9,PN10,CH2,2025-06-21 20:00:00,2025-06-21,1,0.0,0.04973603778827452,0.30879393,1.5449524,0
8,PN10,CH1,2025-06-21 21:00:00,2025-06-21,1,0.0,0.0008335648791330926,1.3300624,5.246773,0
9,PN10,CH2,2025-06-21 21:00:00,2025-06-21,1,0.0,0.06807446512920255,1.1223478,3.7574768,0
8,PN10,CH1,2025-06-21 22:00:00,2025-06-21,1,0.0,0.001944984717977216,1.4045259,4.8041344,0
9,PN10,CH2,2025-06-21 22:00:00,2025-06-21,1,0.0,0.0369547096415671,1.467247,4.9877167,0
8,PN10,CH1,2025-06-21 23:00:00,2025-06-21,1,0.016666666666666666,0.0008335648791330926,0.9123292,3.4667187,0
9,PN10,CH2,2025-06-21 23:00:00,2025-06-21,1,0.016666666666666666,0.03278688524590164,0.22355235,1.1062622,0
10,PN11,CH1,2025-06-04 00:00:01,2025-06-04,0,0.0002777777777777778,0.0002778549597110308,0.4439554,1.7441788,1
11,PN11,CH2,2025-06-04 00:00:01,2025-06-04,0,0.0002777777777777778,0.0,0.4947575,2.3508835,0
10,PN11,CH1,2025-06-04 01:00:00,2025-06-04,0,0.0,0.0011114198388441233,0.85504544,6.31567,1
11,PN11,CH2,2025-06-04 01:00:00,2025-06-04,0,0.0,0.0008335648791330926,1.4927093,5.221031,0
10,PN11,CH1,2025-06-04 02:00:00,2025-06-04,0,0.0,0.0005557099194220616,0.6015201,2.463459,0
11,PN11,CH2,2025-06-04 02:00:00,2025-06-04,0,0.0,0.0002778549597110308,2.5865092,9.297058,0
10,PN11,CH1,2025-06-04 03:00:00,2025-06-04,0,0.0,0.0008335648791330926,0.40753964,2.8546906,1
11,PN11,CH2,2025-06-04 03:00:00,2025-06-04,0,0.0,0.0002778549597110308,1.647474,5.322956,0
10,PN11,CH1,2025-06-04 04:00:00,2025-06-04,0,0.0,0.0011114198388441233,1.3802155,5.4099045,0
11,PN11,CH2,2025-06-04 04:00:00,2025-06-04,0,0.0,0.0008335648791330926,3.1281242,11.340305,0
10,PN11,CH1,2025-06-04 05:00:00,2025-06-04,0,0.0,0.0008335648791330926,4.2700405,13.747776,2
11,PN11,CH2,2025-06-04 05:00:00,2025-06-04,0,0.0,0.0005557099194220616,5.80467,19.506477,0
10,PN11,CH1,2025-06-04 06:00:00,2025-06-04,0,0.0,0.0002778549597110308,0.97058237,4.2234383,0
11,PN11,CH2,2025-06-04 06:00:00,2025-06-04,0,0.0,0.0005557099194220616,1.3310586,4.6789646,0
10,PN11,CH1,2025-06-04 07:00:00,2025-06-04,0,0.0,0.0005557099194220616,4.4180055,47.451595,48
11,PN11,CH2,2025-06-04 07:00:00,2025-06-04,0,0.0,0.0008335648791330926,4.469216,36.5961,53
10,PN11,CH1,2025-06-04 08:00:00,2025-06-04,0,0.0,0.0013892747985551543,16.585497,161.3076,146
11,PN11,CH2,2025-06-04 08:00:00,2025-06-04,0,0.0,0.0016671297582661851,1.7871536,19.5992,46
10,PN11,CH1,2025-06-04 09:00:00,2025-06-04,0,0.0,0.0016671297582661851,2.4209597,7.389633,0
11,PN11,CH2,2025-06-04 09:00:00,2025-06-04,0,0.0,0.0013892747985551543,1.1006873,5.3586807,0
10,PN11,CH1,2025-06-04 10:00:00,2025-06-04,0,0.0,0.0002778549597110308,8.096625,90.43403,224
11,PN11,CH2,2025-06-04 10:00:00,2025-06-04,0,0.0,0.0005557099194220616,8.0232935,69.41899,163
10,PN11,CH1,2025-06-04 11:00:00,2025-06-04,0,0.0,0.0011114198388441233,2.1903768,13.514828,11
11,PN11,CH2,2025-06-04 11:00:00,2025-06-04,0,0.0,0.0008335648791330926,4.696033,21.058357,0
10,PN11,CH1,2025-06-04 12:00:00,2025-06-04,0,0.0,0.0005557099194220616,0.4912008,2.8335724,3
11,PN11,CH2,2025-06-04 12:00:00,2025-06-04,0,0.0,0.0,1.6229485,7.5657673,1
10,PN11,CH1,2025-06-04 13:00:00,2025-06-04,0,0.0,0.0005557099194220616,1.4856486,7.0323067,4
11,PN11,CH2,2025-06-04 13:00:00,2025-06-04,0,0.0,0.0002778549597110308,1.129788,5.1463757,0
10,PN11,CH1,2025-06-04 14:00:00,2025-06-04,0,0.0,0.0005557099194220616,2.9649994,12.321362,4
11,PN11,CH2,2025-06-04 14:00:00,2025-06-04,0,0.0,0.0013892747985551543,3.6293309,13.686977,11
10,PN11,CH1,2025-06-04 15:00:00,2025-06-04,0,0.0,0.0005557099194220616,3.4515622,13.312809,4
11,PN11,CH2,2025-06-04 15:00:00,2025-06-04,0,0.0,0.0,3.9084995,15.732125,14
10,PN11,CH1,2025-06-04 16:00:00,2025-06-04,0,0.0,0.0,2.403046,11.533051,6
11,PN11,CH2,2025-06-04 16:00:00,2025-06-04,0,0.0,0.0005557099194220616,1.1495236,5.024448,3
10,PN11,CH1,2025-06-04 17:00:00,2025-06-04,0,0.0,0.0002778549597110308,1.6914876,7.212347,3
11,PN11,CH2,2025-06-04 17:00:00,2025-06-04,0,0.0,0.0,3.2336693,10.887496,0
10,PN11,CH1,2025-06-04 18:00:00,2025-06-04,0,0.0,0.0002778549597110308,1.9422699,7.9551716,1
11,PN11,CH2,2025-06-04 18:00:00,2025-06-04,0,0.0,0.0002778549597110308,3.1613176,10.986253,1
10,PN11,CH1,2025-06-04 19:00:00,2025-06-04,0,0.0,0.0005557099194220616,2.7961533,9.12793,1
11,PN11,CH2,2025-06-04 19:00:00,2025-06-04,0,0.0,0.0002778549597110308,1.8770454,6.1217327,0
10,PN11,CH1,2025-06-04 20:00:00,2025-06-04,0,0.0,0.0,2.6001463,9.198711,1
11,PN11,CH2,2025-06-04 20:00:00,2025-06-04,0,0.0,0.0002778549597110308,3.4872131,10.658838,0
10,PN11,CH1,2025-06-04 21:00:00,2025-06-04,0,0.0,0.0002778549597110308,2.239288,18.891506,12
11,PN11,CH2,2025-06-04 21:00:00,2025-06-04,0,0.0,0.0,0.6209381,2.8647099,0
10,PN11,CH1,2025-06-04 22:00:00,2025-06-04,0,0.0,0.0002778549597110308,0.73484546,2.8368092,0
11,PN11,CH2,2025-06-04 22:00:00,2025-06-04,0,0.0,0.0,0.8579996,3.1919765,0
10,PN11,CH1,2025-06-04 23:00:00,2025-06-04,0,0.0,0.0008335648791330926,0.7621164,3.1027203,0
11,PN11,CH2,2025-06-04 23:00:00,2025-06-04,0,0.0,0.0008335648791330926,1.3055686,5.06468,0
10,PN11,CH1,2025-06-05 00:00:01,2025-06-05,0,0.0002777777777777778,0.0005557099194220616,0.30180666,1.2172756,1
11,PN11,CH2,2025-06-05 00:00:01,2025-06-05,0,0.0002777777777777778,0.0,1.0244826,4.3326225,1
10,PN11,CH1,2025-06-05 01:00:00,2025-06-05,0,0.0,0.0005557099194220616,0.62978655,3.1616535,0
11,PN11,CH2,2025-06-05 01:00:00,2025-06-05,0,0.0,0.0,0.8924423,5.1892166,0
10,PN11,CH1,2025-06-05 02:00:00,2025-06-05,0,0.0,0.0005557099194220616,0.7067023,2.8157244,1
11,PN11,CH2,2025-06-05 02:00:00,2025-06-05,0,0.0,0.0005557099194220616,1.225347,5.8884926,0
10,PN11,CH1,2025-06-05 03:00:00,2025-06-05,0,0.0,0.0002778549597110308,0.73126274,2.70296,0
11,PN11,CH2,2025-06-05 03:00:00,2025-06-05,0,0.0,0.0,2.8762813,10.969786,0
10,PN11,CH1,2025-06-05 04:00:00,2025-06-05,0,0.0,0.0,1.3977276,5.0907946,2
11,PN11,CH2,2025-06-05 04:00:00,2025-06-05,0,0.0,0.0,5.680872,22.749527,0
10,PN11,CH1,2025-06-05 05:00:00,2025-06-05,0,0.0,0.0002778549597110308,1.8603637,5.8411436,0
11,PN11,CH2,2025-06-05 05:00:00,2025-06-05,0,0.0,0.0005557099194220616,4.8125143,16.232916,0
10,PN11,CH1,2025-06-05 06:00:00,2025-06-05,0,0.0,0.0,0.976268,3.573223,5
11,PN11,CH2,2025-06-05 06:00:00,2025-06-05,0,0.0,0.0,3.4768517,12.57617,0
10,PN11,CH1,2025-06-05 07:00:00,2025-06-05,0,0.0,0.0,1.0924461,13.009235,19
11,PN11,CH2,2025-06-05 07:00:00,2025-06-05,0,0.0,0.0002778549597110308,2.5453122,11.92309,13
10,PN11,CH1,2025-06-05 08:00:00,2025-06-05,0,0.0,0.0008335648791330926,1.8561376,38.076824,18
11,PN11,CH2,2025-06-05 08:00:00,2025-06-05,0,0.0,0.0002778549597110308,2.1876357,25.3132,42
10,PN11,CH1,2025-06-05 09:00:00,2025-06-05,0,0.0,0.0008335648791330926,1.0658664,3.813469,0
11,PN11,CH2,2025-06-05 09:00:00,2025-06-05,0,0.0,0.0005557099194220616,2.8345778,11.262522,0
10,PN11,CH1,2025-06-05 10:00:00,2025-06-05,0,0.0,0.0005557099194220616,1.0505894,4.1422253,0
11,PN11,CH2,2025-06-05 10:00:00,2025-06-05,0,0.0,0.0005557099194220616,1.3733697,5.2076206,0
10,PN11,CH1,2025-06-05 11:00:00,2025-06-05,0,0.0,0.0,0.6081227,2.4567184,0
11,PN11,CH2,2025-06-05 11:00:00,2025-06-05,0,0.0,0.0002778549597110308,2.189622,9.052828,2
10,PN11,CH1,2025-06-05 12:00:01,2025-06-05,0,0.0002777777777777778,0.0002778549597110308,2.2680387,7.2408104,0
11,PN11,CH2,2025-06-05 12:00:01,2025-06-05,0,0.0002777777777777778,0.0005557099194220616,2.2459338,11.070668,6
10,PN11,CH1,2025-06-05 13:00:00,2025-06-05,0,0.0,0.0008335648791330926,1.4064136,5.5358944,1
11,PN11,CH2,2025-06-05 13:00:00,2025-06-05,0,0.0,0.0008335648791330926,2.9546394,13.455004,6
10,PN11,CH1,2025-06-05 14:00:00,2025-06-05,0,0.0,0.0002778549597110308,11.417564,119.05133,97
11,PN11,CH2,2025-06-05 14:00:00,2025-06-05,0,0.0,0.0008335648791330926,10.110383,66.195206,55
10,PN11,CH1,2025-06-05 15:00:00,2025-06-05,0,0.0,0.0008335648791330926,2.6236067,9.050182,1
11,PN11,CH2,2025-06-05 15:00:00,2025-06-05,0,0.0,0.0002778549597110308,4.709037,15.989244,0
10,PN11,CH1,2025-06-05 16:00:00,2025-06-05,0,0.0,0.0002778549597110308,1.2722149,4.9125023,0
11,PN11,CH2,2025-06-05 16:00:00,2025-06-05,0,0.0,0.0011114198388441233,2.7113574,9.360648,0
10,PN11,CH1,2025-06-05 17:00:00,2025-06-05,0,0.0,0.0002778549597110308,1.6959585,7.5442333,1
11,PN11,CH2,2025-06-05 17:00:00,2025-06-05,0,0.0,0.0008335648791330926,3.965212,13.715029,0
10,PN11,CH1,2025-06-05 18:00:00,2025-06-05,0,0.0,0.0011114198388441233,0.31443003,1.502224,0
11,PN11,CH2,2025-06-05 18:00:00,2025-06-05,0,0.0,0.0013892747985551543,0.7769353,3.7979698,0
10,PN11,CH1,2025-06-05 19:00:00,2025-06-05,0,0.0,0.0002778549597110308,0.22986743,1.7246609,0
11,PN11,CH2,2025-06-05 19:00:00,2025-06-05,0,0.0,0.0016671297582661851,1.6437463,6.7229195,0
10,PN11,CH1,2025-06-05 20:00:00,2025-06-05,0,0.0,0.0002778549597110308,1.1227293,11.177435,4
11,PN11,CH2,2025-06-05 20:00:00,2025-06-05,0,0.0,0.0011114198388441233,0.95968354,4.87257,1
10,PN11,CH1,2025-06-05 21:00:00,2025-06-05,0,0.0,0.0002778549597110308,1.3712558,4.3167915,0
11,PN11,CH2,2025-06-05 21:00:00,2025-06-05,0,0.0,0.0008335648791330926,3.4458768,12.802406,1
10,PN11,CH1,2025-06-05 22:00:00,2025-06-05,0,0.0,0.0002778549597110308,0.9401592,3.6083908,0
11,PN11,CH2,2025-06-05 22:00:00,2025-06-05,0,0.0,0.0005557099194220616,1.9955992,8.77544,0
10,PN11,CH1,2025-06-05 23:00:00,2025-06-05,0,0.0002777777777777778,0.0005557099194220616,1.3590512,5.0592785,0
11,PN11,CH2,2025-06-05 23:00:00,2025-06-05,0,0.0002777777777777778,0.0008335648791330926,2.3036046,9.924618,0
10,PN11,CH1,2025-06-06 00:00:00,2025-06-06,0,0.0,0.0013892747985551543,0.51872617,2.118349,0
11,PN11,CH2,2025-06-06 00:00:00,2025-06-06,0,0.0,0.0008335648791330926,1.5758451,7.228739,0
10,PN11,CH1,2025-06-06 01:00:00,2025-06-06,0,0.0,0.0011114198388441233,1.104559,3.8857765,0
11,PN11,CH2,2025-06-06 01:00:00,2025-06-06,0,0.0,0.0002778549597110308,1.57465,7.715746,1
10,PN11,CH1,2025-06-06 02:00:00,2025-06-06,0,0.0,0.0005557099194220616,0.9947678,3.340765,0
11,PN11,CH2,2025-06-06 02:00:00,2025-06-06,0,0.0,0.0005557099194220616,1.942564,7.558243,0
10,PN11,CH1,2025-06-06 03:00:00,2025-06-06,0,0.0,0.0002778549597110308,0.69859993,3.1122189,3
11,PN11,CH2,2025-06-06 03:00:00,2025-06-06,0,0.0,0.0013892747985551543,1.7736983,7.8631935,0
10,PN11,CH1,2025-06-06 04:00:00,2025-06-06,0,0.0,0.0008335648791330926,2.1251006,6.7786865,0
11,PN11,CH2,2025-06-06 04:00:00,2025-06-06,0,0.0,0.0008335648791330926,2.6107194,12.032463,1
10,PN11,CH1,2025-06-06 05:00:00,2025-06-06,0,0.0,0.0013892747985551543,1.5094163,4.853904,0
11,PN11,CH2,2025-06-06 05:00:00,2025-06-06,0,0.0,0.0,7.725587,27.482138,2
10,PN11,CH1,2025-06-06 06:00:00,2025-06-06,0,0.0,0.0008335648791330926,0.6195059,2.3252144,0
11,PN11,CH2,2025-06-06 06:00:00,2025-06-06,0,0.0,0.0002778549597110308,2.6057262,11.43802,1
10,PN11,CH1,2025-06-06 07:00:00,2025-06-06,0,0.0,0.0005557099194220616,0.5009239,2.7523932,0
11,PN11,CH2,2025-06-06 07:00:00,2025-06-06,0,0.0,0.0,3.4318643,15.187338,0
10,PN11,CH1,2025-06-06 08:00:00,2025-06-06,0,0.0,0.0002778549597110308,0.43881252,2.0273776,0
11,PN11,CH2,2025-06-06 08:00:00,2025-06-06,0,0.0,0.0002778549597110308,4.8939466,20.31952,179
10,PN11,CH1,2025-06-06 09:00:00,2025-06-06,0,0.0,0.0005557099194220616,1.0533005,4.5602026,0
11,PN11,CH2,2025-06-06 09:00:00,2025-06-06,0,0.0,0.0002778549597110308,2.1694427,11.552982,28
10,PN11,CH1,2025-06-06 10:00:00,2025-06-06,0,0.0,0.0,1.3788698,5.7930126,0
11,PN11,CH2,2025-06-06 10:00:00,2025-06-06,0,0.0,0.0008335648791330926,2.911268,11.828243,34
10,PN11,CH1,2025-06-06 11:00:00,2025-06-06,0,0.0,0.0,6.2803125,164.59369,113
11,PN11,CH2,2025-06-06 11:00:00,2025-06-06,0,0.0,0.0,4.536121,61.326958,63
10,PN11,CH1,2025-06-06 12:00:01,2025-06-06,0,0.0002777777777777778,0.0008335648791330926,4.7050385,18.26115,391
11,PN11,CH2,2025-06-06 12:00:01,2025-06-06,0,0.0002777777777777778,0.0002778549597110308,2.4679096,10.362752,10
10,PN11,CH1,2025-06-06 13:00:00,2025-06-06,0,0.0,0.0002778549597110308,4.035147,28.551517,609
11,PN11,CH2,2025-06-06 13:00:00,2025-06-06,0,0.0,0.0008335648791330926,1.7266191,7.7167525,0
10,PN11,CH1,2025-06-06 14:00:00,2025-06-06,0,0.0,0.0002778549597110308,6.974802,22.4071,329
11,PN11,CH2,2025-06-06 14:00:00,2025-06-06,0,0.0,0.0,3.0945313,10.584183,128
10,PN11,CH1,2025-06-06 15:00:00,2025-06-06,0,0.0,0.0,0.96553296,14.081076,40
11,PN11,CH2,2025-06-06 15:00:00,2025-06-06,0,0.0,0.0002778549597110308,3.3044884,12.285225,32
10,PN11,CH1,2025-06-06 16:00:00,2025-06-06,0,0.0,0.0,2.9834366,10.460615,3
11,PN11,CH2,2025-06-06 16:00:00,2025-06-06,0,0.0,0.0,1.4941169,8.30181,15
10,PN11,CH1,2025-06-06 17:00:00,2025-06-06,0,0.0,0.0002778549597110308,1.9635736,8.899867,6
11,PN11,CH2,2025-06-06 17:00:00,2025-06-06,0,0.0,0.0005557099194220616,3.563285,13.273284,50
10,PN11,CH1,2025-06-06 18:00:00,2025-06-06,0,0.0,0.0,5.9919963,27.35205,14
11,PN11,CH2,2025-06-06 18:00:00,2025-06-06,0,0.0,0.0002778549597110308,2.747401,11.536479,11
10,PN11,CH1,2025-06-06 19:00:00,2025-06-06,0,0.0,0.0008335648791330926,1.9571611,16.111807,11
11,PN11,CH2,2025-06-06 19:00:00,2025-06-06,0,0.0,0.0002778549597110308,1.8241298,7.8962746,2
10,PN11,CH1,2025-06-06 20:00:00,2025-06-06,0,0.0,0.0,2.2010016,12.936592,38
11,PN11,CH2,2025-06-06 20:00:00,2025-06-06,0,0.0,0.0,2.0305955,9.726659,26
10,PN11,CH1,2025-06-06 21:00:00,2025-06-06,0,0.0,0.0002778549597110308,5.298923,36.80151,176
11,PN11,CH2,2025-06-06 21:00:00,2025-06-06,0,0.0,0.0005557099194220616,3.8724952,19.6179,335
10,PN11,CH1,2025-06-06 22:00:00,2025-06-06,0,0.0,0.0002778549597110308,3.9394093,30.250584,464
11,PN11,CH2,2025-06-06 22:00:00,2025-06-06,0,0.0,0.0,3.1408,23.018196,639
10,PN11,CH1,2025-06-06 23:00:00,2025-06-06,0,0.0,0.0,1.2997035,7.1625404,21
11,PN11,CH2,2025-06-06 23:00:00,2025-06-06,0,0.0,0.0,2.1717563,10.347702,122
10,PN11,CH1,2025-06-07 00:00:00,2025-06-07,3,0.0,0.0013892747985551543,2.1320903,14.833845,13
11,PN11,CH2,2025-06-07 00:00:00,2025-06-07,3,0.0,0.0,1.85855,9.866356,18
10,PN11,CH1,2025-06-07 01:00:00,2025-06-07,3,0.0,0.0013892747985551543,1.3366168,7.686989,24
11,PN11,CH2,2025-06-07 01:00:00,2025-06-07,3,0.0,0.0,2.22903,9.980276,32
10,PN11,CH1,2025-06-07 02:00:00,2025-06-07,3,0.0,0.0008335648791330926,0.74372464,7.4131784,20
11,PN11,CH2,2025-06-07 02:00:00,2025-06-07,3,0.0,0.0,2.0321748,9.060055,17
10,PN11,CH1,2025-06-07 03:00:00,2025-06-07,3,0.0,0.0002778549597110308,1.0227063,5.413145,11
11,PN11,CH2,2025-06-07 03:00:00,2025-06-07,3,0.0,0.0,1.2961727,8.684956,10
10,PN11,CH1,2025-06-07 04:00:00,2025-06-07,3,0.0,0.0005557099194220616,1.2659932,5.5098896,11
11,PN11,CH2,2025-06-07 04:00:00,2025-06-07,3,0.0,0.0002778549597110308,2.1394598,10.075308,21
10,PN11,CH1,2025-06-07 05:00:00,2025-06-07,3,0.0,0.0011114198388441233,0.96177113,5.740226,33
11,PN11,CH2,2025-06-07 05:00:00,2025-06-07,3,0.0,0.0002778549597110308,5.0312877,19.371883,65
10,PN11,CH1,2025-06-07 06:00:00,2025-06-07,3,0.0,0.0002778549597110308,1.11633,4.1824207,13
11,PN11,CH2,2025-06-07 06:00:00,2025-06-07,3,0.0,0.0,3.5042098,15.359222,46
10,PN11,CH1,2025-06-07 07:00:00,2025-06-07,3,0.0,0.0005557099194220616,1.161016,4.6299763,2
11,PN11,CH2,2025-06-07 07:00:00,2025-06-07,3,0.0,0.0002778549597110308,2.6981835,12.506693,2
10,PN11,CH1,2025-06-07 08:00:00,2025-06-07,3,0.0,0.0,0.4810691,2.9095993,0
11,PN11,CH2,2025-06-07 08:00:00,2025-06-07,3,0.0,0.0002778549597110308,2.8635864,12.228415,0
10,PN11,CH1,2025-06-07 09:00:00,2025-06-07,3,0.0,0.0013892747985551543,0.6826396,2.9928226,1
11,PN11,CH2,2025-06-07 09:00:00,2025-06-07,3,0.0,0.0002778549597110308,2.3453214,11.443458,3
10,PN11,CH1,2025-06-07 10:00:00,2025-06-07,3,0.0,0.0011114198388441233,3.5020552,32.707676,97
11,PN11,CH2,2025-06-07 10:00:00,2025-06-07,3,0.0,0.0,7.9987087,147.59682,164
10,PN11,CH1,2025-06-07 11:00:00,2025-06-07,3,0.0,0.0008335648791330926,1.7978865,5.79618,0
11,PN11,CH2,2025-06-07 11:00:00,2025-06-07,3,0.0,0.0005557099194220616,2.5343132,11.303911,26
10,PN11,CH1,2025-06-07 12:00:00,2025-06-07,3,0.0,0.0011114198388441233,0.7027094,2.6091938,0
11,PN11,CH2,2025-06-07 12:00:00,2025-06-07,3,0.0,0.0,3.3478894,10.94915,10
10,PN11,CH1,2025-06-07 13:00:00,2025-06-07,3,0.0,0.0005557099194220616,0.57667303,2.3455172,0
11,PN11,CH2,2025-06-07 13:00:00,2025-06-07,3,0.0,0.0008335648791330926,3.559864,11.18157,11
10,PN11,CH1,2025-06-07 14:00:00,2025-06-07,3,0.0,0.0011114198388441233,0.35132408,1.6585732,0
11,PN11,CH2,2025-06-07 14:00:00,2025-06-07,3,0.0,0.0002778549597110308,1.9608828,7.010065,30
10,PN11,CH1,2025-06-07 15:00:00,2025-06-07,3,0.0,0.0005557099194220616,1.1844372,4.004985,0
11,PN11,CH2,2025-06-07 15:00:00,2025-06-07,3,0.0,0.0,1.7754867,7.0304413,3
10,PN11,CH1,2025-06-07 16:00:00,2025-06-07,3,0.0,0.0005557099194220616,0.49960923,3.3414001,0
11,PN11,CH2,2025-06-07 16:00:00,2025-06-07,3,0.0,0.0,2.1980915,10.349379,1
10,PN11,CH1,2025-06-07 17:00:00,2025-06-07,3,0.0,0.0011114198388441233,1.0714376,3.6315994,0
11,PN11,CH2,2025-06-07 17:00:00,2025-06-07,3,0.0,0.0002778549597110308,1.3910704,6.2434387,5
10,PN11,CH1,2025-06-07 18:00:00,2025-06-07,3,0.0,0.0011114198388441233,0.38494062,2.1845493,0
11,PN11,CH2,2025-06-07 18:00:00,2025-06-07,3,0.0,0.0,1.1706884,5.6102867,5
10,PN11,CH1,2025-06-07 19:00:00,2025-06-07,3,0.0,0.0016671297582661851,0.6690532,2.3610516,0
11,PN11,CH2,2025-06-07 19:00:00,2025-06-07,3,0.0,0.0005557099194220616,1.0430669,5.6407223,8
10,PN11,CH1,2025-06-07 20:00:00,2025-06-07,3,0.0,0.0013892747985551543,0.96798134,3.0357018,0
11,PN11,CH2,2025-06-07 20:00:00,2025-06-07,3,0.0,0.0,3.4883602,12.871065,22
10,PN11,CH1,2025-06-07 21:00:00,2025-06-07,3,0.0,0.0005557099194220616,2.228202,7.781721,1
11,PN11,CH2,2025-06-07 21:00:00,2025-06-07,3,0.0,0.0002778549597110308,1.4955539,7.6767797,12
10,PN11,CH1,2025-06-07 22:00:00,2025-06-07,3,0.0,0.0013892747985551543,0.22072665,1.1301785,0
11,PN11,CH2,2025-06-07 22:00:00,2025-06-07,3,0.0,0.0,1.7256923,8.909405,0
10,PN11,CH1,2025-06-07 23:00:00,2025-06-07,3,0.0,0.0011114198388441233,0.40185645,1.599268,0
11,PN11,CH2,2025-06-07 23:00:00,2025-06-07,3,0.0,0.0002778549597110308,2.5807219,10.877176,0
10,PN11,CH1,2025-06-08 00:00:00,2025-06-08,3,0.0,0.001944984717977216,0.32007453,3.518238,5
11,PN11,CH2,2025-06-08 00:00:00,2025-06-08,3,0.0,0.0,3.0358918,13.263151,0
10,PN11,CH1,2025-06-08 01:00:00,2025-06-08,3,0.0,0.0002778549597110308,0.5676021,8.517208,29
11,PN11,CH2,2025-06-08 01:00:00,2025-06-08,3,0.0,0.0,1.2897617,7.346011,1
10,PN11,CH1,2025-06-08 02:00:00,2025-06-08,3,0.0,0.0002778549597110308,0.18363605,0.8485451,0
11,PN11,CH2,2025-06-08 02:00:00,2025-06-08,3,0.0,0.0,1.2308345,6.4202023,0
10,PN11,CH1,2025-06-08 03:00:00,2025-06-08,3,0.0,0.0,0.78968024,4.2371445,0
11,PN11,CH2,2025-06-08 03:00:00,2025-06-08,3,0.0,0.0002778549597110308,1.7242354,11.154898,0
10,PN11,CH1,2025-06-08 04:00:00,2025-06-08,3,0.0,0.0016671297582661851,0.37076285,1.5976639,0
11,PN11,CH2,2025-06-08 04:00:00,2025-06-08,3,0.0,0.0005557099194220616,2.384016,12.32706,0
10,PN11,CH1,2025-06-08 05:00:00,2025-06-08,3,0.0,0.0022228396776882466,0.6016458,2.3317337,0
11,PN11,CH2,2025-06-08 05:00:00,2025-06-08,3,0.0,0.0008335648791330926,1.999885,9.473748,0
10,PN11,CH1,2025-06-08 06:00:00,2025-06-08,3,0.0,0.0011114198388441233,1.0943853,5.6524963,0
11,PN11,CH2,2025-06-08 06:00:00,2025-06-08,3,0.0,0.0005557099194220616,3.0734475,13.902038,0
10,PN11,CH1,2025-06-08 07:00:00,2025-06-08,3,0.0,0.0011114198388441233,0.58909553,3.6907558,25
11,PN11,CH2,2025-06-08 07:00:00,2025-06-08,3,0.0,0.0005557099194220616,5.185391,22.265911,164
10,PN11,CH1,2025-06-08 08:00:00,2025-06-08,3,0.0,0.0005557099194220616,1.7040156,6.19121,16
11,PN11,CH2,2025-06-08 08:00:00,2025-06-08,3,0.0,0.0,4.907139,20.675732,517
10,PN11,CH1,2025-06-08 09:00:00,2025-06-08,3,0.0,0.0005557099194220616,0.56419986,2.630166,0
11,PN11,CH2,2025-06-08 09:00:00,2025-06-08,3,0.0,0.0,2.6860142,12.230986,293
10,PN11,CH1,2025-06-08 10:00:00,2025-06-08,3,0.0,0.0005557099194220616,2.408345,23.231842,98
11,PN11,CH2,2025-06-08 10:00:00,2025-06-08,3,0.0,0.0002778549597110308,3.4000206,59.516838,278
10,PN11,CH1,2025-06-08 11:00:00,2025-06-08,3,0.0002777777777777778,0.0011114198388441233,0.75340265,4.3195477,86
11,PN11,CH2,2025-06-08 11:00:00,2025-06-08,3,0.0002777777777777778,0.0002778549597110308,2.3367257,11.100397,549
10,PN11,CH1,2025-06-08 12:00:00,2025-06-08,3,0.0,0.0002778549597110308,1.6196917,8.271074,107
11,PN11,CH2,2025-06-08 12:00:00,2025-06-08,3,0.0,0.0002778549597110308,1.9619328,9.534918,596
10,PN11,CH1,2025-06-08 13:00:00,2025-06-08,3,0.0,0.0005557099194220616,0.9938622,4.0513268,2
11,PN11,CH2,2025-06-08 13:00:00,2025-06-08,3,0.0,0.0002778549597110308,2.4151063,12.405515,26
10,PN11,CH1,2025-06-08 14:00:00,2025-06-08,3,0.0,0.0008335648791330926,2.3554556,8.837805,0
11,PN11,CH2,2025-06-08 14:00:00,2025-06-08,3,0.0,0.0002778549597110308,1.7900693,8.779205,8
10,PN11,CH1,2025-06-08 15:00:00,2025-06-08,3,0.0,0.0005557099194220616,1.4320211,5.7335567,0
11,PN11,CH2,2025-06-08 15:00:00,2025-06-08,3,0.0,0.0002778549597110308,1.6591042,7.366165,43
10,PN11,CH1,2025-06-08 16:00:00,2025-06-08,3,0.0,0.0002778549597110308,1.9491851,7.99559,0
11,PN11,CH2,2025-06-08 16:00:00,2025-06-08,3,0.0,0.0008335648791330926,1.4138843,7.2142854,26
10,PN11,CH1,2025-06-08 17:00:00,2025-06-08,3,0.0,0.0002778549597110308,1.369113,5.974846,0
11,PN11,CH2,2025-06-08 17:00:00,2025-06-08,3,0.0,0.0005557099194220616,1.4637359,6.403327,54
10,PN11,CH1,2025-06-08 18:00:00,2025-06-08,3,0.0,0.0002778549597110308,2.4049914,9.20929,0
11,PN11,CH2,2025-06-08 18:00:00,2025-06-08,3,0.0,0.0008335648791330926,2.3099163,9.782836,52
10,PN11,CH1,2025-06-08 19:00:00,2025-06-08,3,0.0,0.0005557099194220616,3.379519,14.047848,0
11,PN11,CH2,2025-06-08 19:00:00,2025-06-08,3,0.0,0.0002778549597110308,2.0935874,8.950196,0
10,PN11,CH1,2025-06-08 20:00:00,2025-06-08,3,0.0,0.0002778549597110308,0.84641916,7.3308125,5
11,PN11,CH2,2025-06-08 20:00:00,2025-06-08,3,0.0,0.0005557099194220616,1.4935794,6.139389,0
10,PN11,CH1,2025-06-08 21:00:00,2025-06-08,3,0.0,0.0002778549597110308,0.8908309,4.698559,1
11,PN11,CH2,2025-06-08 21:00:00,2025-06-08,3,0.0,0.0005557099194220616,1.2922184,4.345029,0
10,PN11,CH1,2025-06-08 22:00:00,2025-06-08,3,0.0,0.0002778549597110308,0.729062,7.5452766,11
11,PN11,CH2,2025-06-08 22:00:00,2025-06-08,3,0.0,0.0005557099194220616,0.47070655,3.2025204,0
10,PN11,CH1,2025-06-08 23:00:00,2025-06-08,3,0.0,0.0,0.8742808,2.3327026,0
11,PN11,CH2,2025-06-08 23:00:00,2025-06-08,3,0.0,0.0016671297582661851,0.8192911,2.9321012,0
10,PN11,CH1,2025-06-09 00:00:01,2025-06-09,3,0.0002777777777777778,0.0008335648791330926,0.18371134,0.83047867,0
11,PN11,CH2,2025-06-09 00:00:01,2025-06-09,3,0.0002777777777777778,0.0005557099194220616,0.22705932,1.3334675,0
10,PN11,CH1,2025-06-09 01:00:00,2025-06-09,3,0.0,0.0005557099194220616,1.5710459,5.162359,0
11,PN11,CH2,2025-06-09 01:00:00,2025-06-09,3,0.0,0.0005557099194220616,0.94855773,3.5445385,0
10,PN11,CH1,2025-06-09 02:00:00,2025-06-09,3,0.0,0.0011114198388441233,0.7427112,4.114958,4
11,PN11,CH2,2025-06-09 02:00:00,2025-06-09,3,0.0,0.0,1.365805,5.5792184,0
10,PN11,CH1,2025-06-09 03:00:00,2025-06-09,3,0.0,0.0005557099194220616,1.2069411,3.3039608,0
11,PN11,CH2,2025-06-09 03:00:00,2025-06-09,3,0.0,0.0,1.9268831,9.201728,0
10,PN11,CH1,2025-06-09 04:00:00,2025-06-09,3,0.0,0.0008335648791330926,0.8594054,4.2876606,0
11,PN11,CH2,2025-06-09 04:00:00,2025-06-09,3,0.0,0.0002778549597110308,1.9365247,8.277483,0
10,PN11,CH1,2025-06-09 05:00:00,2025-06-09,3,0.0,0.0011114198388441233,1.488775,8.299278,1
11,PN11,CH2,2025-06-09 05:00:00,2025-06-09,3,0.0,0.0,3.4932191,13.191327,0
10,PN11,CH1,2025-06-09 06:00:00,2025-06-09,3,0.0,0.0008335648791330926,0.585035,2.347826,0
11,PN11,CH2,2025-06-09 06:00:00,2025-06-09,3,0.0,0.0005557099194220616,1.6799881,7.4044614,0
10,PN11,CH1,2025-06-09 07:00:00,2025-06-09,3,0.0,0.0013892747985551543,1.1592485,4.9179783,0
11,PN11,CH2,2025-06-09 07:00:00,2025-06-09,3,0.0,0.0008335648791330926,2.7090304,10.829791,0
10,PN11,CH1,2025-06-09 08:00:00,2025-06-09,3,0.0,0.0008335648791330926,1.3174465,16.493351,49
11,PN11,CH2,2025-06-09 08:00:00,2025-06-09,3,0.0,0.0008335648791330926,1.7618308,14.898516,57
10,PN11,CH1,2025-06-09 09:00:00,2025-06-09,3,0.0,0.0011114198388441233,0.95607376,4.02376,0
11,PN11,CH2,2025-06-09 09:00:00,2025-06-09,3,0.0,0.0,2.6731753,10.503083,15
10,PN11,CH1,2025-06-09 10:00:00,2025-06-09,3,0.0,0.0008335648791330926,1.4950836,5.4384384,0
11,PN11,CH2,2025-06-09 10:00:00,2025-06-09,3,0.0,0.0008335648791330926,1.0311085,3.9988756,0
10,PN11,CH1,2025-06-09 11:00:00,2025-06-09,3,0.0,0.0002778549597110308,2.5778086,11.563824,1
11,PN11,CH2,2025-06-09 11:00:00,2025-06-09,3,0.0,0.0005557099194220616,1.554495,6.2140446,0
10,PN11,CH1,2025-06-09 12:00:00,2025-06-09,3,0.0,0.0005557099194220616,1.803761,6.7242985,0
11,PN11,CH2,2025-06-09 12:00:00,2025-06-09,3,0.0,0.0013892747985551543,0.7832739,4.015379,0
10,PN11,CH1,2025-06-09 13:00:00,2025-06-09,3,0.0,0.0005557099194220616,0.80242944,3.6241493,0
11,PN11,CH2,2025-06-09 13:00:00,2025-06-09,3,0.0,0.0011114198388441233,0.30853376,1.7132607,0
10,PN11,CH1,2025-06-09 14:00:00,2025-06-09,3,0.0,0.0002778549597110308,0.640984,3.7705154,1
11,PN11,CH2,2025-06-09 14:00:00,2025-06-09,3,0.0,0.0016671297582661851,0.54374087,2.4327264,0
10,PN11,CH1,2025-06-09 15:00:00,2025-06-09,3,0.0,0.0002778549597110308,1.0858632,5.0714645,0
11,PN11,CH2,2025-06-09 15:00:00,2025-06-09,3,0.0,0.0002778549597110308,0.3408061,1.6829371,0
10,PN11,CH1,2025-06-09 16:00:00,2025-06-09,3,0.0,0.0002778549597110308,1.5471663,8.078032,0
11,PN11,CH2,2025-06-09 16:00:00,2025-06-09,3,0.0,0.0002778549597110308,0.8350827,2.947785,0
10,PN11,CH1,2025-06-09 17:00:00,2025-06-09,3,0.0,0.0011114198388441233,1.7508323,8.447916,0
11,PN11,CH2,2025-06-09 17:00:00,2025-06-09,3,0.0,0.0002778549597110308,0.7061799,2.4329872,2
10,PN11,CH1,2025-06-09 18:00:00,2025-06-09,3,0.0,0.0008335648791330926,3.6033285,11.633411,0
11,PN11,CH2,2025-06-09 18:00:00,2025-06-09,3,0.0,0.0002778549597110308,1.3135196,6.033927,0
10,PN11,CH1,2025-06-09 19:00:00,2025-06-09,3,0.0,0.0005557099194220616,2.86826,11.634827,0
11,PN11,CH2,2025-06-09 19:00:00,2025-06-09,3,0.0,0.0013892747985551543,1.6509291,7.4601917,0
10,PN11,CH1,2025-06-09 20:00:00,2025-06-09,3,0.0,0.0002778549597110308,0.9681737,5.063858,1
11,PN11,CH2,2025-06-09 20:00:00,2025-06-09,3,0.0,0.0005557099194220616,0.43671784,1.6868486,0
10,PN11,CH1,2025-06-09 21:00:00,2025-06-09,3,0.0,0.0008335648791330926,0.7360636,7.827877,10
11,PN11,CH2,2025-06-09 21:00:00,2025-06-09,3,0.0,0.0008335648791330926,0.83747125,2.8777122,0
10,PN11,CH1,2025-06-09 22:00:00,2025-06-09,3,0.0,0.0008335648791330926,1.5042918,9.746588,8
11,PN11,CH2,2025-06-09 22:00:00,2025-06-09,3,0.0,0.0005557099194220616,0.8476732,2.771616,0
10,PN11,CH1,2025-06-09 23:00:00,2025-06-09,3,0.0,0.0005557099194220616,1.0362399,3.5099678,0
11,PN11,CH2,2025-06-09 23:00:00,2025-06-09,3,0.0,0.0011114198388441233,0.26210755,1.2706223,0
10,PN11,CH1,2025-06-10 00:00:00,2025-06-10,3,0.0,0.0008335648791330926,0.4442371,1.5323982,0
11,PN11,CH2,2025-06-10 00:00:00,2025-06-10,3,0.0,0.0008335648791330926,0.7218519,2.4402518,0
10,PN11,CH1,2025-06-10 01:00:00,2025-06-10,3,0.0,0.0008335648791330926,0.8034939,2.7868137,1
11,PN11,CH2,2025-06-10 01:00:00,2025-06-10,3,0.0,0.0002778549597110308,0.20260458,1.1319294,1
10,PN11,CH1,2025-06-10 02:00:00,2025-06-10,3,0.0,0.0008335648791330926,0.71998817,2.4829807,0
11,PN11,CH2,2025-06-10 02:00:00,2025-06-10,3,0.0,0.0013892747985551543,0.25338903,1.115613,0
10,PN11,CH1,2025-06-10 03:00:00,2025-06-10,3,0.0,0.0008335648791330926,1.4869187,3.9955235,0
11,PN11,CH2,2025-06-10 03:00:00,2025-06-10,3,0.0,0.0005557099194220616,1.8497397,6.0685725,0
10,PN11,CH1,2025-06-10 04:00:00,2025-06-10,3,0.0,0.0011114198388441233,1.3240577,5.6351357,0
11,PN11,CH2,2025-06-10 04:00:00,2025-06-10,3,0.0,0.0008335648791330926,1.2210634,5.1583347,0
10,PN11,CH1,2025-06-10 05:00:00,2025-06-10,3,0.0,0.0005557099194220616,1.1747248,3.87393,1
11,PN11,CH2,2025-06-10 05:00:00,2025-06-10,3,0.0,0.0011114198388441233,3.21462,9.849779,0
10,PN11,CH1,2025-06-10 06:00:00,2025-06-10,3,0.0,0.0002778549597110308,0.45577967,1.6927338,0
11,PN11,CH2,2025-06-10 06:00:00,2025-06-10,3,0.0,0.0025006946373992774,1.022658,4.526787,0
10,PN11,CH1,2025-06-10 07:00:00,2025-06-10,3,0.0,0.0008335648791330926,1.2457604,8.839964,0
11,PN11,CH2,2025-06-10 07:00:00,2025-06-10,3,0.0,0.0002778549597110308,3.005505,12.133791,0
10,PN11,CH1,2025-06-10 08:00:00,2025-06-10,3,0.0,0.0005557099194220616,1.2010614,4.890896,0
11,PN11,CH2,2025-06-10 08:00:00,2025-06-10,3,0.0,0.0,2.3105805,10.033325,0
10,PN11,CH1,2025-06-10 09:00:00,2025-06-10,3,0.0,0.0005557099194220616,0.981356,4.5490265,0
11,PN11,CH2,2025-06-10 09:00:00,2025-06-10,3,0.0,0.0002778549597110308,1.9156836,7.0869923,0
10,PN11,CH1,2025-06-10 10:00:00,2025-06-10,3,0.0,0.0002778549597110308,0.6480204,3.0310097,1
11,PN11,CH2,2025-06-10 10:00:00,2025-06-10,3,0.0,0.0005557099194220616,0.55143666,2.2583833,0
10,PN11,CH1,2025-06-10 11:00:00,2025-06-10,3,0.0,0.0005557099194220616,1.0940572,3.866928,0
11,PN11,CH2,2025-06-10 11:00:00,2025-06-10,3,0.0,0.0011114198388441233,0.7173735,3.6931038,1
10,PN11,CH1,2025-06-10 12:00:00,2025-06-10,3,0.0,0.0002778549597110308,3.328514,77.19707,130
11,PN11,CH2,2025-06-10 12:00:00,2025-06-10,3,0.0,0.0008335648791330926,1.6254506,25.940575,85
10,PN11,CH1,2025-06-10 13:00:00,2025-06-10,3,0.0,0.0008335648791330926,0.7377814,3.6623688,2
11,PN11,CH2,2025-06-10 13:00:00,2025-06-10,3,0.0,0.0005557099194220616,2.8304594,13.212934,0
10,PN11,CH1,2025-06-10 14:00:00,2025-06-10,3,0.0,0.0002778549597110308,0.729388,3.1878815,0
11,PN11,CH2,2025-06-10 14:00:00,2025-06-10,3,0.0,0.0,2.123453,8.155852,0
10,PN11,CH1,2025-06-10 15:00:00,2025-06-10,3,0.0,0.0,0.5152661,4.739353,23
11,PN11,CH2,2025-06-10 15:00:00,2025-06-10,3,0.0,0.0002778549597110308,1.0219772,4.1750073,0
10,PN11,CH1,2025-06-10 16:00:00,2025-06-10,3,0.0,0.0,0.7006505,4.8077087,0
11,PN11,CH2,2025-06-10 16:00:00,2025-06-10,3,0.0,0.0,1.1690807,4.7651677,0
10,PN11,CH1,2025-06-10 17:00:00,2025-06-10,3,0.0,0.0008335648791330926,0.7047197,3.3382301,1
11,PN11,CH2,2025-06-10 17:00:00,2025-06-10,3,0.0,0.0002778549597110308,0.5722538,2.708696,0
10,PN11,CH1,2025-06-10 18:00:00,2025-06-10,3,0.0,0.0,2.3405104,19.049122,358
11,PN11,CH2,2025-06-10 18:00:00,2025-06-10,3,0.0,0.0008335648791330926,0.5615416,4.0415673,30
10,PN11,CH1,2025-06-10 19:00:00,2025-06-10,3,0.0,0.0,2.3088393,9.938591,120
11,PN11,CH2,2025-06-10 19:00:00,2025-06-10,3,0.0,0.0005557099194220616,1.0837829,12.081564,19
10,PN11,CH1,2025-06-10 20:00:00,2025-06-10,3,0.0,0.0002778549597110308,1.8519562,11.872761,6
11,PN11,CH2,2025-06-10 20:00:00,2025-06-10,3,0.0,0.0013892747985551543,2.0881612,7.0351734,0
10,PN11,CH1,2025-06-10 21:00:00,2025-06-10,3,0.0,0.0011114198388441233,2.860998,21.8758,17
11,PN11,CH2,2025-06-10 21:00:00,2025-06-10,3,0.0,0.0,1.2700177,4.222579,0
10,PN11,CH1,2025-06-10 22:00:00,2025-06-10,3,0.0,0.0,0.88537854,3.3024712,0
11,PN11,CH2,2025-06-10 22:00:00,2025-06-10,3,0.0,0.0005557099194220616,1.4388771,5.0928445,0
10,PN11,CH1,2025-06-10 23:00:00,2025-06-10,3,0.0,0.0002778549597110308,0.892049,4.564749,3
11,PN11,CH2,2025-06-10 23:00:00,2025-06-10,3,0.0,0.0002778549597110308,0.2995939,1.5021861,0
10,PN11,CH1,2025-06-11 00:00:01,2025-06-11,3,0.0002777777777777778,0.0,1.3204606,11.444687,75
11,PN11,CH2,2025-06-11 00:00:01,2025-06-11,3,0.0002777777777777778,0.0005557099194220616,0.35008144,3.3849108,7
10,PN11,CH1,2025-06-11 01:00:00,2025-06-11,3,0.0,0.0005557099194220616,0.37257212,1.5726681,0
11,PN11,CH2,2025-06-11 01:00:00,2025-06-11,3,0.0,0.0013892747985551543,0.32188454,1.2758374,0
10,PN11,CH1,2025-06-11 02:00:00,2025-06-11,3,0.0,0.0005557099194220616,0.1286705,0.71268463,0
11,PN11,CH2,2025-06-11 02:00:00,2025-06-11,3,0.0,0.0008335648791330926,0.14209352,0.6558747,0
10,PN11,CH1,2025-06-11 03:00:00,2025-06-11,3,0.0,0.0,2.427742,29.683748,305
11,PN11,CH2,2025-06-11 03:00:00,2025-06-11,3,0.0,0.0,0.7687695,6.709918,20
10,PN11,CH1,2025-06-11 04:00:00,2025-06-11,3,0.0,0.0,0.98953784,6.8841877,351
11,PN11,CH2,2025-06-11 04:00:00,2025-06-11,3,0.0,0.0002778549597110308,0.7833227,3.2270699,7
10,PN11,CH1,2025-06-11 05:00:00,2025-06-11,3,0.0,0.0002778549597110308,1.3811954,6.580576,8
11,PN11,CH2,2025-06-11 05:00:00,2025-06-11,3,0.0,0.0008335648791330926,1.5132799,5.27367,0
10,PN11,CH1,2025-06-11 06:00:00,2025-06-11,3,0.0,0.0,1.8295841,22.794456,583
11,PN11,CH2,2025-06-11 06:00:00,2025-06-11,3,0.0,0.0,1.0434825,4.262738,13
10,PN11,CH1,2025-06-11 07:00:00,2025-06-11,3,0.0,0.0,3.6547697,40.603096,707
11,PN11,CH2,2025-06-11 07:00:00,2025-06-11,3,0.0,0.0002778549597110308,2.774334,17.292572,45
10,PN11,CH1,2025-06-11 08:00:00,2025-06-11,3,0.0,0.0,1.9416072,7.940008,10
11,PN11,CH2,2025-06-11 08:00:00,2025-06-11,3,0.0,0.0002778549597110308,2.097722,11.565834,1
10,PN11,CH1,2025-06-11 09:00:00,2025-06-11,3,0.0,0.0002778549597110308,1.2168434,5.184374,6
11,PN11,CH2,2025-06-11 09:00:00,2025-06-11,3,0.0,0.0002778549597110308,3.02986,15.431345,22
10,PN11,CH1,2025-06-11 10:00:00,2025-06-11,3,0.0,0.0002778549597110308,2.1430447,18.54807,73
11,PN11,CH2,2025-06-11 10:00:00,2025-06-11,3,0.0,0.0008335648791330926,3.4742057,12.464746,21
10,PN11,CH1,2025-06-11 11:00:00,2025-06-11,3,0.0,0.0,4.118543,36.566223,779
11,PN11,CH2,2025-06-11 11:00:00,2025-06-11,3,0.0,0.0013892747985551543,2.3546624,22.809319,327
10,PN11,CH1,2025-06-11 12:00:00,2025-06-11,3,0.0,0.0002778549597110308,7.2270265,62.25504,1786
11,PN11,CH2,2025-06-11 12:00:00,2025-06-11,3,0.0,0.0002778549597110308,7.910828,46.297386,2093
10,PN11,CH1,2025-06-11 13:00:00,2025-06-11,3,0.0,0.0,5.274527,35.87775,2564
11,PN11,CH2,2025-06-11 13:00:00,2025-06-11,3,0.0,0.0,7.540877,45.30735,2743
10,PN11,CH1,2025-06-11 14:00:00,2025-06-11,3,0.0,0.0,7.9443803,45.979027,1247
11,PN11,CH2,2025-06-11 14:00:00,2025-06-11,3,0.0,0.0,6.945804,82.684944,1231
10,PN11,CH1,2025-06-11 15:00:00,2025-06-11,3,0.0,0.0002778549597110308,0.44688028,4.1307507,8
11,PN11,CH2,2025-06-11 15:00:00,2025-06-11,3,0.0,0.0011114198388441233,4.257102,14.561191,6
10,PN11,CH1,2025-06-11 16:00:00,2025-06-11,3,0.0,0.0002778549597110308,1.0676454,6.7424774,21
11,PN11,CH2,2025-06-11 16:00:00,2025-06-11,3,0.0,0.0008335648791330926,3.8239584,11.588335,0
10,PN11,CH1,2025-06-11 17:00:00,2025-06-11,3,0.0,0.0,2.9608955,9.986832,1
11,PN11,CH2,2025-06-11 17:00:00,2025-06-11,3,0.0,0.0002778549597110308,1.8151656,6.2692165,0
10,PN11,CH1,2025-06-11 18:00:00,2025-06-11,3,0.0,0.0008335648791330926,5.0409284,14.195368,0
11,PN11,CH2,2025-06-11 18:00:00,2025-06-11,3,0.0,0.0005557099194220616,2.5659087,8.052662,0
10,PN11,CH1,2025-06-11 19:00:00,2025-06-11,3,0.0,0.0005557099194220616,1.5184429,6.320402,2
11,PN11,CH2,2025-06-11 19:00:00,2025-06-11,3,0.0,0.0002778549597110308,2.7966,9.156018,0
10,PN11,CH1,2025-06-11 20:00:00,2025-06-11,3,0.0,0.0002778549597110308,1.1425966,4.3328114,0
11,PN11,CH2,2025-06-11 20:00:00,2025-06-11,3,0.0,0.0008335648791330926,1.4785504,5.235486,0
10,PN11,CH1,2025-06-11 21:00:00,2025-06-11,3,0.0,0.0,1.0049572,3.9704876,0
11,PN11,CH2,2025-06-11 21:00:00,2025-06-11,3,0.0,0.0002778549597110308,0.8683189,3.0926619,0
10,PN11,CH1,2025-06-11 22:00:00,2025-06-11,3,0.0,0.0,0.73340005,3.0268345,0
11,PN11,CH2,2025-06-11 22:00:00,2025-06-11,3,0.0,0.0005557099194220616,1.772294,8.716806,17
10,PN11,CH1,2025-06-11 23:00:00,2025-06-11,3,0.0,0.0002778549597110308,0.3307052,2.3782997,0
11,PN11,CH2,2025-06-11 23:00:00,2025-06-11,3,0.0,0.0,0.3983478,1.4700365,0
10,PN11,CH1,2025-06-12 00:00:01,2025-06-12,3,0.0002777777777777778,0.0002778549597110308,0.31777686,2.0475311,0
11,PN11,CH2,2025-06-12 00:00:01,2025-06-12,3,0.0002777777777777778,0.0,0.2068754,2.1035972,0
10,PN11,CH1,2025-06-12 01:00:00,2025-06-12,3,0.0,0.0,0.22760715,1.0811539,0
11,PN11,CH2,2025-06-12 01:00:00,2025-06-12,3,0.0,0.0,0.17824689,0.7740035,0
10,PN11,CH1,2025-06-12 02:00:00,2025-06-12,3,0.0,0.0002778549597110308,0.36314788,2.4402885,0
11,PN11,CH2,2025-06-12 02:00:00,2025-06-12,3,0.0,0.0008335648791330926,0.2972597,1.3702364,0
10,PN11,CH1,2025-06-12 03:00:00,2025-06-12,3,0.0,0.0002778549597110308,0.5491446,1.9585342,1
11,PN11,CH2,2025-06-12 03:00:00,2025-06-12,3,0.0,0.0002778549597110308,0.17074062,1.2609363,1
10,PN11,CH1,2025-06-12 04:00:00,2025-06-12,3,0.0,0.0005557099194220616,0.2382755,1.3135738,6
11,PN11,CH2,2025-06-12 04:00:00,2025-06-12,3,0.0,0.0002778549597110308,0.95385116,2.8681006,0
10,PN11,CH1,2025-06-12 05:00:00,2025-06-12,3,0.0,0.0005557099194220616,0.21744761,1.1958542,1
11,PN11,CH2,2025-06-12 05:00:00,2025-06-12,3,0.0,0.0002778549597110308,1.1308362,9.772256,15
10,PN11,CH1,2025-06-12 06:00:00,2025-06-12,3,0.0,0.0,0.3558794,1.4280148,0
11,PN11,CH2,2025-06-12 06:00:00,2025-06-12,3,0.0,0.0005557099194220616,0.9866313,3.8014355,0
10,PN11,CH1,2025-06-12 07:00:00,2025-06-12,3,0.0,0.0005557099194220616,1.2084087,4.6975155,0
11,PN11,CH2,2025-06-12 07:00:00,2025-06-12,3,0.0,0.0005557099194220616,2.81291,11.332706,1
10,PN11,CH1,2025-06-12 08:00:00,2025-06-12,3,0.0,0.0005557099194220616,2.239706,8.425713,0
11,PN11,CH2,2025-06-12 08:00:00,2025-06-12,3,0.0,0.0005557099194220616,2.9731493,12.302845,0
10,PN11,CH1,2025-06-12 09:00:00,2025-06-12,3,0.0,0.0005557099194220616,1.3119779,4.6124687,0
11,PN11,CH2,2025-06-12 09:00:00,2025-06-12,3,0.0,0.0005557099194220616,1.1452608,5.272105,0
10,PN11,CH1,2025-06-12 10:00:00,2025-06-12,3,0.0,0.0,0.61010087,3.0279522,0
11,PN11,CH2,2025-06-12 10:00:00,2025-06-12,3,0.0,0.0005557099194220616,1.4008743,5.074963,0
10,PN11,CH1,2025-06-12 11:00:00,2025-06-12,3,0.0002777777777777778,0.0005557099194220616,1.4173301,5.0608063,0
11,PN11,CH2,2025-06-12 11:00:00,2025-06-12,3,0.0002777777777777778,0.0005557099194220616,0.40133744,2.9345229,0
10,PN11,CH1,2025-06-12 12:00:00,2025-06-12,3,0.0,0.0005557099194220616,0.8972138,4.1616707,0
11,PN11,CH2,2025-06-12 12:00:00,2025-06-12,3,0.0,0.0005557099194220616,0.64296025,2.8565898,0
10,PN11,CH1,2025-06-12 13:00:00,2025-06-12,3,0.0,0.0,1.2615033,47.94858,62
11,PN11,CH2,2025-06-12 13:00:00,2025-06-12,3,0.0,0.0002778549597110308,2.4117215,87.79906,111
10,PN11,CH1,2025-06-12 14:00:00,2025-06-12,3,0.0,0.0002778549597110308,1.5022132,78.662415,39
11,PN11,CH2,2025-06-12 14:00:00,2025-06-12,3,0.0,0.0002778549597110308,5.585872,158.1062,81
10,PN11,CH1,2025-06-12 15:00:00,2025-06-12,3,0.0,0.0005557099194220616,0.4562556,2.5051832,0
11,PN11,CH2,2025-06-12 15:00:00,2025-06-12,3,0.0,0.0002778549597110308,0.38593167,2.7870014,23
10,PN11,CH1,2025-06-12 16:00:00,2025-06-12,3,0.0,0.0002778549597110308,0.8098695,3.5503502,0
11,PN11,CH2,2025-06-12 16:00:00,2025-06-12,3,0.0,0.0002778549597110308,1.7326047,5.461611,29
10,PN11,CH1,2025-06-12 17:00:00,2025-06-12,3,0.0,0.0005557099194220616,5.578012,17.396212,0
11,PN11,CH2,2025-06-12 17:00:00,2025-06-12,3,0.0,0.0005557099194220616,1.4965577,5.2363796,13
10,PN11,CH1,2025-06-12 18:00:00,2025-06-12,3,0.0,0.0002778549597110308,4.755731,15.277341,0
11,PN11,CH2,2025-06-12 18:00:00,2025-06-12,3,0.0,0.0008335648791330926,2.0254035,9.109452,47
10,PN11,CH1,2025-06-12 19:00:00,2025-06-12,3,0.0,0.0002778549597110308,2.416847,8.33448,0
11,PN11,CH2,2025-06-12 19:00:00,2025-06-12,3,0.0,0.0008335648791330926,3.6346447,13.388767,113
10,PN11,CH1,2025-06-12 20:00:00,2025-06-12,3,0.0,0.0002778549597110308,0.72383744,3.093556,1
11,PN11,CH2,2025-06-12 20:00:00,2025-06-12,3,0.0,0.0008335648791330926,1.009063,6.456412,101
10,PN11,CH1,2025-06-12 21:00:00,2025-06-12,3,0.0,0.0,1.3797293,4.4316797,0
11,PN11,CH2,2025-06-12 21:00:00,2025-06-12,3,0.0,0.0011114198388441233,1.7197807,7.2737045,57
10,PN11,CH1,2025-06-12 22:00:00,2025-06-12,3,0.0,0.0008335648791330926,0.63103795,2.657957,0
11,PN11,CH2,2025-06-12 22:00:00,2025-06-12,3,0.0,0.0002778549597110308,0.9644039,6.3419347,83
10,PN11,CH1,2025-06-12 23:00:00,2025-06-12,3,0.0,0.0,0.2023038,1.7795715,5
11,PN11,CH2,2025-06-12 23:00:00,2025-06-12,3,0.0,0.0002778549597110308,1.2759416,6.1431527,106
10,PN11,CH1,2025-06-13 00:00:00,2025-06-13,3,0.0,0.0002778549597110308,0.41688657,2.460703,17
11,PN11,CH2,2025-06-13 00:00:00,2025-06-13,3,0.0,0.0008335648791330926,0.77331316,5.000308,86
10,PN11,CH1,2025-06-13 01:00:00,2025-06-13,3,0.0,0.0002778549597110308,0.3369682,3.4356117,39
11,PN11,CH2,2025-06-13 01:00:00,2025-06-13,3,0.0,0.0002778549597110308,0.5160839,4.282668,77
10,PN11,CH1,2025-06-13 02:00:00,2025-06-13,3,0.0,0.0002778549597110308,0.23743689,2.670251,55
11,PN11,CH2,2025-06-13 02:00:00,2025-06-13,3,0.0,0.0,0.20499398,2.0733476,54
10,PN11,CH1,2025-06-13 03:00:00,2025-06-13,3,0.0,0.0002778549597110308,0.24086595,2.1519518,63
11,PN11,CH2,2025-06-13 03:00:00,2025-06-13,3,0.0,0.0011114198388441233,0.26108822,1.4061108,15
10,PN11,CH1,2025-06-13 04:00:00,2025-06-13,3,0.0,0.0002778549597110308,0.5244379,2.4604044,30
11,PN11,CH2,2025-06-13 04:00:00,2025-06-13,3,0.0,0.0,0.9904276,3.2406301,3
10,PN11,CH1,2025-06-13 05:00:00,2025-06-13,3,0.0,0.0002778549597110308,0.5439317,3.2581758,6
11,PN11,CH2,2025-06-13 05:00:00,2025-06-13,3,0.0,0.0,0.25597122,3.6739557,22
10,PN11,CH1,2025-06-13 06:00:00,2025-06-13,3,0.0,0.0,0.42386058,2.7464705,14
11,PN11,CH2,2025-06-13 06:00:00,2025-06-13,3,0.0,0.0,1.6609997,5.8175993,22
10,PN11,CH1,2025-06-13 07:00:00,2025-06-13,3,0.0,0.0008335648791330926,1.2607722,4.9773607,1
11,PN11,CH2,2025-06-13 07:00:00,2025-06-13,3,0.0,0.0,2.0061016,8.205511,5
10,PN11,CH1,2025-06-13 08:00:00,2025-06-13,3,0.0,0.0008335648791330926,2.829312,9.490214,0
11,PN11,CH2,2025-06-13 08:00:00,2025-06-13,3,0.0,0.0008335648791330926,3.4329484,13.298094,4
10,PN11,CH1,2025-06-13 09:00:00,2025-06-13,3,0.0,0.0002778549597110308,1.1584091,4.0858984,0
11,PN11,CH2,2025-06-13 09:00:00,2025-06-13,3,0.0,0.0,1.6967083,7.9987574,1
10,PN11,CH1,2025-06-13 10:00:00,2025-06-13,3,0.0,0.0002778549597110308,1.0436432,4.49162,5
11,PN11,CH2,2025-06-13 10:00:00,2025-06-13,3,0.0,0.0005557099194220616,2.1465595,7.7900662,20
10,PN11,CH1,2025-06-13 11:00:00,2025-06-13,3,0.0,0.0002778549597110308,0.8402878,3.6976485,5
11,PN11,CH2,2025-06-13 11:00:00,2025-06-13,3,0.0,0.0002778549597110308,0.9096623,12.31987,11
10,PN11,CH1,2025-06-13 12:00:01,2025-06-13,3,0.0002777777777777778,0.0002778549597110308,0.6051613,3.2144413,2
11,PN11,CH2,2025-06-13 12:00:01,2025-06-13,3,0.0002777777777777778,0.0002778549597110308,0.5697375,3.877059,4
10,PN11,CH1,2025-06-13 13:00:00,2025-06-13,3,0.0,0.0,8.290025,116.58594,173
11,PN11,CH2,2025-06-13 13:00:00,2025-06-13,3,0.0,0.0,4.702601,180.87852,235
10,PN11,CH1,2025-06-13 14:00:00,2025-06-13,3,0.0,0.0,1.3740462,4.7075753,3
11,PN11,CH2,2025-06-13 14:00:00,2025-06-13,3,0.0,0.0,1.2055912,7.27769,3
10,PN11,CH1,2025-06-13 15:00:00,2025-06-13,3,0.0,0.0,0.2976762,1.3009458,0
11,PN11,CH2,2025-06-13 15:00:00,2025-06-13,3,0.0,0.0,0.20240293,1.1151284,0
10,PN11,CH1,2025-06-13 16:00:00,2025-06-13,3,0.0,0.0,0.6602372,2.846569,0
11,PN11,CH2,2025-06-13 16:00:00,2025-06-13,3,0.0,0.0,0.882866,3.41326,0
10,PN11,CH1,2025-06-13 17:00:00,2025-06-13,3,0.0,0.0,1.425202,5.23217,0
11,PN11,CH2,2025-06-13 17:00:00,2025-06-13,3,0.0,0.0005557099194220616,1.1587107,4.0704756,0
10,PN11,CH1,2025-06-13 18:00:00,2025-06-13,3,0.0,0.0,4.1697335,14.025681,2
11,PN11,CH2,2025-06-13 18:00:00,2025-06-13,3,0.0,0.0011114198388441233,1.4292148,5.817786,0
10,PN11,CH1,2025-06-13 19:00:00,2025-06-13,3,0.0,0.0,1.8333589,5.528592,0
11,PN11,CH2,2025-06-13 19:00:00,2025-06-13,3,0.0,0.0002778549597110308,1.3895266,4.7294793,0
10,PN11,CH1,2025-06-13 20:00:00,2025-06-13,3,0.0,0.0008335648791330926,0.57111096,1.9911675,2
11,PN11,CH2,2025-06-13 20:00:00,2025-06-13,3,0.0,0.0,0.639785,2.9926004,0
10,PN11,CH1,2025-06-13 21:00:00,2025-06-13,3,0.0,0.0,0.8483809,3.0640883,0
11,PN11,CH2,2025-06-13 21:00:00,2025-06-13,3,0.0,0.0002778549597110308,1.6118474,5.2334375,0
10,PN11,CH1,2025-06-13 22:00:00,2025-06-13,3,0.0,0.0,0.27402684,1.2813139,2
11,PN11,CH2,2025-06-13 22:00:00,2025-06-13,3,0.0,0.0002778549597110308,0.6123875,2.3628392,0
10,PN11,CH1,2025-06-13 23:00:00,2025-06-13,3,0.0,0.0,0.923364,3.664009,0
11,PN11,CH2,2025-06-13 23:00:00,2025-06-13,3,0.0,0.0002778549597110308,0.19579531,1.0097775,0
10,PN11,CH1,2025-06-14 00:00:01,2025-06-14,3,0.0002777777777777778,0.0002778549597110308,0.6730517,2.8879938,0
11,PN11,CH2,2025-06-14 00:00:01,2025-06-14,3,0.0002777777777777778,0.0,0.7913885,2.4860353,0
10,PN11,CH1,2025-06-14 01:00:00,2025-06-14,3,0.0,0.0005557099194220616,1.0706915,4.811845,7
11,PN11,CH2,2025-06-14 01:00:00,2025-06-14,3,0.0,0.0008335648791330926,0.5258379,2.207756,0
10,PN11,CH1,2025-06-14 02:00:00,2025-06-14,3,0.0,0.0002778549597110308,0.31952462,3.869831,23
11,PN11,CH2,2025-06-14 02:00:00,2025-06-14,3,0.0,0.0002778549597110308,0.23627436,1.47596,2
10,PN11,CH1,2025-06-14 03:00:00,2025-06-14,3,0.0,0.0,1.8282753,8.590445,36
11,PN11,CH2,2025-06-14 03:00:00,2025-06-14,3,0.0,0.0002778549597110308,0.28067258,1.3553351,3
10,PN11,CH1,2025-06-14 04:00:00,2025-06-14,3,0.0,0.0,1.533492,10.255726,153
11,PN11,CH2,2025-06-14 04:00:00,2025-06-14,3,0.0,0.0002778549597110308,0.8242623,4.34611,36
10,PN11,CH1,2025-06-14 05:00:00,2025-06-14,3,0.0,0.0005557099194220616,1.6181682,7.0596485,32
11,PN11,CH2,2025-06-14 05:00:00,2025-06-14,3,0.0,0.0,0.38996622,2.1864846,9
10,PN11,CH1,2025-06-14 06:00:00,2025-06-14,3,0.0,0.0,0.66085976,3.4923859,4
11,PN11,CH2,2025-06-14 06:00:00,2025-06-14,3,0.0,0.0,1.9225389,5.923211,1
10,PN11,CH1,2025-06-14 07:00:00,2025-06-14,3,0.0,0.0,0.70478076,2.8474998,0
11,PN11,CH2,2025-06-14 07:00:00,2025-06-14,3,0.0,0.0,0.9504361,3.1234326,0
10,PN11,CH1,2025-06-14 08:00:00,2025-06-14,3,0.0,0.0002778549597110308,0.7088061,2.9083347,2
11,PN11,CH2,2025-06-14 08:00:00,2025-06-14,3,0.0,0.0011114198388441233,3.9981391,14.203601,1
10,PN11,CH1,2025-06-14 09:00:00,2025-06-14,3,0.0,0.0,1.1746393,3.9389734,0
11,PN11,CH2,2025-06-14 09:00:00,2025-06-14,3,0.0,0.0,2.9951992,14.045983,8
10,PN11,CH1,2025-06-14 10:00:00,2025-06-14,3,0.0,0.0002778549597110308,0.53758824,6.7751474,15
11,PN11,CH2,2025-06-14 10:00:00,2025-06-14,3,0.0,0.0002778549597110308,1.020179,3.718883,1
10,PN11,CH1,2025-06-14 11:00:00,2025-06-14,3,0.0,0.0002778549597110308,0.61878693,2.9022245,2
11,PN11,CH2,2025-06-14 11:00:00,2025-06-14,3,0.0,0.0008335648791330926,0.593006,3.2750516,3
10,PN11,CH1,2025-06-14 12:00:00,2025-06-14,3,0.0,0.0,0.596997,2.8411303,0
11,PN11,CH2,2025-06-14 12:00:00,2025-06-14,3,0.0,0.0002778549597110308,0.9672138,5.5018444,9
10,PN11,CH1,2025-06-14 13:00:00,2025-06-14,3,0.0,0.0,0.64409775,3.845357,1
11,PN11,CH2,2025-06-14 13:00:00,2025-06-14,3,0.0,0.0002778549597110308,1.465671,10.622107,35
10,PN11,CH1,2025-06-14 14:00:00,2025-06-14,3,0.0,0.0005557099194220616,2.3066983,76.4221,48
11,PN11,CH2,2025-06-14 14:00:00,2025-06-14,3,0.0,0.0005557099194220616,4.0145144,178.12514,96
10,PN11,CH1,2025-06-14 15:00:00,2025-06-14,3,0.0,0.0,0.62936306,3.2933054,0
11,PN11,CH2,2025-06-14 15:00:00,2025-06-14,3,0.0,0.0,0.6605117,2.791099,0
10,PN11,CH1,2025-06-14 16:00:00,2025-06-14,3,0.0,0.0,1.253273,6.087795,0
11,PN11,CH2,2025-06-14 16:00:00,2025-06-14,3,0.0,0.0008335648791330926,1.2745392,5.0671024,0
10,PN11,CH1,2025-06-14 17:00:00,2025-06-14,3,0.0,0.0002778549597110308,1.4650204,5.0219893,0
11,PN11,CH2,2025-06-14 17:00:00,2025-06-14,3,0.0,0.0,1.7069986,6.194935,0
10,PN11,CH1,2025-06-14 18:00:00,2025-06-14,3,0.0,0.0,4.9459877,14.769918,0
11,PN11,CH2,2025-06-14 18:00:00,2025-06-14,3,0.0,0.0002778549597110308,1.378709,4.9702826,0
10,PN11,CH1,2025-06-14 19:00:00,2025-06-14,3,0.0,0.0005557099194220616,1.9021379,6.8517036,0
11,PN11,CH2,2025-06-14 19:00:00,2025-06-14,3,0.0,0.0,1.1357526,3.7552795,0
10,PN11,CH1,2025-06-14 20:00:00,2025-06-14,3,0.0,0.0,0.7366125,2.9796734,0
11,PN11,CH2,2025-06-14 20:00:00,2025-06-14,3,0.0,0.0002778549597110308,0.5155087,2.6224556,0
10,PN11,CH1,2025-06-14 21:00:00,2025-06-14,3,0.0,0.0002778549597110308,1.503183,5.4804983,1
11,PN11,CH2,2025-06-14 21:00:00,2025-06-14,3,0.0,0.0002778549597110308,1.238986,4.4308977,0
10,PN11,CH1,2025-06-14 22:00:00,2025-06-14,3,0.0,0.0008335648791330926,1.1715156,4.277529,0
11,PN11,CH2,2025-06-14 22:00:00,2025-06-14,3,0.0,0.0002778549597110308,1.817423,5.1946187,2
10,PN11,CH1,2025-06-14 23:00:00,2025-06-14,3,0.0002777777777777778,0.0002778549597110308,0.27542156,1.133791,0
11,PN11,CH2,2025-06-14 23:00:00,2025-06-14,3,0.0002777777777777778,0.0,0.2826172,1.0666246,0
10,PN11,CH1,2025-06-15 00:00:00,2025-06-15,3,0.0,0.0,0.19503006,1.0991478,0
11,PN11,CH2,2025-06-15 00:00:00,2025-06-15,3,0.0,0.0,1.0093575,3.1948092,0
10,PN11,CH1,2025-06-15 01:00:00,2025-06-15,3,0.0,0.0005557099194220616,0.7316288,2.5451183,0
11,PN11,CH2,2025-06-15 01:00:00,2025-06-15,3,0.0,0.0002778549597110308,0.6043902,5.859211,3
10,PN11,CH1,2025-06-15 02:00:00,2025-06-15,3,0.0,0.0002778549597110308,0.40594226,1.7157192,0
11,PN11,CH2,2025-06-15 02:00:00,2025-06-15,3,0.0,0.0,1.4326851,4.4880805,0
10,PN11,CH1,2025-06-15 03:00:00,2025-06-15,3,0.0,0.0005557099194220616,0.28979272,5.019308,6
11,PN11,CH2,2025-06-15 03:00:00,2025-06-15,3,0.0,0.0005557099194220616,0.5551722,2.1781027,0
10,PN11,CH1,2025-06-15 04:00:00,2025-06-15,3,0.0,0.0,0.9136893,3.1232834,0
11,PN11,CH2,2025-06-15 04:00:00,2025-06-15,3,0.0,0.0002778549597110308,0.62784046,7.5852127,5
10,PN11,CH1,2025-06-15 05:00:00,2025-06-15,3,0.0,0.0002778549597110308,0.48334682,2.4864464,0
11,PN11,CH2,2025-06-15 05:00:00,2025-06-15,3,0.0,0.0,1.5349958,5.6086483,0
10,PN11,CH1,2025-06-15 06:00:00,2025-06-15,3,0.0,0.0002778549597110308,0.6443624,3.0726185,0
11,PN11,CH2,2025-06-15 06:00:00,2025-06-15,3,0.0,0.0005557099194220616,0.65350163,4.2214985,1
10,PN11,CH1,2025-06-15 07:00:00,2025-06-15,3,0.0,0.0002778549597110308,1.2577404,4.069171,0
11,PN11,CH2,2025-06-15 07:00:00,2025-06-15,3,0.0,0.0005557099194220616,2.7930586,9.719543,0
10,PN11,CH1,2025-06-15 08:00:00,2025-06-15,3,0.0,0.0005557099194220616,1.1049132,4.6642494,0
11,PN11,CH2,2025-06-15 08:00:00,2025-06-15,3,0.0,0.0002778549597110308,4.6348495,15.074535,2
10,PN11,CH1,2025-06-15 09:00:00,2025-06-15,3,0.0,0.0,1.1136485,5.016253,0
11,PN11,CH2,2025-06-15 09:00:00,2025-06-15,3,0.0,0.0002778549597110308,1.5011489,6.4503403,0
10,PN11,CH1,2025-06-15 10:00:00,2025-06-15,3,0.0,0.0002778549597110308,0.41091624,2.2975354,0
11,PN11,CH2,2025-06-15 10:00:00,2025-06-15,3,0.0,0.0,2.184715,7.556565,0
10,PN11,CH1,2025-06-15 11:00:00,2025-06-15,3,0.0,0.0002778549597110308,0.82205194,4.720315,3
11,PN11,CH2,2025-06-15 11:00:00,2025-06-15,3,0.0,0.0002778549597110308,3.9755487,13.959185,0
10,PN11,CH1,2025-06-15 12:00:01,2025-06-15,3,0.0002777777777777778,0.0002778549597110308,0.90925187,4.525445,0
11,PN11,CH2,2025-06-15 12:00:01,2025-06-15,3,0.0002777777777777778,0.0,1.8151933,10.854303,90
10,PN11,CH1,2025-06-15 13:00:00,2025-06-15,3,0.0,0.0,2.30276,49.995632,66
11,PN11,CH2,2025-06-15 13:00:00,2025-06-15,3,0.0,0.0,1.742555,69.63081,77
10,PN11,CH1,2025-06-15 14:00:00,2025-06-15,3,0.0,0.0,0.4805931,2.6310606,3
11,PN11,CH2,2025-06-15 14:00:00,2025-06-15,3,0.0,0.0002778549597110308,1.143258,4.0407476,0
10,PN11,CH1,2025-06-15 15:00:00,2025-06-15,3,0.0,0.0002778549597110308,0.24961047,1.3266878,0
11,PN11,CH2,2025-06-15 15:00:00,2025-06-15,3,0.0,0.0008335648791330926,0.49676213,2.0821764,0
10,PN11,CH1,2025-06-15 16:00:00,2025-06-15,3,0.0,0.0002778549597110308,1.0501103,4.720501,0
11,PN11,CH2,2025-06-15 16:00:00,2025-06-15,3,0.0,0.0002778549597110308,1.6974206,7.6657534,3
10,PN11,CH1,2025-06-15 17:00:00,2025-06-15,3,0.0,0.0005557099194220616,3.31857,12.744516,2
11,PN11,CH2,2025-06-15 17:00:00,2025-06-15,3,0.0,0.0,1.8432076,7.3193016,0
10,PN11,CH1,2025-06-15 18:00:00,2025-06-15,3,0.0,0.0002778549597110308,2.9194918,8.059404,2
11,PN11,CH2,2025-06-15 18:00:00,2025-06-15,3,0.0,0.0,2.903018,9.749756,0
10,PN11,CH1,2025-06-15 19:00:00,2025-06-15,3,0.0,0.0002778549597110308,0.9479708,3.6471329,0
11,PN11,CH2,2025-06-15 19:00:00,2025-06-15,3,0.0,0.0002778549597110308,1.3752135,5.004704,0
10,PN11,CH1,2025-06-15 20:00:00,2025-06-15,3,0.0,0.0005557099194220616,0.2776275,1.5363827,0
11,PN11,CH2,2025-06-15 20:00:00,2025-06-15,3,0.0,0.0,1.6264789,6.1107426,0
10,PN11,CH1,2025-06-15 21:00:00,2025-06-15,3,0.0,0.0002778549597110308,0.72956413,2.5463848,0
11,PN11,CH2,2025-06-15 21:00:00,2025-06-15,3,0.0,0.0,1.0174168,4.406385,0
10,PN11,CH1,2025-06-15 22:00:00,2025-06-15,3,0.0,0.0,1.0865483,4.104227,1
11,PN11,CH2,2025-06-15 22:00:00,2025-06-15,3,0.0,0.0002778549597110308,1.1982026,4.2086096,0
10,PN11,CH1,2025-06-15 23:00:00,2025-06-15,3,0.0002777777777777778,0.0,0.22002824,1.1370335,1
11,PN11,CH2,2025-06-15 23:00:00,2025-06-15,3,0.0002777777777777778,0.0,0.73630524,2.588704,0
10,PN11,CH1,2025-06-16 00:00:00,2025-06-16,3,0.0,0.0,1.2176763,4.163088,2
11,PN11,CH2,2025-06-16 00:00:00,2025-06-16,3,0.0,0.0002778549597110308,0.11134593,0.6278231,0
10,PN11,CH1,2025-06-16 01:00:00,2025-06-16,3,0.0,0.0,0.6740024,2.7578697,0
11,PN11,CH2,2025-06-16 01:00:00,2025-06-16,3,0.0,0.0,0.084037915,0.4709139,0
10,PN11,CH1,2025-06-16 02:00:00,2025-06-16,3,0.0,0.0,0.32376727,1.6020985,0
11,PN11,CH2,2025-06-16 02:00:00,2025-06-16,3,0.0,0.0005557099194220616,0.09539706,0.5052984,0
10,PN11,CH1,2025-06-16 03:00:00,2025-06-16,3,0.0,0.0,0.34950122,2.4023666,6
11,PN11,CH2,2025-06-16 03:00:00,2025-06-16,3,0.0,0.0005557099194220616,0.073678695,0.5249679,0
10,PN11,CH1,2025-06-16 04:00:00,2025-06-16,3,0.0,0.0005557099194220616,0.75347644,2.9242783,0
11,PN11,CH2,2025-06-16 04:00:00,2025-06-16,3,0.0,0.0002778549597110308,0.6999413,2.2655725,0
10,PN11,CH1,2025-06-16 05:00:00,2025-06-16,3,0.0,0.0,0.49978867,1.5892086,0
11,PN11,CH2,2025-06-16 05:00:00,2025-06-16,3,0.0,0.0002778549597110308,0.33860865,1.1220948,0
10,PN11,CH1,2025-06-16 06:00:00,2025-06-16,3,0.0,0.0002778549597110308,0.7008566,2.8660145,0
11,PN11,CH2,2025-06-16 06:00:00,2025-06-16,3,0.0,0.0002778549597110308,0.9731332,3.2055004,0
10,PN11,CH1,2025-06-16 07:00:00,2025-06-16,3,0.0,0.0,0.47406355,1.9942598,0
11,PN11,CH2,2025-06-16 07:00:00,2025-06-16,3,0.0,0.0,0.8539956,3.0221791,0
10,PN11,CH1,2025-06-16 08:00:00,2025-06-16,3,0.0,0.0002778549597110308,0.93400306,2.9024487,0
11,PN11,CH2,2025-06-16 08:00:00,2025-06-16,3,0.0,0.0008335648791330926,1.2937317,4.7414007,0
10,PN11,CH1,2025-06-16 09:00:00,2025-06-16,3,0.0,0.0,0.8370718,3.3849854,0
11,PN11,CH2,2025-06-16 09:00:00,2025-06-16,3,0.0,0.0,0.82177037,3.2036,0
10,PN11,CH1,2025-06-16 10:00:00,2025-06-16,3,0.0,0.0,0.5798538,3.5579877,0
11,PN11,CH2,2025-06-16 10:00:00,2025-06-16,3,0.0,0.0002778549597110308,0.59243333,3.0171504,0
10,PN11,CH1,2025-06-16 11:00:00,2025-06-16,3,0.0,0.0,8.349834,97.00485,58
11,PN11,CH2,2025-06-16 11:00:00,2025-06-16,3,0.0,0.0,2.6523697,13.697259,44
10,PN11,CH1,2025-06-16 12:00:00,2025-06-16,3,0.0,0.0,1.5861433,5.4740534,0
11,PN11,CH2,2025-06-16 12:00:00,2025-06-16,3,0.0,0.0005557099194220616,3.064981,10.742695,66
10,PN11,CH1,2025-06-16 13:00:00,2025-06-16,3,0.0,0.0,0.724129,3.9820745,0
11,PN11,CH2,2025-06-16 13:00:00,2025-06-16,3,0.0,0.0002778549597110308,1.7208719,8.439012,28
10,PN11,CH1,2025-06-16 14:00:00,2025-06-16,3,0.0,0.0002778549597110308,1.9669776,6.5601616,0
11,PN11,CH2,2025-06-16 14:00:00,2025-06-16,3,0.0,0.0011114198388441233,1.9315948,7.872134,3
10,PN11,CH1,2025-06-16 15:00:00,2025-06-16,3,0.0,0.0002778549597110308,0.82237405,4.313886,0
11,PN11,CH2,2025-06-16 15:00:00,2025-06-16,3,0.0,0.0002778549597110308,1.1090832,4.3340397,0
10,PN11,CH1,2025-06-16 16:00:00,2025-06-16,3,0.0,0.0,0.74642587,3.5858154,0
11,PN11,CH2,2025-06-16 16:00:00,2025-06-16,3,0.0,0.0008335648791330926,0.69041014,5.3369627,10
10,PN11,CH1,2025-06-16 17:00:00,2025-06-16,3,0.0,0.0002778549597110308,1.904304,7.0195646,0
11,PN11,CH2,2025-06-16 17:00:00,2025-06-16,3,0.0,0.0002778549597110308,1.1629635,6.237328,1
10,PN11,CH1,2025-06-16 18:00:00,2025-06-16,3,0.0,0.0002778549597110308,2.963646,10.037161,3
11,PN11,CH2,2025-06-16 18:00:00,2025-06-16,3,0.0,0.0002778549597110308,1.0060425,6.8929043,0
10,PN11,CH1,2025-06-16 19:00:00,2025-06-16,3,0.0,0.0002778549597110308,2.1012883,7.289387,0
11,PN11,CH2,2025-06-16 19:00:00,2025-06-16,3,0.0,0.0002778549597110308,2.4974692,9.291023,0
10,PN11,CH1,2025-06-16 20:00:00,2025-06-16,3,0.0,0.0002778549597110308,0.65401673,2.4184585,0
11,PN11,CH2,2025-06-16 20:00:00,2025-06-16,3,0.0,0.0,0.2012175,1.141429,0
10,PN11,CH1,2025-06-16 21:00:00,2025-06-16,3,0.0,0.0,0.8446287,3.394857,0
11,PN11,CH2,2025-06-16 21:00:00,2025-06-16,3,0.0,0.0005557099194220616,1.0691265,3.7439165,0
10,PN11,CH1,2025-06-16 22:00:00,2025-06-16,3,0.0,0.0,0.69860727,2.9890242,0
11,PN11,CH2,2025-06-16 22:00:00,2025-06-16,3,0.0,0.0005557099194220616,0.89591616,3.4598265,0
10,PN11,CH1,2025-06-16 23:00:00,2025-06-16,3,0.0002777777777777778,0.0,0.37911946,2.5264177,0
11,PN11,CH2,2025-06-16 23:00:00,2025-06-16,3,0.0002777777777777778,0.0002778549597110308,1.1314075,3.9084258,0
10,PN11,CH1,2025-06-17 00:00:00,2025-06-17,3,0.0,0.0,0.7624025,5.8913226,3
11,PN11,CH2,2025-06-17 00:00:00,2025-06-17,3,0.0,0.0,0.48978338,1.7565489,0
10,PN11,CH1,2025-06-17 01:00:00,2025-06-17,3,0.0,0.0,1.4688478,5.5839124,0
11,PN11,CH2,2025-06-17 01:00:00,2025-06-17,3,0.0,0.0,0.10256266,0.5090982,0
10,PN11,CH1,2025-06-17 02:00:00,2025-06-17,3,0.0,0.0002778549597110308,0.6967594,3.8000937,0
11,PN11,CH2,2025-06-17 02:00:00,2025-06-17,3,0.0,0.0,0.07872367,0.39868057,0
10,PN11,CH1,2025-06-17 03:00:00,2025-06-17,3,0.0,0.0,0.6976265,4.230216,0
11,PN11,CH2,2025-06-17 03:00:00,2025-06-17,3,0.0,0.0002778549597110308,0.16401081,0.67457545,0
10,PN11,CH1,2025-06-17 04:00:00,2025-06-17,3,0.0,0.0,0.45743966,2.2644181,0
11,PN11,CH2,2025-06-17 04:00:00,2025-06-17,3,0.0,0.0,0.5822262,2.5200844,0
10,PN11,CH1,2025-06-17 05:00:00,2025-06-17,3,0.0,0.0,0.20462522,1.3245268,0
11,PN11,CH2,2025-06-17 05:00:00,2025-06-17,3,0.0,0.0,1.2738689,4.068315,0
10,PN11,CH1,2025-06-17 06:00:00,2025-06-17,3,0.0,0.0005557099194220616,0.2676647,1.5562401,0
11,PN11,CH2,2025-06-17 06:00:00,2025-06-17,3,0.0,0.0002778549597110308,1.3528503,4.264079,0
10,PN11,CH1,2025-06-17 07:00:00,2025-06-17,3,0.0,0.0002778549597110308,0.77369237,3.3320115,0
11,PN11,CH2,2025-06-17 07:00:00,2025-06-17,3,0.0,0.0002778549597110308,3.4587548,12.877322,0
10,PN11,CH1,2025-06-17 08:00:00,2025-06-17,3,0.0,0.0005557099194220616,1.1638007,3.9043279,0
11,PN11,CH2,2025-06-17 08:00:00,2025-06-17,3,0.0,0.0,2.9881318,12.429581,1
10,PN11,CH1,2025-06-17 09:00:00,2025-06-17,3,0.0,0.0002778549597110308,1.5949682,5.1070004,2
11,PN11,CH2,2025-06-17 09:00:00,2025-06-17,3,0.0,0.0005557099194220616,1.1817452,7.348731,0
10,PN11,CH1,2025-06-17 10:00:00,2025-06-17,3,0.0,0.0,0.6014929,2.8521566,0
11,PN11,CH2,2025-06-17 10:00:00,2025-06-17,3,0.0,0.0002778549597110308,1.7903776,5.722381,0
10,PN11,CH1,2025-06-17 11:00:00,2025-06-17,3,0.0,0.0005557099194220616,0.5962236,4.1095166,0
11,PN11,CH2,2025-06-17 11:00:00,2025-06-17,3,0.0,0.0008335648791330926,0.24332163,1.1173635,1
10,PN11,CH1,2025-06-17 12:00:01,2025-06-17,3,0.0002777777777777778,0.0,0.6871982,2.9227884,0
11,PN11,CH2,2025-06-17 12:00:01,2025-06-17,3,0.0002777777777777778,0.0008335648791330926,1.1020856,4.5871363,1
10,PN11,CH1,2025-06-17 13:00:00,2025-06-17,3,0.0,0.0002778549597110308,1.2734498,20.536036,24
11,PN11,CH2,2025-06-17 13:00:00,2025-06-17,3,0.0,0.0005557099194220616,4.4668436,223.12753,85
10,PN11,CH1,2025-06-17 14:00:00,2025-06-17,3,0.0,0.0,0.90066373,3.9486587,0
11,PN11,CH2,2025-06-17 14:00:00,2025-06-17,3,0.0,0.0,1.203269,4.483983,0
10,PN11,CH1,2025-06-17 15:00:00,2025-06-17,3,0.0,0.0002778549597110308,0.5051502,3.4826248,2
11,PN11,CH2,2025-06-17 15:00:00,2025-06-17,3,0.0,0.0002778549597110308,0.83153516,2.9974432,0
10,PN11,CH1,2025-06-17 16:00:00,2025-06-17,3,0.0,0.0002778549597110308,0.45263264,2.623722,0
11,PN11,CH2,2025-06-17 16:00:00,2025-06-17,3,0.0,0.0,1.0702204,3.5087762,0
10,PN11,CH1,2025-06-17 17:00:00,2025-06-17,3,0.0,0.0,1.883979,6.736368,0
11,PN11,CH2,2025-06-17 17:00:00,2025-06-17,3,0.0,0.0,1.0754642,4.1771307,1
10,PN11,CH1,2025-06-17 18:00:00,2025-06-17,3,0.0,0.0,4.644863,15.260167,5
11,PN11,CH2,2025-06-17 18:00:00,2025-06-17,3,0.0,0.0002778549597110308,1.4808005,5.8164077,2
10,PN11,CH1,2025-06-17 19:00:00,2025-06-17,3,0.0,0.0002778549597110308,2.705852,9.919517,2
11,PN11,CH2,2025-06-17 19:00:00,2025-06-17,3,0.0,0.0,1.9767805,5.317815,0
10,PN11,CH1,2025-06-17 20:00:00,2025-06-17,3,0.0,0.0002778549597110308,0.70441294,3.784597,0
11,PN11,CH2,2025-06-17 20:00:00,2025-06-17,3,0.0,0.0,0.21848367,1.0952353,0
10,PN11,CH1,2025-06-17 21:00:00,2025-06-17,3,0.0,0.0,0.7624874,3.2299013,4
11,PN11,CH2,2025-06-17 21:00:00,2025-06-17,3,0.0,0.0005557099194220616,0.7819464,3.348589,0
10,PN11,CH1,2025-06-17 22:00:00,2025-06-17,3,0.0,0.0002778549597110308,1.0027106,4.166216,0
11,PN11,CH2,2025-06-17 22:00:00,2025-06-17,3,0.0,0.0,0.7347133,2.43146,0
10,PN11,CH1,2025-06-17 23:00:00,2025-06-17,3,0.0,0.0002778549597110308,0.36637902,2.691187,2
11,PN11,CH2,2025-06-17 23:00:00,2025-06-17,3,0.0,0.0005557099194220616,0.5429927,2.0734222,0
10,PN11,CH1,2025-06-18 00:00:00,2025-06-18,3,0.0,0.0,0.5081748,1.7850094,0
11,PN11,CH2,2025-06-18 00:00:00,2025-06-18,3,0.0,0.0002778549597110308,0.094978094,0.608042,0
10,PN11,CH1,2025-06-18 01:00:00,2025-06-18,3,0.0,0.0002778549597110308,0.26666147,2.555735,3
11,PN11,CH2,2025-06-18 01:00:00,2025-06-18,3,0.0,0.0005557099194220616,0.07382182,0.5418806,0
10,PN11,CH1,2025-06-18 02:00:00,2025-06-18,3,0.0,0.0,0.13878353,2.0581112,2
11,PN11,CH2,2025-06-18 02:00:00,2025-06-18,3,0.0,0.0,0.13405278,0.57175756,0
10,PN11,CH1,2025-06-18 03:00:00,2025-06-18,3,0.0,0.0002778549597110308,0.31347948,2.7323513,1
11,PN11,CH2,2025-06-18 03:00:00,2025-06-18,3,0.0,0.0008335648791330926,0.28804445,1.1282041,0
10,PN11,CH1,2025-06-18 04:00:00,2025-06-18,3,0.0,0.0,0.7236289,2.4882708,0
11,PN11,CH2,2025-06-18 04:00:00,2025-06-18,3,0.0,0.0,0.5971949,2.3578105,0
10,PN11,CH1,2025-06-18 05:00:00,2025-06-18,3,0.0,0.0005557099194220616,0.24083607,1.0207295,0
11,PN11,CH2,2025-06-18 05:00:00,2025-06-18,3,0.0,0.0002778549597110308,0.8195133,2.8989837,0
10,PN11,CH1,2025-06-18 06:00:00,2025-06-18,3,0.0,0.0,0.2925642,1.8584733,1
11,PN11,CH2,2025-06-18 06:00:00,2025-06-18,3,0.0,0.0,1.9027283,5.9995804,0
10,PN11,CH1,2025-06-18 07:00:00,2025-06-18,3,0.0,0.0,0.9571101,4.4787307,2
11,PN11,CH2,2025-06-18 07:00:00,2025-06-18,3,0.0,0.0002778549597110308,2.5434089,9.866804,0
10,PN11,CH1,2025-06-18 08:00:00,2025-06-18,3,0.0,0.0002778549597110308,2.7039163,8.250177,1
11,PN11,CH2,2025-06-18 08:00:00,2025-06-18,3,0.0,0.0,2.7825131,10.23408,0
10,PN11,CH1,2025-06-18 09:00:00,2025-06-18,3,0.0,0.0,0.76006085,2.8789415,0
11,PN11,CH2,2025-06-18 09:00:00,2025-06-18,3,0.0,0.0002778549597110308,0.9318652,5.268678,3
10,PN11,CH1,2025-06-18 10:00:00,2025-06-18,3,0.0,0.0,0.43869278,2.3088605,0
11,PN11,CH2,2025-06-18 10:00:00,2025-06-18,3,0.0,0.0,0.89220953,4.780814,0
10,PN11,CH1,2025-06-18 11:00:00,2025-06-18,3,0.0,0.0,0.7261864,3.5756826,0
11,PN11,CH2,2025-06-18 11:00:00,2025-06-18,3,0.0,0.0,0.8594368,3.9441886,0
10,PN11,CH1,2025-06-18 12:00:00,2025-06-18,3,0.0,0.0005557099194220616,0.61275953,3.334172,0
11,PN11,CH2,2025-06-18 12:00:00,2025-06-18,3,0.0,0.0002778549597110308,1.0452058,4.944094,0
10,PN11,CH1,2025-06-18 13:00:00,2025-06-18,3,0.0,0.0,1.3576858,20.310505,94
11,PN11,CH2,2025-06-18 13:00:00,2025-06-18,3,0.0,0.0,2.175273,93.90794,224
10,PN11,CH1,2025-06-18 14:00:00,2025-06-18,3,0.0,0.0,0.55461854,2.7037787,0
11,PN11,CH2,2025-06-18 14:00:00,2025-06-18,3,0.0,0.0002778549597110308,0.42164585,2.5769322,2
10,PN11,CH1,2025-06-18 15:00:00,2025-06-18,3,0.0,0.0002778549597110308,0.73401403,2.5251136,0
11,PN11,CH2,2025-06-18 15:00:00,2025-06-18,3,0.0,0.0002778549597110308,0.47761607,1.9928813,0
10,PN11,CH1,2025-06-18 16:00:00,2025-06-18,3,0.0,0.0005557099194220616,0.46187517,2.2974243,0
11,PN11,CH2,2025-06-18 16:00:00,2025-06-18,3,0.0,0.0002778549597110308,1.4160279,4.343614,0
10,PN11,CH1,2025-06-18 17:00:00,2025-06-18,3,0.0,0.0002778549597110308,2.532263,9.208992,0
11,PN11,CH2,2025-06-18 17:00:00,2025-06-18,3,0.0,0.0008335648791330926,0.85046995,3.1559167,0
10,PN11,CH1,2025-06-18 18:00:00,2025-06-18,3,0.0,0.0,5.229638,15.928969,3
11,PN11,CH2,2025-06-18 18:00:00,2025-06-18,3,0.0,0.0002778549597110308,0.8262875,4.099496,0
10,PN11,CH1,2025-06-18 19:00:00,2025-06-18,3,0.0,0.0,2.695347,10.65597,0
11,PN11,CH2,2025-06-18 19:00:00,2025-06-18,3,0.0,0.0005557099194220616,2.6575904,8.23576,0
10,PN11,CH1,2025-06-18 20:00:00,2025-06-18,3,0.0,0.0,0.39993632,2.210662,0
11,PN11,CH2,2025-06-18 20:00:00,2025-06-18,3,0.0,0.0,0.51094925,2.10993,0
10,PN11,CH1,2025-06-18 21:00:00,2025-06-18,3,0.0,0.0,0.9060793,3.2341106,0
11,PN11,CH2,2025-06-18 21:00:00,2025-06-18,3,0.0,0.0002778549597110308,0.7751822,3.0871487,0
10,PN11,CH1,2025-06-18 22:00:00,2025-06-18,3,0.0,0.0,1.6590321,5.576462,0
11,PN11,CH2,2025-06-18 22:00:00,2025-06-18,3,0.0,0.0,0.76942146,2.615489,0
10,PN11,CH1,2025-06-18 23:00:00,2025-06-18,3,0.0,0.0,0.4862919,2.2200866,0
11,PN11,CH2,2025-06-18 23:00:00,2025-06-18,3,0.0,0.0,0.489362,1.7913058,0
10,PN11,CH1,2025-06-19 00:00:01,2025-06-19,1,0.0002777777777777778,0.0,0.2999473,1.1642277,0
11,PN11,CH2,2025-06-19 00:00:01,2025-06-19,1,0.0002777777777777778,0.0,0.122425765,0.7673726,0
10,PN11,CH1,2025-06-19 01:00:00,2025-06-19,1,0.0,0.0002778549597110308,0.49361977,3.3015757,0
11,PN11,CH2,2025-06-19 01:00:00,2025-06-19,1,0.0,0.0005557099194220616,0.25357717,0.9840727,0
10,PN11,CH1,2025-06-19 02:00:00,2025-06-19,1,0.0,0.0002778549597110308,0.10693052,0.47609234,0
11,PN11,CH2,2025-06-19 02:00:00,2025-06-19,1,0.0,0.0005557099194220616,0.10404907,0.55909157,0
10,PN11,CH1,2025-06-19 03:00:00,2025-06-19,1,0.0,0.0,0.24407029,0.9195504,0
11,PN11,CH2,2025-06-19 03:00:00,2025-06-19,1,0.0,0.0002778549597110308,0.10465635,0.55231166,0
10,PN11,CH1,2025-06-19 04:00:00,2025-06-19,1,0.0,0.0005557099194220616,0.5877243,2.033599,0
11,PN11,CH2,2025-06-19 04:00:00,2025-06-19,1,0.0,0.0002778549597110308,0.64461195,2.939701,0
10,PN11,CH1,2025-06-19 05:00:00,2025-06-19,1,0.0,0.0002778549597110308,0.5590982,3.3991785,1
11,PN11,CH2,2025-06-19 05:00:00,2025-06-19,1,0.0,0.0,0.42331102,1.6437843,0
10,PN11,CH1,2025-06-19 06:00:00,2025-06-19,1,0.0,0.0,0.26321074,1.7173591,0
11,PN11,CH2,2025-06-19 06:00:00,2025-06-19,1,0.0,0.0005557099194220616,1.6173565,5.3914266,0
10,PN11,CH1,2025-06-19 07:00:00,2025-06-19,1,0.0,0.0,0.77650565,3.2021852,0
11,PN11,CH2,2025-06-19 07:00:00,2025-06-19,1,0.0,0.0011114198388441233,3.8852494,13.849363,0
10,PN11,CH1,2025-06-19 08:00:00,2025-06-19,1,0.0,0.0,2.75267,8.496568,0
11,PN11,CH2,2025-06-19 08:00:00,2025-06-19,1,0.0,0.0005557099194220616,2.199825,10.8154125,0
10,PN11,CH1,2025-06-19 09:00:00,2025-06-19,1,0.0,0.0,0.9179837,4.3846297,0
11,PN11,CH2,2025-06-19 09:00:00,2025-06-19,1,0.0,0.0,1.6763083,8.9173765,0
10,PN11,CH1,2025-06-19 10:00:00,2025-06-19,1,0.0,0.0002778549597110308,0.6866983,3.1308455,2
11,PN11,CH2,2025-06-19 10:00:00,2025-06-19,1,0.0,0.0002778549597110308,2.0422027,6.770045,0
10,PN11,CH1,2025-06-19 11:00:00,2025-06-19,1,0.0,0.0,1.0102623,36.29189,65
11,PN11,CH2,2025-06-19 11:00:00,2025-06-19,1,0.0,0.0,2.7617347,142.52357,76
10,PN11,CH1,2025-06-19 12:00:01,2025-06-19,1,0.0002777777777777778,0.0002778549597110308,0.99652475,4.477538,0
11,PN11,CH2,2025-06-19 12:00:01,2025-06-19,1,0.0002777777777777778,0.0,0.5986356,3.014095,0
10,PN11,CH1,2025-06-19 13:00:00,2025-06-19,1,0.0,0.0005557099194220616,0.5189618,2.53506,0
11,PN11,CH2,2025-06-19 13:00:00,2025-06-19,1,0.0,0.0008335648791330926,0.49493152,3.2969937,0
10,PN11,CH1,2025-06-19 14:00:00,2025-06-19,1,0.0,0.0,0.71823883,2.7226658,0
11,PN11,CH2,2025-06-19 14:00:00,2025-06-19,1,0.0,0.0002778549597110308,0.51652,2.009906,0
10,PN11,CH1,2025-06-19 15:00:00,2025-06-19,1,0.0,0.0002778549597110308,0.3073343,1.5515835,0
11,PN11,CH2,2025-06-19 15:00:00,2025-06-19,1,0.0,0.0,0.18770699,1.0012836,0
10,PN11,CH1,2025-06-19 16:00:00,2025-06-19,1,0.0,0.0002778549597110308,0.31217888,1.7430634,0
11,PN11,CH2,2025-06-19 16:00:00,2025-06-19,1,0.0,0.0008335648791330926,0.37647283,2.1966174,0
10,PN11,CH1,2025-06-19 17:00:00,2025-06-19,1,0.0,0.0005557099194220616,2.0761397,7.0922074,1
11,PN11,CH2,2025-06-19 17:00:00,2025-06-19,1,0.0,0.0002778549597110308,0.67382425,2.593249,0
10,PN11,CH1,2025-06-19 18:00:00,2025-06-19,1,0.0,0.0,5.1436768,15.931278,9
11,PN11,CH2,2025-06-19 18:00:00,2025-06-19,1,0.0,0.0,1.0476725,4.7260156,0
10,PN11,CH1,2025-06-19 19:00:00,2025-06-19,1,0.0,0.0,2.6345491,9.627641,0
11,PN11,CH2,2025-06-19 19:00:00,2025-06-19,1,0.0,0.0,0.67515653,1.927093,0
10,PN11,CH1,2025-06-19 20:00:00,2025-06-19,1,0.0,0.0005557099194220616,0.9271202,3.4700334,0
11,PN11,CH2,2025-06-19 20:00:00,2025-06-19,1,0.0,0.0002778549597110308,0.69693595,2.5859475,0
10,PN11,CH1,2025-06-19 21:00:00,2025-06-19,1,0.0,0.0,0.49317464,2.0976365,0
11,PN11,CH2,2025-06-19 21:00:00,2025-06-19,1,0.0,0.0002778549597110308,0.7097346,2.8368835,0
10,PN11,CH1,2025-06-19 22:00:00,2025-06-19,1,0.0,0.0,1.7229044,6.138608,0
11,PN11,CH2,2025-06-19 22:00:00,2025-06-19,1,0.0,0.0,1.1311966,3.9074569,0
10,PN11,CH1,2025-06-19 23:00:00,2025-06-19,1,0.0002777777777777778,0.0002778549597110308,0.21122482,1.0887165,0
11,PN11,CH2,2025-06-19 23:00:00,2025-06-19,1,0.0002777777777777778,0.0002778549597110308,0.26222816,1.065023,0
10,PN11,CH1,2025-06-20 00:00:00,2025-06-20,1,0.0,0.0002778549597110308,0.5338191,2.714507,0
11,PN11,CH2,2025-06-20 00:00:00,2025-06-20,1,0.0,0.0,0.092926,0.49054623,0
10,PN11,CH1,2025-06-20 01:00:00,2025-06-20,1,0.0,0.0,0.22556768,1.0529909,0
11,PN11,CH2,2025-06-20 01:00:00,2025-06-20,1,0.0,0.0002778549597110308,0.24940072,0.9500234,0
10,PN11,CH1,2025-06-20 02:00:00,2025-06-20,1,0.0,0.0,0.4007107,3.024786,0
11,PN11,CH2,2025-06-20 02:00:00,2025-06-20,1,0.0,0.0002778549597110308,0.2668391,1.0010972,0
10,PN11,CH1,2025-06-20 03:00:00,2025-06-20,1,0.0,0.0,0.17625847,1.2129173,0
11,PN11,CH2,2025-06-20 03:00:00,2025-06-20,1,0.0,0.0002778549597110308,0.15309276,0.9791553,0
10,PN11,CH1,2025-06-20 04:00:00,2025-06-20,1,0.0,0.0,0.2962032,3.2033768,0
11,PN11,CH2,2025-06-20 04:00:00,2025-06-20,1,0.0,0.0,0.47670206,2.5882573,0
10,PN11,CH1,2025-06-20 05:00:00,2025-06-20,1,0.0,0.0,0.41501966,2.4046001,0
11,PN11,CH2,2025-06-20 05:00:00,2025-06-20,1,0.0,0.0005557099194220616,0.6366911,2.1553411,0
10,PN11,CH1,2025-06-20 06:00:00,2025-06-20,1,0.0,0.0002778549597110308,0.16712368,1.1901188,0
11,PN11,CH2,2025-06-20 06:00:00,2025-06-20,1,0.0,0.0005557099194220616,1.6494759,4.9428644,0
10,PN11,CH1,2025-06-20 07:00:00,2025-06-20,1,0.0,0.0,1.3166823,5.068779,0
11,PN11,CH2,2025-06-20 07:00:00,2025-06-20,1,0.0,0.0002778549597110308,4.9377255,16.37183,0
10,PN11,CH1,2025-06-20 08:00:00,2025-06-20,1,0.0,0.0,2.5111551,7.1664524,2
11,PN11,CH2,2025-06-20 08:00:00,2025-06-20,1,0.0,0.0,2.839726,11.004062,0
10,PN11,CH1,2025-06-20 09:00:00,2025-06-20,1,0.0,0.0002778549597110308,1.0981336,4.4059753,0
11,PN11,CH2,2025-06-20 09:00:00,2025-06-20,1,0.0,0.0,1.605244,6.866157,6
10,PN11,CH1,2025-06-20 10:00:00,2025-06-20,1,0.0,0.0005557099194220616,0.4949819,2.3842604,0
11,PN11,CH2,2025-06-20 10:00:00,2025-06-20,1,0.0,0.0005557099194220616,1.6930878,4.6462564,0
10,PN11,CH1,2025-06-20 11:00:00,2025-06-20,1,0.0002777777777777778,0.0002778549597110308,0.68732166,3.4778564,0
11,PN11,CH2,2025-06-20 11:00:00,2025-06-20,1,0.0002777777777777778,0.0002778549597110308,0.5499092,2.2344291,2
10,PN11,CH1,2025-06-20 12:00:00,2025-06-20,1,0.0,0.0005557099194220616,0.36408937,3.3855438,0
11,PN11,CH2,2025-06-20 12:00:00,2025-06-20,1,0.0,0.0,0.5374617,5.23217,6
10,PN11,CH1,2025-06-20 13:00:00,2025-06-20,1,0.0,0.0,1.5442458,50.9825,65
11,PN11,CH2,2025-06-20 13:00:00,2025-06-20,1,0.0,0.0,2.0444963,82.28257,84
10,PN11,CH1,2025-06-20 14:00:00,2025-06-20,1,0.0,0.0002778549597110308,0.9500924,4.7636776,5
11,PN11,CH2,2025-06-20 14:00:00,2025-06-20,1,0.0,0.0002778549597110308,2.1416888,6.5216794,0
10,PN11,CH1,2025-06-20 15:00:00,2025-06-20,1,0.0,0.0,0.5193399,2.9182434,2
11,PN11,CH2,2025-06-20 15:00:00,2025-06-20,1,0.0,0.0008335648791330926,0.61850816,2.5534256,0
10,PN11,CH1,2025-06-20 16:00:00,2025-06-20,1,0.0,0.0005557099194220616,0.78998303,3.403723,0
11,PN11,CH2,2025-06-20 16:00:00,2025-06-20,1,0.0,0.0002778549597110308,1.3450266,4.103258,0
10,PN11,CH1,2025-06-20 17:00:00,2025-06-20,1,0.0,0.0,2.164652,7.7135115,0
11,PN11,CH2,2025-06-20 17:00:00,2025-06-20,1,0.0,0.0,1.0015688,4.254058,0
10,PN11,CH1,2025-06-20 18:00:00,2025-06-20,1,0.0,0.0002778549597110308,4.858084,14.303177,0
11,PN11,CH2,2025-06-20 18:00:00,2025-06-20,1,0.0,0.0002778549597110308,1.6085231,5.5140257,0
10,PN11,CH1,2025-06-20 19:00:00,2025-06-20,1,0.0,0.0,2.9570184,10.405146,4
11,PN11,CH2,2025-06-20 19:00:00,2025-06-20,1,0.0,0.0002778549597110308,2.775613,8.766613,0
10,PN11,CH1,2025-06-20 20:00:00,2025-06-20,1,0.0,0.0002778549597110308,0.5858133,2.5731325,0
11,PN11,CH2,2025-06-20 20:00:00,2025-06-20,1,0.0,0.0011114198388441233,0.5757118,2.6151543,0
10,PN11,CH1,2025-06-20 21:00:00,2025-06-20,1,0.0,0.0002778549597110308,0.99694145,3.5117939,0
11,PN11,CH2,2025-06-20 21:00:00,2025-06-20,1,0.0,0.0008335648791330926,0.9121226,4.495085,0
10,PN11,CH1,2025-06-20 22:00:00,2025-06-20,1,0.0,0.0,1.1308999,4.4246764,0
11,PN11,CH2,2025-06-20 22:00:00,2025-06-20,1,0.0,0.0,1.5697063,5.582794,0
10,PN11,CH1,2025-06-20 23:00:00,2025-06-20,1,0.0,0.0011114198388441233,0.27322647,1.132339,0
11,PN11,CH2,2025-06-20 23:00:00,2025-06-20,1,0.0,0.0002778549597110308,0.3834688,2.9717383,0
10,PN11,CH1,2025-06-21 00:00:00,2025-06-21,1,0.0,0.0005557099194220616,0.25621423,0.9389596,0
11,PN11,CH2,2025-06-21 00:00:00,2025-06-21,1,0.0,0.0002778549597110308,0.29187357,1.335815,0
10,PN11,CH1,2025-06-21 01:00:00,2025-06-21,1,0.0,0.0002778549597110308,0.13364139,1.3064966,0
11,PN11,CH2,2025-06-21 01:00:00,2025-06-21,1,0.0,0.0,0.5364213,1.8601866,0
10,PN11,CH1,2025-06-21 02:00:00,2025-06-21,1,0.0,0.0,0.4925222,3.0495229,0
11,PN11,CH2,2025-06-21 02:00:00,2025-06-21,1,0.0,0.0,0.24214835,1.21139,0
10,PN11,CH1,2025-06-21 03:00:00,2025-06-21,1,0.0,0.0,0.21296428,1.6321244,0
11,PN11,CH2,2025-06-21 03:00:00,2025-06-21,1,0.0,0.0002778549597110308,1.865479,11.998564,12
10,PN11,CH1,2025-06-21 04:00:00,2025-06-21,1,0.0,0.0,0.4457716,1.5191735,0
11,PN11,CH2,2025-06-21 04:00:00,2025-06-21,1,0.0,0.0,0.6968657,2.879798,0
10,PN11,CH1,2025-06-21 05:00:00,2025-06-21,1,0.0,0.0002778549597110308,0.53517145,1.6510485,0
11,PN11,CH2,2025-06-21 05:00:00,2025-06-21,1,0.0,0.0005557099194220616,0.8662419,3.038533,1
10,PN11,CH1,2025-06-21 06:00:00,2025-06-21,1,0.0,0.0008335648791330926,0.29154706,1.2205915,0
11,PN11,CH2,2025-06-21 06:00:00,2025-06-21,1,0.0,0.0002778549597110308,2.8279653,8.044579,0
10,PN11,CH1,2025-06-21 07:00:00,2025-06-21,1,0.0,0.0005557099194220616,1.8442754,7.0218744,0
11,PN11,CH2,2025-06-21 07:00:00,2025-06-21,1,0.0,0.0,3.0269742,11.827387,0
10,PN11,CH1,2025-06-21 08:00:00,2025-06-21,1,0.0,0.0002778549597110308,3.1601598,20.734146,28
11,PN11,CH2,2025-06-21 08:00:00,2025-06-21,1,0.0,0.0011114198388441233,2.6776645,22.077858,77
10,PN11,CH1,2025-06-21 09:00:00,2025-06-21,1,0.0,0.0005557099194220616,1.3616165,4.9508734,2
11,PN11,CH2,2025-06-21 09:00:00,2025-06-21,1,0.0,0.0005557099194220616,1.7925014,9.5804405,0
10,PN11,CH1,2025-06-21 10:00:00,2025-06-21,1,0.0,0.0008335648791330926,0.82282495,3.4535675,0
11,PN11,CH2,2025-06-21 10:00:00,2025-06-21,1,0.0,0.0,0.78563,3.9976463,1
10,PN11,CH1,2025-06-21 11:00:00,2025-06-21,1,0.0,0.0,0.88847256,5.7990847,5
11,PN11,CH2,2025-06-21 11:00:00,2025-06-21,1,0.0,0.0002778549597110308,0.759997,4.4109297,0
10,PN11,CH1,2025-06-21 12:00:01,2025-06-21,1,0.0002777777777777778,0.0,0.6816728,3.5952032,0
11,PN11,CH2,2025-06-21 12:00:01,2025-06-21,1,0.0002777777777777778,0.0005557099194220616,0.7668956,3.8263948,0
10,PN11,CH1,2025-06-21 13:00:00,2025-06-21,1,0.0,0.0,1.1461973,4.2123346,0
11,PN11,CH2,2025-06-21 13:00:00,2025-06-21,1,0.0,0.0008335648791330926,1.0256321,9.407774,17
10,PN11,CH1,2025-06-21 14:00:00,2025-06-21,1,0.0,0.0005557099194220616,0.7937753,2.965033,0
11,PN11,CH2,2025-06-21 14:00:00,2025-06-21,1,0.0,0.0,0.94942075,3.5867097,0
10,PN11,CH1,2025-06-21 15:00:00,2025-06-21,1,0.0,0.0005557099194220616,0.3311657,1.5053153,0
11,PN11,CH2,2025-06-21 15:00:00,2025-06-21,1,0.0,0.0002778549597110308,0.42039973,1.7538667,0
10,PN11,CH1,2025-06-21 16:00:00,2025-06-21,1,0.0,0.0,0.8099688,3.3424048,0
11,PN11,CH2,2025-06-21 16:00:00,2025-06-21,1,0.0,0.0002778549597110308,0.5800921,2.2029135,0
10,PN11,CH1,2025-06-21 17:00:00,2025-06-21,1,0.0,0.0008335648791330926,2.3694897,7.9167633,0
11,PN11,CH2,2025-06-21 17:00:00,2025-06-21,1,0.0,0.0005557099194220616,0.6971257,2.7087705,0
10,PN11,CH1,2025-06-21 18:00:00,2025-06-21,1,0.0,0.0002778549597110308,3.861675,12.780652,0
11,PN11,CH2,2025-06-21 18:00:00,2025-06-21,1,0.0,0.0005557099194220616,1.0276868,4.930496,0
10,PN11,CH1,2025-06-21 19:00:00,2025-06-21,1,0.0,0.0,2.7975163,10.754206,0
11,PN11,CH2,2025-06-21 19:00:00,2025-06-21,1,0.0,0.0005557099194220616,1.2128713,3.9758902,0
10,PN11,CH1,2025-06-21 20:00:00,2025-06-21,1,0.0,0.0,0.96887654,3.5966191,0
11,PN11,CH2,2025-06-21 20:00:00,2025-06-21,1,0.0,0.0002778549597110308,0.828172,3.1145291,0
10,PN11,CH1,2025-06-21 21:00:00,2025-06-21,1,0.0,0.0002778549597110308,0.3522048,1.3265758,0
11,PN11,CH2,2025-06-21 21:00:00,2025-06-21,1,0.0,0.0,1.071228,4.0873513,0
10,PN11,CH1,2025-06-21 22:00:00,2025-06-21,1,0.0,0.0002778549597110308,1.3517967,4.358664,0
11,PN11,CH2,2025-06-21 22:00:00,2025-06-21,1,0.0,0.0,1.9137005,5.960949,0
10,PN11,CH1,2025-06-21 23:00:00,2025-06-21,1,0.016666666666666666,0.0,0.11107574,0.66287816,0
11,PN11,CH2,2025-06-21 23:00:00,2025-06-21,1,0.016666666666666666,0.0002778549597110308,0.2441475,0.94223785,0
12,PN12,CH1,2025-06-04 00:00:00,2025-06-04,0,0.0,0.0,0.6723658,2.8016043,0
13,PN12,CH2,2025-06-04 00:00:00,2025-06-04,0,0.0,0.13948318977493748,1.1015906,4.262924,0
12,PN12,CH1,2025-06-04 01:00:00,2025-06-04,0,0.0,0.0002778549597110308,0.5259683,1.8719587,0
13,PN12,CH2,2025-06-04 01:00:00,2025-06-04,0,0.0,0.10669630452903585,0.5494116,2.4986267,0
12,PN12,CH1,2025-06-04 02:00:00,2025-06-04,0,0.0,0.0002778549597110308,0.36421022,2.0211563,0
13,PN12,CH2,2025-06-04 02:00:00,2025-06-04,0,0.0,0.12003334259516532,1.294727,5.531311,0
12,PN12,CH1,2025-06-04 03:00:00,2025-06-04,0,0.0,0.0002778549597110308,1.0247384,2.8506665,0
13,PN12,CH2,2025-06-04 03:00:00,2025-06-04,0,0.0,0.1116976938038344,2.4132383,9.632111,0
12,PN12,CH1,2025-06-04 04:00:00,2025-06-04,0,0.0,0.0002778549597110308,1.9674367,5.798749,0
13,PN12,CH2,2025-06-04 04:00:00,2025-06-04,0,0.0,0.08669074742984162,3.233854,10.80513,0
12,PN12,CH1,2025-06-04 05:00:00,2025-06-04,0,0.0,0.0002778549597110308,1.0197681,3.3894181,0
13,PN12,CH2,2025-06-04 05:00:00,2025-06-04,0,0.0,0.07113086968602389,4.7908306,14.734268,0
12,PN12,CH1,2025-06-04 06:00:00,2025-06-04,0,0.0,0.0,1.0341601,3.89643,0
13,PN12,CH2,2025-06-04 06:00:00,2025-06-04,0,0.0,0.0775215337593776,0.5955153,2.4414062,0
12,PN12,CH1,2025-06-04 07:00:00,2025-06-04,0,0.0,0.0002778549597110308,2.81751,18.590094,11
13,PN12,CH2,2025-06-04 07:00:00,2025-06-04,0,0.0,0.08419005279244235,1.3810229,18.262863,5
12,PN12,CH1,2025-06-04 08:00:00,2025-06-04,0,0.0,0.0002778549597110308,2.8792806,31.568296,44
13,PN12,CH2,2025-06-04 08:00:00,2025-06-04,0,0.0,0.12864684634620727,5.8756247,98.06633,85
12,PN12,CH1,2025-06-04 09:00:00,2025-06-04,0,0.0,0.0013892747985551543,1.6820567,5.3973875,0
13,PN12,CH2,2025-06-04 09:00:00,2025-06-04,0,0.0,0.14031675465407056,2.9445212,10.223389,0
12,PN12,CH1,2025-06-04 10:00:00,2025-06-04,0,0.0,0.0002778549597110308,1.3859758,20.45285,65
13,PN12,CH2,2025-06-04 10:00:00,2025-06-04,0,0.0,0.09085857182550708,7.6506577,115.442276,123
12,PN12,CH1,2025-06-04 11:00:00,2025-06-04,0,0.0,0.0002778549597110308,2.4245307,8.982159,1
13,PN12,CH2,2025-06-04 11:00:00,2025-06-04,0,0.0,0.045012503473187,2.679372,11.959076,5
12,PN12,CH1,2025-06-04 12:00:01,2025-06-04,0,0.0002777777777777778,0.0,0.48872107,2.1363423,0
13,PN12,CH2,2025-06-04 12:00:01,2025-06-04,0,0.0002777777777777778,0.059738816337871634,1.8472061,6.9236755,0
12,PN12,CH1,2025-06-04 13:00:00,2025-06-04,0,0.0,0.0,2.5600417,8.483082,0
13,PN12,CH2,2025-06-04 13:00:00,2025-06-04,0,0.0,0.051681022506251735,2.2848847,8.31604,0
12,PN12,CH1,2025-06-04 14:00:00,2025-06-04,0,0.0,0.0002778549597110308,0.96226037,3.5076966,0
13,PN12,CH2,2025-06-04 14:00:00,2025-06-04,0,0.0,0.051681022506251735,0.75433296,3.0231476,0
12,PN12,CH1,2025-06-04 15:00:00,2025-06-04,0,0.0,0.0,0.971403,4.574955,0
13,PN12,CH2,2025-06-04 15:00:00,2025-06-04,0,0.0,0.05696026674076132,0.6275671,3.080368,0
12,PN12,CH1,2025-06-04 16:00:00,2025-06-04,0,0.0,0.0002778549597110308,0.66253406,3.2714014,0
13,PN12,CH2,2025-06-04 16:00:00,2025-06-04,0,0.0,0.054459572103362046,0.8294772,3.6525726,0
12,PN12,CH1,2025-06-04 17:00:00,2025-06-04,0,0.0,0.0,1.4632576,5.689562,0
13,PN12,CH2,2025-06-04 17:00:00,2025-06-04,0,0.0,0.06362878577382607,0.86306703,3.0231476,0
12,PN12,CH1,2025-06-04 18:00:00,2025-06-04,0,0.0,0.0002778549597110308,2.7883034,9.1836605,0
13,PN12,CH2,2025-06-04 18:00:00,2025-06-04,0,0.0,0.0558488469019172,2.2916265,7.4386597,0
12,PN12,CH1,2025-06-04 19:00:00,2025-06-04,0,0.0,0.0008335648791330926,1.5092142,4.6255074,0
13,PN12,CH2,2025-06-04 19:00:00,2025-06-04,0,0.0,0.053903862183939985,1.6705018,10.251999,3
12,PN12,CH1,2025-06-04 20:00:00,2025-06-04,0,0.0,0.0011114198388441233,2.0677602,7.1066246,0
13,PN12,CH2,2025-06-04 20:00:00,2025-06-04,0,0.0,0.0675187552097805,3.1231759,14.019012,0
12,PN12,CH1,2025-06-04 21:00:00,2025-06-04,0,0.0,0.0008335648791330926,2.9028206,33.655018,8
13,PN12,CH2,2025-06-04 21:00:00,2025-06-04,0,0.0,0.11947763267574327,0.7320116,2.9468536,0
12,PN12,CH1,2025-06-04 22:00:00,2025-06-04,0,0.0,0.0002778549597110308,0.97360784,2.8643012,0
13,PN12,CH2,2025-06-04 22:00:00,2025-06-04,0,0.0,0.08307863295359823,1.154154,3.8146973,0
12,PN12,CH1,2025-06-04 23:00:00,2025-06-04,0,0.0,0.0005557099194220616,0.26098752,1.1083484,0
13,PN12,CH2,2025-06-04 23:00:00,2025-06-04,0,0.0,0.07613225896082246,0.25921246,1.2016296,0
12,PN12,CH1,2025-06-05 00:00:00,2025-06-05,0,0.0,0.0002778549597110308,0.7362691,2.447106,0
13,PN12,CH2,2025-06-05 00:00:00,2025-06-05,0,0.0,0.08613503751041957,0.3969901,1.8882751,0
12,PN12,CH1,2025-06-05 01:00:00,2025-06-05,0,0.0,0.0,0.19672766,0.865757,0
13,PN12,CH2,2025-06-05 01:00:00,2025-06-05,0,0.0,0.09780494581828286,1.7229347,6.8473816,0
12,PN12,CH1,2025-06-05 02:00:00,2025-06-05,0,0.0,0.0002778549597110308,0.21180622,0.80104923,0
13,PN12,CH2,2025-06-05 02:00:00,2025-06-05,0,0.0,0.09030286190608502,1.6069312,5.9318542,0
12,PN12,CH1,2025-06-05 03:00:00,2025-06-05,0,0.0,0.0002778549597110308,0.16236462,0.85644436,0
13,PN12,CH2,2025-06-05 03:00:00,2025-06-05,0,0.0,0.08085579327590997,1.2366236,3.5476685,0
12,PN12,CH1,2025-06-05 04:00:00,2025-06-05,0,0.0,0.0002778549597110308,4.225507,10.678953,0
13,PN12,CH2,2025-06-05 04:00:00,2025-06-05,0,0.0,0.10586273964990275,1.6577823,6.1893463,0
12,PN12,CH1,2025-06-05 05:00:00,2025-06-05,0,0.0,0.0002778549597110308,0.37438196,1.4214592,0
13,PN12,CH2,2025-06-05 05:00:00,2025-06-05,0,0.0,0.07668796888024451,5.968451,19.493103,0
12,PN12,CH1,2025-06-05 06:00:00,2025-06-05,0,0.0,0.0002778549597110308,0.31820187,1.6830864,0
13,PN12,CH2,2025-06-05 06:00:00,2025-06-05,0,0.0,0.07168657960544596,1.0772921,4.0626526,0
12,PN12,CH1,2025-06-05 07:00:00,2025-06-05,0,0.0,0.0002778549597110308,0.8368334,3.369748,0
13,PN12,CH2,2025-06-05 07:00:00,2025-06-05,0,0.0,0.06779661016949153,0.37383333,2.6130676,0
12,PN12,CH1,2025-06-05 08:00:00,2025-06-05,0,0.0,0.0002778549597110308,3.4782305,26.974308,15
13,PN12,CH2,2025-06-05 08:00:00,2025-06-05,0,0.0,0.05501528202278411,36.951153,176.69678,116
12,PN12,CH1,2025-06-05 09:00:00,2025-06-05,0,0.0,0.0013892747985551543,0.509431,1.8588829,0
13,PN12,CH2,2025-06-05 09:00:00,2025-06-05,0,0.0,0.05473742706307307,22.705198,86.278915,0
12,PN12,CH1,2025-06-05 10:00:00,2025-06-05,0,0.0,0.0002778549597110308,2.7023604,12.085251,0
13,PN12,CH2,2025-06-05 10:00:00,2025-06-05,0,0.0,0.03862183939983329,2.751287,9.7465515,0
12,PN12,CH1,2025-06-05 11:00:00,2025-06-05,0,0.0,0.0002778549597110308,0.53761435,2.3150826,0
13,PN12,CH2,2025-06-05 11:00:00,2025-06-05,0,0.0,0.045012503473187,0.66549927,3.3950806,0
12,PN12,CH1,2025-06-05 12:00:01,2025-06-05,0,0.0002777777777777778,0.0005557099194220616,0.55232334,2.6001043,0
13,PN12,CH2,2025-06-05 12:00:01,2025-06-05,0,0.0002777777777777778,0.044178938594053904,2.396668,9.384155,0
12,PN12,CH1,2025-06-05 13:00:00,2025-06-05,0,0.0,0.0002778549597110308,1.2445445,4.8818064,0
13,PN12,CH2,2025-06-05 13:00:00,2025-06-05,0,0.0,0.05140316754654071,1.4104153,6.275177,3
12,PN12,CH1,2025-06-05 14:00:00,2025-06-05,0,0.0,0.0,3.7525063,70.41134,13
13,PN12,CH2,2025-06-05 14:00:00,2025-06-05,0,0.0,0.035565434843011945,45.73647,373.86896,1171
12,PN12,CH1,2025-06-05 15:00:00,2025-06-05,0,0.0,0.0005557099194220616,1.9225415,6.7691126,0
13,PN12,CH2,2025-06-05 15:00:00,2025-06-05,0,0.0,0.0011114198388441233,35.166077,157.05109,3165
12,PN12,CH1,2025-06-05 16:00:00,2025-06-05,0,0.0,0.0005557099194220616,1.2309142,4.669913,0
13,PN12,CH2,2025-06-05 16:00:00,2025-06-05,0,0.0,0.0011114198388441233,25.831856,96.04454,3213
12,PN12,CH1,2025-06-05 17:00:00,2025-06-05,0,0.0,0.0002778549597110308,1.5928771,6.082654,0
13,PN12,CH2,2025-06-05 17:00:00,2025-06-05,0,0.0,0.0022228396776882466,6.298432,39.33908,3219
12,PN12,CH1,2025-06-05 18:00:00,2025-06-05,0,0.0,0.0002778549597110308,1.0450768,4.6837335,0
13,PN12,CH2,2025-06-05 18:00:00,2025-06-05,0,0.0,0.0022228396776882466,6.5760736,35.44809,3201
12,PN12,CH1,2025-06-05 19:00:00,2025-06-05,0,0.0,0.001944984717977216,1.7118729,8.060708,0
13,PN12,CH2,2025-06-05 19:00:00,2025-06-05,0,0.0,0.0011114198388441233,11.00613,50.125122,3211
12,PN12,CH1,2025-06-05 20:00:00,2025-06-05,0,0.0,0.0002778549597110308,4.4527936,15.137344,0
13,PN12,CH2,2025-06-05 20:00:00,2025-06-05,0,0.0,0.0008335648791330926,6.3352847,35.83908,3278
12,PN12,CH1,2025-06-05 21:00:00,2025-06-05,0,0.0,0.0002778549597110308,2.0705721,8.135029,1
13,PN12,CH2,2025-06-05 21:00:00,2025-06-05,0,0.0,0.0005557099194220616,5.366159,32.415375,3315
12,PN12,CH1,2025-06-05 22:00:00,2025-06-05,0,0.0,0.0002778549597110308,1.1456985,5.1263723,0
13,PN12,CH2,2025-06-05 22:00:00,2025-06-05,0,0.0,0.0008335648791330926,5.660164,31.900421,3322
12,PN12,CH1,2025-06-05 23:00:00,2025-06-05,0,0.0,0.0,1.0615498,7.215366,0
13,PN12,CH2,2025-06-05 23:00:00,2025-06-05,0,0.0,0.0008335648791330926,5.163243,28.305054,3299
12,PN12,CH1,2025-06-06 00:00:00,2025-06-06,0,0.0,0.0,0.894342,5.89557,0
13,PN12,CH2,2025-06-06 00:00:00,2025-06-06,0,0.0,0.0005557099194220616,4.097418,20.914062,3292
12,PN12,CH1,2025-06-06 01:00:00,2025-06-06,0,0.0,0.0,1.1724265,5.3941083,0
13,PN12,CH2,2025-06-06 01:00:00,2025-06-06,0,0.0,0.0005557099194220616,4.4088845,22.954956,3214
12,PN12,CH1,2025-06-06 02:00:00,2025-06-06,0,0.0,0.0005557099194220616,1.4885945,8.829981,0
13,PN12,CH2,2025-06-06 02:00:00,2025-06-06,0,0.0,0.0008335648791330926,8.149889,45.824066,3240
12,PN12,CH1,2025-06-06 03:00:00,2025-06-06,0,0.0,0.0002778549597110308,0.6433055,3.2406301,0
13,PN12,CH2,2025-06-06 03:00:00,2025-06-06,0,0.0,0.0002778549597110308,6.728051,39.625183,3240
12,PN12,CH1,2025-06-06 04:00:00,2025-06-06,0,0.0,0.0005557099194220616,3.0827131,9.929016,0
13,PN12,CH2,2025-06-06 04:00:00,2025-06-06,0,0.0,0.0011114198388441233,11.390765,46.22461,3188
12,PN12,CH1,2025-06-06 05:00:00,2025-06-06,0,0.0,0.0005557099194220616,5.105556,16.859211,0
13,PN12,CH2,2025-06-06 05:00:00,2025-06-06,0,0.0,0.0002778549597110308,3.6916113,19.330994,3168
12,PN12,CH1,2025-06-06 06:00:00,2025-06-06,0,0.0,0.0,1.8467573,11.404268,5
13,PN12,CH2,2025-06-06 06:00:00,2025-06-06,0,0.0,0.001944984717977216,3.580982,18.949493,3217
12,PN12,CH1,2025-06-06 07:00:00,2025-06-06,0,0.0,0.0,3.4065082,19.907803,6
13,PN12,CH2,2025-06-06 07:00:00,2025-06-06,0,0.0,0.001944984717977216,4.1150646,27.914032,3208
12,PN12,CH1,2025-06-06 08:00:00,2025-06-06,0,0.0,0.0,3.0813687,13.283602,4
13,PN12,CH2,2025-06-06 08:00:00,2025-06-06,0,0.0,0.0013892747985551543,6.8805885,45.175537,3239
12,PN12,CH1,2025-06-06 09:00:00,2025-06-06,0,0.0,0.0,3.2975724,11.741669,7
13,PN12,CH2,2025-06-06 09:00:00,2025-06-06,0,0.0,0.0011114198388441233,11.327863,54.893494,3062
12,PN12,CH1,2025-06-06 10:00:00,2025-06-06,0,0.0,0.0005557099194220616,6.9632792,24.893955,11
13,PN12,CH2,2025-06-06 10:00:00,2025-06-06,0,0.0,0.0008335648791330926,55.648373,195.04547,2980
12,PN12,CH1,2025-06-06 11:00:00,2025-06-06,0,0.0002777777777777778,0.0,14.640337,158.38094,262
13,PN12,CH2,2025-06-06 11:00:00,2025-06-06,0,0.0002777777777777778,0.0011114198388441233,88.59616,334.93042,3087
12,PN12,CH1,2025-06-06 12:00:00,2025-06-06,0,0.0,0.0,8.359181,35.982616,105
13,PN12,CH2,2025-06-06 12:00:00,2025-06-06,0,0.0,0.0008335648791330926,33.17049,153.94211,3266
12,PN12,CH1,2025-06-06 13:00:00,2025-06-06,0,0.0,0.0,2.7825477,15.601963,13
13,PN12,CH2,2025-06-06 13:00:00,2025-06-06,0,0.0,0.0005557099194220616,24.137323,148.28682,3121
12,PN12,CH1,2025-06-06 14:00:00,2025-06-06,0,0.0,0.0002778549597110308,0.72694594,3.193356,0
13,PN12,CH2,2025-06-06 14:00:00,2025-06-06,0,0.0,0.0022228396776882466,49.912586,189.56184,2830
12,PN12,CH1,2025-06-06 15:00:00,2025-06-06,0,0.0,0.0008335648791330926,2.4584076,7.7600036,1
13,PN12,CH2,2025-06-06 15:00:00,2025-06-06,0,0.0,0.0008335648791330926,40.920017,273.2277,3003
12,PN12,CH1,2025-06-06 16:00:00,2025-06-06,0,0.0,0.0008335648791330926,1.3540103,6.6094475,0
13,PN12,CH2,2025-06-06 16:00:00,2025-06-06,0,0.0,0.0011114198388441233,20.191223,89.28299,2903
12,PN12,CH1,2025-06-06 17:00:00,2025-06-06,0,0.0,0.0,1.4174943,5.001575,0
13,PN12,CH2,2025-06-06 17:00:00,2025-06-06,0,0.0,0.001944984717977216,4.150615,36.945343,2767
12,PN12,CH1,2025-06-06 18:00:00,2025-06-06,0,0.0,0.0,1.4279455,5.2624197,0
13,PN12,CH2,2025-06-06 18:00:00,2025-06-06,0,0.0,0.0027785495971103086,4.8502707,27.561188,2657
12,PN12,CH1,2025-06-06 19:00:00,2025-06-06,0,0.0,0.0,1.1031672,5.025044,0
13,PN12,CH2,2025-06-06 19:00:00,2025-06-06,0,0.0,0.0033342595165323703,8.634942,40.245056,2675
12,PN12,CH1,2025-06-06 20:00:00,2025-06-06,0,0.0,0.0,1.1773316,7.7970324,18
13,PN12,CH2,2025-06-06 20:00:00,2025-06-06,0,0.0,0.0027785495971103086,28.686268,175.7431,2791
12,PN12,CH1,2025-06-06 21:00:00,2025-06-06,0,0.0,0.0002778549597110308,1.5326742,13.991446,37
13,PN12,CH2,2025-06-06 21:00:00,2025-06-06,0,0.0,0.001944984717977216,77.22287,304.9755,3006
12,PN12,CH1,2025-06-06 22:00:00,2025-06-06,0,0.0,0.0,4.864096,20.075104,35
13,PN12,CH2,2025-06-06 22:00:00,2025-06-06,0,0.0,0.0011114198388441233,61.76781,292.778,3117
12,PN12,CH1,2025-06-06 23:00:00,2025-06-06,0,0.0,0.0,7.704842,40.4907,40
13,PN12,CH2,2025-06-06 23:00:00,2025-06-06,0,0.0,0.0016671297582661851,33.246513,168.28537,3091
12,PN12,CH1,2025-06-07 00:00:00,2025-06-07,3,0.0,0.0,4.7555203,22.10848,16
13,PN12,CH2,2025-06-07 00:00:00,2025-06-07,3,0.0,0.0016671297582661851,24.030313,125.6275,3127
12,PN12,CH1,2025-06-07 01:00:00,2025-06-07,3,0.0,0.0002778549597110308,1.5171615,6.7636375,4
13,PN12,CH2,2025-06-07 01:00:00,2025-06-07,3,0.0,0.0005557099194220616,16.03969,144.14787,3150
12,PN12,CH1,2025-06-07 02:00:00,2025-06-07,3,0.0,0.0002778549597110308,0.5203598,2.9382856,2
13,PN12,CH2,2025-06-07 02:00:00,2025-06-07,3,0.0,0.0013892747985551543,18.65316,107.16438,3136
12,PN12,CH1,2025-06-07 03:00:00,2025-06-07,3,0.0,0.0,0.4565872,2.3430586,0
13,PN12,CH2,2025-06-07 03:00:00,2025-06-07,3,0.0,0.001944984717977216,14.9091625,56.962967,3073
12,PN12,CH1,2025-06-07 04:00:00,2025-06-07,3,0.0,0.0011114198388441233,0.5080775,2.5377424,0
13,PN12,CH2,2025-06-07 04:00:00,2025-06-07,3,0.0,0.0016671297582661851,31.451918,105.40962,3141
12,PN12,CH1,2025-06-07 05:00:00,2025-06-07,3,0.0,0.0005557099194220616,4.423343,21.897629,34
13,PN12,CH2,2025-06-07 05:00:00,2025-06-07,3,0.0,0.0002778549597110308,26.14128,133.03757,3176
12,PN12,CH1,2025-06-07 06:00:00,2025-06-07,3,0.0,0.0,6.387402,20.014198,21
13,PN12,CH2,2025-06-07 06:00:00,2025-06-07,3,0.0,0.0,32.04061,95.04317,3183
12,PN12,CH1,2025-06-07 07:00:00,2025-06-07,3,0.0,0.0002778549597110308,2.1718843,10.83564,0
13,PN12,CH2,2025-06-07 07:00:00,2025-06-07,3,0.0,0.0011114198388441233,22.244247,77.71492,3252
12,PN12,CH1,2025-06-07 08:00:00,2025-06-07,3,0.0,0.0,1.3400586,6.258375,0
13,PN12,CH2,2025-06-07 08:00:00,2025-06-07,3,0.0,0.0008335648791330926,5.948395,35.75325,3167
12,PN12,CH1,2025-06-07 09:00:00,2025-06-07,3,0.0,0.0,4.148378,23.744553,33
13,PN12,CH2,2025-06-07 09:00:00,2025-06-07,3,0.0,0.0002778549597110308,13.954524,84.15224,3123
12,PN12,CH1,2025-06-07 10:00:00,2025-06-07,3,0.0,0.0,18.052952,89.97977,549
13,PN12,CH2,2025-06-07 10:00:00,2025-06-07,3,0.0,0.0011114198388441233,34.60587,246.05751,3136
12,PN12,CH1,2025-06-07 11:00:00,2025-06-07,3,0.0002777777777777778,0.0,4.435933,21.607208,89
13,PN12,CH2,2025-06-07 11:00:00,2025-06-07,3,0.0002777777777777778,0.001944984717977216,13.536381,57.907104,3243
12,PN12,CH1,2025-06-07 12:00:00,2025-06-07,3,0.0,0.0,6.705255,33.059902,115
13,PN12,CH2,2025-06-07 12:00:00,2025-06-07,3,0.0,0.0005557099194220616,9.371703,52.881256,3284
12,PN12,CH1,2025-06-07 13:00:00,2025-06-07,3,0.0,0.0,6.5988297,26.331093,81
13,PN12,CH2,2025-06-07 13:00:00,2025-06-07,3,0.0,0.0022228396776882466,7.046951,41.427612,3033
12,PN12,CH1,2025-06-07 14:00:00,2025-06-07,3,0.0,0.0,3.696164,17.847794,60
13,PN12,CH2,2025-06-07 14:00:00,2025-06-07,3,0.0,0.0016671297582661851,4.246067,23.546204,3105
12,PN12,CH1,2025-06-07 15:00:00,2025-06-07,3,0.0,0.0,1.9075737,9.240807,12
13,PN12,CH2,2025-06-07 15:00:00,2025-06-07,3,0.0,0.0025006946373992774,2.9597137,20.246521,3057
12,PN12,CH1,2025-06-07 16:00:00,2025-06-07,3,0.0,0.0002778549597110308,3.5257027,14.250057,8
13,PN12,CH2,2025-06-07 16:00:00,2025-06-07,3,0.0,0.0016671297582661851,3.8218203,20.656555,3143
12,PN12,CH1,2025-06-07 17:00:00,2025-06-07,3,0.0,0.0,2.0102189,11.363396,31
13,PN12,CH2,2025-06-07 17:00:00,2025-06-07,3,0.0,0.0013892747985551543,2.978792,17.871857,3173
12,PN12,CH1,2025-06-07 18:00:00,2025-06-07,3,0.0,0.0,2.903444,16.454086,34
13,PN12,CH2,2025-06-07 18:00:00,2025-06-07,3,0.0,0.0011114198388441233,3.4635985,19.998535,3228
12,PN12,CH1,2025-06-07 19:00:00,2025-06-07,3,0.0,0.0,2.7091079,16.59974,30
13,PN12,CH2,2025-06-07 19:00:00,2025-06-07,3,0.0,0.0008335648791330926,2.7661717,19.989014,3126
12,PN12,CH1,2025-06-07 20:00:00,2025-06-07,3,0.0,0.0,1.7870352,9.324036,58
13,PN12,CH2,2025-06-07 20:00:00,2025-06-07,3,0.0,0.0022228396776882466,3.459018,19.865051,3132
12,PN12,CH1,2025-06-07 21:00:00,2025-06-07,3,0.0,0.0,2.5564442,14.0123825,49
13,PN12,CH2,2025-06-07 21:00:00,2025-06-07,3,0.0,0.0005557099194220616,3.1620522,19.874573,3186
12,PN12,CH1,2025-06-07 22:00:00,2025-06-07,3,0.0,0.0,2.693248,10.847443,21
13,PN12,CH2,2025-06-07 22:00:00,2025-06-07,3,0.0,0.0011114198388441233,4.4247384,22.830933,3230
12,PN12,CH1,2025-06-07 23:00:00,2025-06-07,3,0.0,0.0,2.4023242,10.974556,24
13,PN12,CH2,2025-06-07 23:00:00,2025-06-07,3,0.0,0.0013892747985551543,3.420816,17.528534,3176
12,PN12,CH1,2025-06-08 00:00:01,2025-06-08,3,0.0002777777777777778,0.0,4.198301,13.999901,1
13,PN12,CH2,2025-06-08 00:00:01,2025-06-08,3,0.0002777777777777778,0.0008335648791330926,10.022498,38.642853,3208
12,PN12,CH1,2025-06-08 01:00:00,2025-06-08,3,0.0,0.0,3.7625544,13.183762,0
13,PN12,CH2,2025-06-08 01:00:00,2025-06-08,3,0.0,0.0002778549597110308,9.419207,40.70282,3243
12,PN12,CH1,2025-06-08 02:00:00,2025-06-08,3,0.0,0.0002778549597110308,2.0466886,9.861961,0
13,PN12,CH2,2025-06-08 02:00:00,2025-06-08,3,0.0,0.0022228396776882466,7.530784,38.461685,3170
12,PN12,CH1,2025-06-08 03:00:00,2025-06-08,3,0.0,0.0002778549597110308,3.4291224,16.4371,0
13,PN12,CH2,2025-06-08 03:00:00,2025-06-08,3,0.0,0.0016671297582661851,13.4193535,63.533783,3154
12,PN12,CH1,2025-06-08 04:00:00,2025-06-08,3,0.0,0.0,10.608889,39.44695,11
13,PN12,CH2,2025-06-08 04:00:00,2025-06-08,3,0.0,0.0013892747985551543,13.955125,62.94252,3204
12,PN12,CH1,2025-06-08 05:00:00,2025-06-08,3,0.0,0.0002778549597110308,5.5350413,19.588615,188
13,PN12,CH2,2025-06-08 05:00:00,2025-06-08,3,0.0,0.0011114198388441233,3.5467944,18.720642,3246
12,PN12,CH1,2025-06-08 06:00:00,2025-06-08,3,0.0,0.0,1.0764866,6.3572083,236
13,PN12,CH2,2025-06-08 06:00:00,2025-06-08,3,0.0,0.0005557099194220616,3.5887365,20.284668,3242
12,PN12,CH1,2025-06-08 07:00:00,2025-06-08,3,0.0,0.0,1.6895859,8.893646,243
13,PN12,CH2,2025-06-08 07:00:00,2025-06-08,3,0.0,0.0013892747985551543,3.4317434,20.427704,3227
12,PN12,CH1,2025-06-08 08:00:00,2025-06-08,3,0.0,0.0,1.955126,8.942703,36
13,PN12,CH2,2025-06-08 08:00:00,2025-06-08,3,0.0,0.0013892747985551543,2.8566983,18.730164,3153
12,PN12,CH1,2025-06-08 09:00:00,2025-06-08,3,0.0,0.0002778549597110308,1.4876041,9.119919,14
13,PN12,CH2,2025-06-08 09:00:00,2025-06-08,3,0.0,0.0008335648791330926,2.4241965,16.775146,3075
12,PN12,CH1,2025-06-08 10:00:00,2025-06-08,3,0.0,0.0002778549597110308,13.743903,101.22955,392
13,PN12,CH2,2025-06-08 10:00:00,2025-06-08,3,0.0,0.001944984717977216,27.859062,389.8144,3156
12,PN12,CH1,2025-06-08 11:00:00,2025-06-08,3,0.0,0.0,6.1742005,25.776176,43
13,PN12,CH2,2025-06-08 11:00:00,2025-06-08,3,0.0,0.001944984717977216,15.488215,65.80351,2985
12,PN12,CH1,2025-06-08 12:00:01,2025-06-08,3,0.0002777777777777778,0.0,6.892767,25.63469,24
13,PN12,CH2,2025-06-08 12:00:01,2025-06-08,3,0.0002777777777777778,0.0025006946373992774,18.79031,80.87158,2986
12,PN12,CH1,2025-06-08 13:00:00,2025-06-08,3,0.0,0.0,2.0867188,18.187943,25
13,PN12,CH2,2025-06-08 13:00:00,2025-06-08,3,0.0,0.0013892747985551543,5.417967,57.09648,2905
12,PN12,CH1,2025-06-08 14:00:00,2025-06-08,3,0.0,0.0002778549597110308,3.3054314,14.521408,4
13,PN12,CH2,2025-06-08 14:00:00,2025-06-08,3,0.0,0.001944984717977216,4.5076485,24.89093,2874
12,PN12,CH1,2025-06-08 15:00:00,2025-06-08,3,0.0,0.0,3.0404751,14.819763,7
13,PN12,CH2,2025-06-08 15:00:00,2025-06-08,3,0.0,0.0033342595165323703,6.8639436,33.683777,2507
12,PN12,CH1,2025-06-08 16:00:00,2025-06-08,3,0.0,0.0,4.9059362,19.526108,57
13,PN12,CH2,2025-06-08 16:00:00,2025-06-08,3,0.0,0.0027785495971103086,10.253384,50.23004,2698
12,PN12,CH1,2025-06-08 17:00:00,2025-06-08,3,0.0,0.0,5.285556,22.315567,25
13,PN12,CH2,2025-06-08 17:00:00,2025-06-08,3,0.0,0.001944984717977216,14.726173,53.977966,2725
12,PN12,CH1,2025-06-08 18:00:00,2025-06-08,3,0.0,0.0,4.6775537,18.323624,38
13,PN12,CH2,2025-06-08 18:00:00,2025-06-08,3,0.0,0.0030564045568213394,12.452749,51.927567,2749
12,PN12,CH1,2025-06-08 19:00:00,2025-06-08,3,0.0,0.0,2.3915777,14.120934,13
13,PN12,CH2,2025-06-08 19:00:00,2025-06-08,3,0.0,0.0027785495971103086,6.890061,42.304993,2849
12,PN12,CH1,2025-06-08 20:00:00,2025-06-08,3,0.0,0.0,4.439956,19.946358,21
13,PN12,CH2,2025-06-08 20:00:00,2025-06-08,3,0.0,0.0016671297582661851,11.27063,51.355362,2699
12,PN12,CH1,2025-06-08 21:00:00,2025-06-08,3,0.0,0.0,1.5675384,9.4739685,21
13,PN12,CH2,2025-06-08 21:00:00,2025-06-08,3,0.0,0.0033342595165323703,6.2354474,30.422226,2607
12,PN12,CH1,2025-06-08 22:00:00,2025-06-08,3,0.0,0.0002778549597110308,1.8917873,9.723381,25
13,PN12,CH2,2025-06-08 22:00:00,2025-06-08,3,0.0,0.0027785495971103086,4.705536,32.03392,2661
12,PN12,CH1,2025-06-08 23:00:00,2025-06-08,3,0.0,0.0002778549597110308,1.2321428,8.241493,22
13,PN12,CH2,2025-06-08 23:00:00,2025-06-08,3,0.0,0.0016671297582661851,3.1485815,19.41681,2861
12,PN12,CH1,2025-06-09 00:00:00,2025-06-09,3,0.0,0.0,1.3076435,7.4420166,42
13,PN12,CH2,2025-06-09 00:00:00,2025-06-09,3,0.0,0.0025006946373992774,2.697412,18.405914,2702
12,PN12,CH1,2025-06-09 01:00:00,2025-06-09,3,0.0,0.0,1.234748,8.634438,61
13,PN12,CH2,2025-06-09 01:00:00,2025-06-09,3,0.0,0.0030564045568213394,6.1196737,31.18515,2688
12,PN12,CH1,2025-06-09 02:00:00,2025-06-09,3,0.0,0.0,1.8891222,9.685722,25
13,PN12,CH2,2025-06-09 02:00:00,2025-06-09,3,0.0,0.001944984717977216,6.648454,31.633377,2990
12,PN12,CH1,2025-06-09 03:00:00,2025-06-09,3,0.0,0.0002778549597110308,1.0948529,7.2321625,22
13,PN12,CH2,2025-06-09 03:00:00,2025-06-09,3,0.0,0.0025006946373992774,5.793693,27.93312,3028
12,PN12,CH1,2025-06-09 04:00:00,2025-06-09,3,0.0,0.0,2.370073,10.928101,44
13,PN12,CH2,2025-06-09 04:00:00,2025-06-09,3,0.0,0.001944984717977216,2.8023407,25.062561,2591
12,PN12,CH1,2025-06-09 05:00:00,2025-06-09,3,0.0,0.0005557099194220616,2.0257,9.041725,16
13,PN12,CH2,2025-06-09 05:00:00,2025-06-09,3,0.0,0.004167824395665463,1.8014044,16.565323,2329
12,PN12,CH1,2025-06-09 06:00:00,2025-06-09,3,0.0,0.0,1.9183245,10.236053,30
13,PN12,CH2,2025-06-09 06:00:00,2025-06-09,3,0.0,0.0033342595165323703,4.8286743,25.501251,2397
12,PN12,CH1,2025-06-09 07:00:00,2025-06-09,3,0.0,0.0005557099194220616,3.0901608,15.207756,17
13,PN12,CH2,2025-06-09 07:00:00,2025-06-09,3,0.0,0.0022228396776882466,5.2141404,28.743744,2365
12,PN12,CH1,2025-06-09 08:00:00,2025-06-09,3,0.0,0.0,6.347679,70.0213,71
13,PN12,CH2,2025-06-09 08:00:00,2025-06-09,3,0.0,0.003889969435954432,11.4462595,169.62051,2319
12,PN12,CH1,2025-06-09 09:00:00,2025-06-09,3,0.0,0.0002778549597110308,1.0149046,5.7546844,30
13,PN12,CH2,2025-06-09 09:00:00,2025-06-09,3,0.0,0.001944984717977216,3.9949045,25.815964,2341
12,PN12,CH1,2025-06-09 10:00:00,2025-06-09,3,0.0,0.0,2.5692384,11.8515625,44
13,PN12,CH2,2025-06-09 10:00:00,2025-06-09,3,0.0,0.004723534315087524,12.259698,54.216385,2230
12,PN12,CH1,2025-06-09 11:00:00,2025-06-09,3,0.0002777777777777778,0.0002778549597110308,6.388112,26.463123,4
13,PN12,CH2,2025-06-09 11:00:00,2025-06-09,3,0.0002777777777777778,0.0025006946373992774,10.058162,67.16728,2801
12,PN12,CH1,2025-06-09 12:00:00,2025-06-09,3,0.0,0.0002778549597110308,2.220685,8.599014,0
13,PN12,CH2,2025-06-09 12:00:00,2025-06-09,3,0.0,0.0005557099194220616,4.021107,25.196075,2783
12,PN12,CH1,2025-06-09 13:00:00,2025-06-09,3,0.0,0.0002778549597110308,4.724213,23.299381,50
13,PN12,CH2,2025-06-09 13:00:00,2025-06-09,3,0.0,0.005001389274798555,14.844481,61.98883,2554
12,PN12,CH1,2025-06-09 14:00:00,2025-06-09,3,0.0,0.0,6.736453,26.912613,33
13,PN12,CH2,2025-06-09 14:00:00,2025-06-09,3,0.0,0.0025006946373992774,10.3544855,59.518814,2500
12,PN12,CH1,2025-06-09 15:00:00,2025-06-09,3,0.0,0.0002778549597110308,4.561972,29.988064,33
13,PN12,CH2,2025-06-09 15:00:00,2025-06-09,3,0.0,0.004167824395665463,6.138222,45.051575,2458
12,PN12,CH1,2025-06-09 16:00:00,2025-06-09,3,0.0,0.0002778549597110308,15.63496,70.61586,41
13,PN12,CH2,2025-06-09 16:00:00,2025-06-09,3,0.0,0.004167824395665463,24.343945,105.39055,2298
12,PN12,CH1,2025-06-09 17:00:00,2025-06-09,3,0.0,0.0002778549597110308,4.463798,22.455265,4
13,PN12,CH2,2025-06-09 17:00:00,2025-06-09,3,0.0,0.0022228396776882466,9.888996,44.927597,2399
12,PN12,CH1,2025-06-09 18:00:00,2025-06-09,3,0.0,0.0,7.098594,23.450106,0
13,PN12,CH2,2025-06-09 18:00:00,2025-06-09,3,0.0,0.003889969435954432,7.9930363,33.02574,2244
12,PN12,CH1,2025-06-09 19:00:00,2025-06-09,3,0.0,0.0,8.903058,30.50588,10
13,PN12,CH2,2025-06-09 19:00:00,2025-06-09,3,0.0,0.005557099194220617,12.075794,90.86609,2209
12,PN12,CH1,2025-06-09 20:00:00,2025-06-09,3,0.0,0.0002778549597110308,3.5049071,14.313606,1
13,PN12,CH2,2025-06-09 20:00:00,2025-06-09,3,0.0,0.005279244234509586,4.8307996,29.439926,2171
12,PN12,CH1,2025-06-09 21:00:00,2025-06-09,3,0.0,0.0,4.3079,23.263357,13
13,PN12,CH2,2025-06-09 21:00:00,2025-06-09,3,0.0,0.0033342595165323703,8.404951,61.16867,2523
12,PN12,CH1,2025-06-09 22:00:00,2025-06-09,3,0.0,0.0002778549597110308,4.208641,17.3828,45
13,PN12,CH2,2025-06-09 22:00:00,2025-06-09,3,0.0,0.0008335648791330926,9.008443,72.927475,2873
12,PN12,CH1,2025-06-09 23:00:00,2025-06-09,3,0.0,0.0,1.9869972,13.781414,28
13,PN12,CH2,2025-06-09 23:00:00,2025-06-09,3,0.0,0.0008335648791330926,4.3225164,44.326782,2888
12,PN12,CH1,2025-06-10 00:00:01,2025-06-10,3,0.0002777777777777778,0.0,2.0860343,12.202633,35
13,PN12,CH2,2025-06-10 00:00:01,2025-06-10,3,0.0002777777777777778,0.0008335648791330926,4.5673847,44.794083,3042
12,PN12,CH1,2025-06-10 01:00:00,2025-06-10,3,0.0,0.0,4.645768,38.38189,76
13,PN12,CH2,2025-06-10 01:00:00,2025-06-10,3,0.0,0.0013892747985551543,36.15143,445.63293,3083
12,PN12,CH1,2025-06-10 02:00:00,2025-06-10,3,0.0,0.0005557099194220616,1.482367,11.186077,30
13,PN12,CH2,2025-06-10 02:00:00,2025-06-10,3,0.0,0.001944984717977216,4.0821915,35.78186,3126
12,PN12,CH1,2025-06-10 03:00:00,2025-06-10,3,0.0,0.0,2.5196548,13.114773,19
13,PN12,CH2,2025-06-10 03:00:00,2025-06-10,3,0.0,0.0008335648791330926,4.49159,40.168762,2959
12,PN12,CH1,2025-06-10 04:00:00,2025-06-10,3,0.0,0.0002778549597110308,1.316016,8.175373,8
13,PN12,CH2,2025-06-10 04:00:00,2025-06-10,3,0.0,0.0033342595165323703,3.72158,32.23419,2569
12,PN12,CH1,2025-06-10 05:00:00,2025-06-10,3,0.0,0.0005557099194220616,2.3080125,9.93565,2
13,PN12,CH2,2025-06-10 05:00:00,2025-06-10,3,0.0,0.0033342595165323703,2.6562285,36.725998,2357
12,PN12,CH1,2025-06-10 06:00:00,2025-06-10,3,0.0,0.0,1.4950111,7.7445793,3
13,PN12,CH2,2025-06-10 06:00:00,2025-06-10,3,0.0,0.001944984717977216,3.0768688,40.94124,2399
12,PN12,CH1,2025-06-10 07:00:00,2025-06-10,3,0.0,0.0002778549597110308,1.5825696,7.206463,1
13,PN12,CH2,2025-06-10 07:00:00,2025-06-10,3,0.0,0.0027785495971103086,2.1047506,25.835037,2394
12,PN12,CH1,2025-06-10 08:00:00,2025-06-10,3,0.0,0.0,1.362649,7.721634,0
13,PN12,CH2,2025-06-10 08:00:00,2025-06-10,3,0.0,0.004723534315087524,4.2404146,19.807816,2341
12,PN12,CH1,2025-06-10 09:00:00,2025-06-10,3,0.0,0.0008335648791330926,2.3706515,11.930763,0
13,PN12,CH2,2025-06-10 09:00:00,2025-06-10,3,0.0,0.0033342595165323703,2.7953026,23.584366,2290
12,PN12,CH1,2025-06-10 10:00:00,2025-06-10,3,0.0,0.0,2.5782814,14.273266,2
13,PN12,CH2,2025-06-10 10:00:00,2025-06-10,3,0.0,0.003612114476243401,5.307207,30.68924,2337
12,PN12,CH1,2025-06-10 11:00:00,2025-06-10,3,0.0002777777777777778,0.0,2.8736386,13.772583,1
13,PN12,CH2,2025-06-10 11:00:00,2025-06-10,3,0.0002777777777777778,0.0033342595165323703,5.844185,112.70523,2387
12,PN12,CH1,2025-06-10 12:00:00,2025-06-10,3,0.0,0.0,4.3228807,48.846004,78
13,PN12,CH2,2025-06-10 12:00:00,2025-06-10,3,0.0,0.003889969435954432,21.244026,233.28781,2427
12,PN12,CH1,2025-06-10 13:00:00,2025-06-10,3,0.0,0.0002778549597110308,5.1841183,31.270422,30
13,PN12,CH2,2025-06-10 13:00:00,2025-06-10,3,0.0,0.0033342595165323703,31.523182,259.3708,2664
12,PN12,CH1,2025-06-10 14:00:00,2025-06-10,3,0.0,0.0005557099194220616,3.8403986,13.373345,0
13,PN12,CH2,2025-06-10 14:00:00,2025-06-10,3,0.0,0.004167824395665463,25.750486,92.39197,2298
12,PN12,CH1,2025-06-10 15:00:00,2025-06-10,3,0.0,0.0,1.3060809,6.779134,2
13,PN12,CH2,2025-06-10 15:00:00,2025-06-10,3,0.0,0.004445679355376493,20.135628,92.66853,2370
12,PN12,CH1,2025-06-10 16:00:00,2025-06-10,3,0.0,0.0,0.6121032,3.3023949,0
13,PN12,CH2,2025-06-10 16:00:00,2025-06-10,3,0.0,0.005001389274798555,6.065434,26.426315,1798
12,PN12,CH1,2025-06-10 17:00:00,2025-06-10,3,0.0,0.0002778549597110308,3.005925,11.106692,0
13,PN12,CH2,2025-06-10 17:00:00,2025-06-10,3,0.0,0.0030564045568213394,35.517807,119.40956,2240
12,PN12,CH1,2025-06-10 18:00:00,2025-06-10,3,0.0,0.0,4.0825725,12.999811,0
13,PN12,CH2,2025-06-10 18:00:00,2025-06-10,3,0.0,0.004445679355376493,27.56835,95.19577,2472
12,PN12,CH1,2025-06-10 19:00:00,2025-06-10,3,0.0,0.0,2.8463106,9.965748,0
13,PN12,CH2,2025-06-10 19:00:00,2025-06-10,3,0.0,0.0027785495971103086,18.204454,60.72998,2325
12,PN12,CH1,2025-06-10 20:00:00,2025-06-10,3,0.0,0.0,0.789985,3.2050533,0
13,PN12,CH2,2025-06-10 20:00:00,2025-06-10,3,0.0,0.003889969435954432,5.275911,21.14296,1945
12,PN12,CH1,2025-06-10 21:00:00,2025-06-10,3,0.0,0.0,0.87510824,3.913939,0
13,PN12,CH2,2025-06-10 21:00:00,2025-06-10,3,0.0,0.006112809113642679,0.822213,8.125305,1840
12,PN12,CH1,2025-06-10 22:00:00,2025-06-10,3,0.0,0.0002778549597110308,0.72847575,3.5221877,0
13,PN12,CH2,2025-06-10 22:00:00,2025-06-10,3,0.0,0.003889969435954432,4.264008,47.11151,1503
12,PN12,CH1,2025-06-10 23:00:00,2025-06-10,3,0.0,0.0,1.0265375,3.4803529,0
13,PN12,CH2,2025-06-10 23:00:00,2025-06-10,3,0.0,0.007224228952486802,6.52617,40.330887,1731
12,PN12,CH1,2025-06-11 00:00:01,2025-06-11,3,0.0002777777777777778,0.0002778549597110308,0.68136865,3.174841,0
13,PN12,CH2,2025-06-11 00:00:01,2025-06-11,3,0.0002777777777777778,0.006946373992775771,7.9680395,30.269623,1826
12,PN12,CH1,2025-06-11 01:00:00,2025-06-11,3,0.0,0.0,0.5856593,2.7570877,0
13,PN12,CH2,2025-06-11 01:00:00,2025-06-11,3,0.0,0.005001389274798555,3.3573856,34.360886,1642
12,PN12,CH1,2025-06-11 02:00:00,2025-06-11,3,0.0,0.0005557099194220616,0.36257008,1.9747009,0
13,PN12,CH2,2025-06-11 02:00:00,2025-06-11,3,0.0,0.004445679355376493,2.1645496,30.679703,1867
12,PN12,CH1,2025-06-11 03:00:00,2025-06-11,3,0.0,0.0,0.74670506,2.940074,0
13,PN12,CH2,2025-06-11 03:00:00,2025-06-11,3,0.0,0.005557099194220617,2.2531857,36.907196,2215
12,PN12,CH1,2025-06-11 04:00:00,2025-06-11,3,0.0,0.0002778549597110308,1.1599109,10.84581,1
13,PN12,CH2,2025-06-11 04:00:00,2025-06-11,3,0.0,0.005001389274798555,1.7005221,13.904572,2176
12,PN12,CH1,2025-06-11 05:00:00,2025-06-11,3,0.0,0.0,0.78244126,4.028157,0
13,PN12,CH2,2025-06-11 05:00:00,2025-06-11,3,0.0,0.004723534315087524,2.8996987,16.593933,1973
12,PN12,CH1,2025-06-11 06:00:00,2025-06-11,3,0.0,0.0,1.0074848,4.8352394,0
13,PN12,CH2,2025-06-11 06:00:00,2025-06-11,3,0.0,0.0025006946373992774,2.8477736,17.108917,2291
12,PN12,CH1,2025-06-11 07:00:00,2025-06-11,3,0.0,0.0,1.6997341,5.4960327,0
13,PN12,CH2,2025-06-11 07:00:00,2025-06-11,3,0.0,0.0030564045568213394,10.608901,71.84982,2162
12,PN12,CH1,2025-06-11 08:00:00,2025-06-11,3,0.0,0.0005557099194220616,1.9171114,14.9565935,11
13,PN12,CH2,2025-06-11 08:00:00,2025-06-11,3,0.0,0.003889969435954432,4.05118,33.12111,1973
12,PN12,CH1,2025-06-11 09:00:00,2025-06-11,3,0.0,0.0,1.8815557,10.978021,7
13,PN12,CH2,2025-06-11 09:00:00,2025-06-11,3,0.0,0.004445679355376493,6.0029063,70.26672,1925
12,PN12,CH1,2025-06-11 10:00:00,2025-06-11,3,0.0,0.0008335648791330926,0.8622799,5.4234266,4
13,PN12,CH2,2025-06-11 10:00:00,2025-06-11,3,0.0,0.004723534315087524,4.7596726,72.68906,2067
12,PN12,CH1,2025-06-11 11:00:00,2025-06-11,3,0.0,0.0,3.6266606,27.603395,64
13,PN12,CH2,2025-06-11 11:00:00,2025-06-11,3,0.0,0.0011114198388441233,38.0242,210.62851,2561
12,PN12,CH1,2025-06-11 12:00:01,2025-06-11,3,0.0002777777777777778,0.0,39.412514,386.70264,3083
13,PN12,CH2,2025-06-11 12:00:01,2025-06-11,3,0.0002777777777777778,0.0030564045568213394,15.178992,99.37286,2143
12,PN12,CH1,2025-06-11 13:00:00,2025-06-11,3,0.0,0.0,12.612221,90.349335,3137
13,PN12,CH2,2025-06-11 13:00:00,2025-06-11,3,0.0,0.0016671297582661851,14.015176,87.156296,2809
12,PN12,CH1,2025-06-11 14:00:00,2025-06-11,3,0.0,0.0002778549597110308,113.82387,338.29456,1258
13,PN12,CH2,2025-06-11 14:00:00,2025-06-11,3,0.0,0.03028619060850236,28.10279,146.7228,1423
12,PN12,CH1,2025-06-11 15:00:00,2025-06-11,3,0.0,0.0,6.5024476,29.326118,18
13,PN12,CH2,2025-06-11 15:00:00,2025-06-11,3,0.0,0.059183106418449566,1.1834388,4.8542023,1
12,PN12,CH1,2025-06-11 16:00:00,2025-06-11,3,0.0,0.0002778549597110308,2.3281975,12.345091,2
13,PN12,CH2,2025-06-11 16:00:00,2025-06-11,3,0.0,0.040566824117810506,1.93378,8.602142,6
12,PN12,CH1,2025-06-11 17:00:00,2025-06-11,3,0.0,0.0,2.3018591,11.595264,0
13,PN12,CH2,2025-06-11 17:00:00,2025-06-11,3,0.0,0.0739094192831342,7.3473096,21.781921,20
12,PN12,CH1,2025-06-11 18:00:00,2025-06-11,3,0.0,0.0,1.8074988,7.3741007,0
13,PN12,CH2,2025-06-11 18:00:00,2025-06-11,3,0.0,0.07057515976660184,2.5806348,12.331009,4
12,PN12,CH1,2025-06-11 19:00:00,2025-06-11,3,0.0,0.0002778549597110308,1.7687476,6.111637,0
13,PN12,CH2,2025-06-11 19:00:00,2025-06-11,3,0.0,0.0855793275909975,2.6951957,12.722015,2
12,PN12,CH1,2025-06-11 20:00:00,2025-06-11,3,0.0,0.0,1.4170436,5.207099,0
13,PN12,CH2,2025-06-11 20:00:00,2025-06-11,3,0.0,0.10113920533481523,1.063392,4.5204163,0
12,PN12,CH1,2025-06-11 21:00:00,2025-06-11,3,0.0,0.0,1.5947746,6.5977125,0
13,PN12,CH2,2025-06-11 21:00:00,2025-06-11,3,0.0,0.13059183106418448,1.2172666,5.1784515,0
12,PN12,CH1,2025-06-11 22:00:00,2025-06-11,3,0.0,0.0002778549597110308,1.5059606,8.630529,0
13,PN12,CH2,2025-06-11 22:00:00,2025-06-11,3,0.0,0.12058905251458739,1.0422324,6.418228,0
12,PN12,CH1,2025-06-11 23:00:00,2025-06-11,3,0.0002777777777777778,0.0,0.3569165,2.0145254,0
13,PN12,CH2,2025-06-11 23:00:00,2025-06-11,3,0.0002777777777777778,0.1269797165879411,0.50850606,3.1661987,0
12,PN12,CH1,2025-06-12 00:00:00,2025-06-12,3,0.0,0.0,0.65660733,4.11015,0
13,PN12,CH2,2025-06-12 00:00:00,2025-06-12,3,0.0,0.13031397610447346,0.32381344,1.9645691,0
12,PN12,CH1,2025-06-12 01:00:00,2025-06-12,3,0.0,0.0,0.6957454,5.4374337,0
13,PN12,CH2,2025-06-12 01:00:00,2025-06-12,3,0.0,0.11447624340094471,0.5199203,2.5844574,0
12,PN12,CH1,2025-06-12 02:00:00,2025-06-12,3,0.0,0.0005557099194220616,0.85454035,8.768589,0
13,PN12,CH2,2025-06-12 02:00:00,2025-06-12,3,0.0,0.11753264795776605,0.29140684,2.7942657,0
12,PN12,CH1,2025-06-12 03:00:00,2025-06-12,3,0.0,0.0,0.739987,6.4662848,0
13,PN12,CH2,2025-06-12 03:00:00,2025-06-12,3,0.0,0.12170047235343151,0.31699514,1.8024445,0
12,PN12,CH1,2025-06-12 04:00:00,2025-06-12,3,0.0,0.0,0.7741466,3.6878512,0
13,PN12,CH2,2025-06-12 04:00:00,2025-06-12,3,0.0,0.13948318977493748,1.0264366,4.3678284,0
12,PN12,CH1,2025-06-12 05:00:00,2025-06-12,3,0.0,0.0002778549597110308,0.3626367,4.143119,0
13,PN12,CH2,2025-06-12 05:00:00,2025-06-12,3,0.0,0.16087802167268686,0.37585887,2.5367737,0
12,PN12,CH1,2025-06-12 06:00:00,2025-06-12,3,0.0,0.0002778549597110308,1.1870813,5.815327,0
13,PN12,CH2,2025-06-12 06:00:00,2025-06-12,3,0.0,0.18088357877188108,0.5572322,2.632141,0
12,PN12,CH1,2025-06-12 07:00:00,2025-06-12,3,0.0,0.0002778549597110308,0.98190933,4.449114,0
13,PN12,CH2,2025-06-12 07:00:00,2025-06-12,3,0.0,0.0891914420672409,2.1540797,8.468628,0
12,PN12,CH1,2025-06-12 08:00:00,2025-06-12,3,0.0,0.0,1.9341161,9.647459,1
13,PN12,CH2,2025-06-12 08:00:00,2025-06-12,3,0.0,0.06890803000833565,1.5794139,6.6661835,0
12,PN12,CH1,2025-06-12 09:00:00,2025-06-12,3,0.0,0.0002778549597110308,4.1755166,19.051321,4
13,PN12,CH2,2025-06-12 09:00:00,2025-06-12,3,0.0,0.07196443456515698,2.6810353,9.498596,0
12,PN12,CH1,2025-06-12 10:00:00,2025-06-12,3,0.0,0.0,0.66890097,3.3780937,0
13,PN12,CH2,2025-06-12 10:00:00,2025-06-12,3,0.0,0.08057793831619894,1.8462747,8.392334,2
12,PN12,CH1,2025-06-12 11:00:00,2025-06-12,3,0.0,0.0002778549597110308,0.5650949,3.6834173,0
13,PN12,CH2,2025-06-12 11:00:00,2025-06-12,3,0.0,0.07668796888024451,2.3604586,12.207031,11
12,PN12,CH1,2025-06-12 12:00:00,2025-06-12,3,0.0,0.0002778549597110308,1.7713509,9.452067,6
13,PN12,CH2,2025-06-12 12:00:00,2025-06-12,3,0.0,0.08141150319533204,1.8735819,7.572174,1
12,PN12,CH1,2025-06-12 13:00:00,2025-06-12,3,0.0,0.0,4.6170816,34.159534,19
13,PN12,CH2,2025-06-12 13:00:00,2025-06-12,3,0.0,0.06251736593498194,23.158579,130.21469,142
12,PN12,CH1,2025-06-12 14:00:00,2025-06-12,3,0.0,0.0002778549597110308,6.0937557,184.68396,20
13,PN12,CH2,2025-06-12 14:00:00,2025-06-12,3,0.0,0.06112809113642678,8.853752,212.27837,70
12,PN12,CH1,2025-06-12 15:00:00,2025-06-12,3,0.0,0.0,4.5336366,14.928468,2
13,PN12,CH2,2025-06-12 15:00:00,2025-06-12,3,0.0,0.0747429841622673,1.8578202,11.21521,6
12,PN12,CH1,2025-06-12 16:00:00,2025-06-12,3,0.0,0.0,2.7287385,11.449865,0
13,PN12,CH2,2025-06-12 16:00:00,2025-06-12,3,0.0,0.047513198110586276,1.8400971,9.326935,9
12,PN12,CH1,2025-06-12 17:00:00,2025-06-12,3,0.0,0.0,3.9727273,12.2137375,0
13,PN12,CH2,2025-06-12 17:00:00,2025-06-12,3,0.0,0.07613225896082246,5.800129,18.32962,8
12,PN12,CH1,2025-06-12 18:00:00,2025-06-12,3,0.0,0.0002778549597110308,1.5509597,7.538908,0
13,PN12,CH2,2025-06-12 18:00:00,2025-06-12,3,0.0,0.060850236176715755,4.806651,21.190643,22
12,PN12,CH1,2025-06-12 19:00:00,2025-06-12,3,0.0,0.0,0.6444028,2.8970833,0
13,PN12,CH2,2025-06-12 19:00:00,2025-06-12,3,0.0,0.0972492358988608,5.1736946,15.525818,1
12,PN12,CH1,2025-06-12 20:00:00,2025-06-12,3,0.0,0.0,0.51674163,2.8966007,0
13,PN12,CH2,2025-06-12 20:00:00,2025-06-12,3,0.0,0.10225062517365935,1.1433511,4.501343,0
12,PN12,CH1,2025-06-12 21:00:00,2025-06-12,3,0.0,0.0,2.01165,8.784271,0
13,PN12,CH2,2025-06-12 21:00:00,2025-06-12,3,0.0,0.09863851069741594,1.0637801,4.167557,0
12,PN12,CH1,2025-06-12 22:00:00,2025-06-12,3,0.0,0.0,2.1325839,7.33994,0
13,PN12,CH2,2025-06-12 22:00:00,2025-06-12,3,0.0,0.10475131981105863,0.8068404,3.9291382,2
12,PN12,CH1,2025-06-12 23:00:00,2025-06-12,3,0.0,0.0,0.35873938,1.9176311,0
13,PN12,CH2,2025-06-12 23:00:00,2025-06-12,3,0.0,0.10530702973048069,0.8266225,3.8146973,2
12,PN12,CH1,2025-06-13 00:00:00,2025-06-13,3,0.0,0.0002778549597110308,0.74762535,3.206767,0
13,PN12,CH2,2025-06-13 00:00:00,2025-06-13,3,0.0,0.08891358710752988,0.6466495,2.9277802,4
12,PN12,CH1,2025-06-13 01:00:00,2025-06-13,3,0.0,0.0,0.49174085,6.2712283,0
13,PN12,CH2,2025-06-13 01:00:00,2025-06-13,3,0.0,0.07668796888024451,1.6067623,6.6947937,15
12,PN12,CH1,2025-06-13 02:00:00,2025-06-13,3,0.0,0.0,0.45801926,2.5673218,0
13,PN12,CH2,2025-06-13 02:00:00,2025-06-13,3,0.0,0.07779938871908863,0.63519806,3.4046173,16
12,PN12,CH1,2025-06-13 03:00:00,2025-06-13,3,0.0,0.0002778549597110308,0.7830373,6.769225,0
13,PN12,CH2,2025-06-13 03:00:00,2025-06-13,3,0.0,0.0775215337593776,0.90096027,3.7765503,7
12,PN12,CH1,2025-06-13 04:00:00,2025-06-13,3,0.0,0.0002778549597110308,0.3178475,1.99154,0
13,PN12,CH2,2025-06-13 04:00:00,2025-06-13,3,0.0,0.09530425118088358,1.4798206,5.7697296,3
12,PN12,CH1,2025-06-13 05:00:00,2025-06-13,3,0.0,0.0002778549597110308,1.024018,8.044615,0
13,PN12,CH2,2025-06-13 05:00:00,2025-06-13,3,0.0,0.1414281744929147,0.6234228,2.9182434,0
12,PN12,CH1,2025-06-13 06:00:00,2025-06-13,3,0.0,0.0,0.46545053,2.3021173,0
13,PN12,CH2,2025-06-13 06:00:00,2025-06-13,3,0.0,0.13003612114476243,0.77339876,3.414154,0
12,PN12,CH1,2025-06-13 07:00:00,2025-06-13,3,0.0,0.0002778549597110308,1.5873433,6.8792324,0
13,PN12,CH2,2025-06-13 07:00:00,2025-06-13,3,0.0,0.07891080855793275,1.0774989,5.788803,0
12,PN12,CH1,2025-06-13 08:00:00,2025-06-13,3,0.0,0.0,1.3997074,7.172674,0
13,PN12,CH2,2025-06-13 08:00:00,2025-06-13,3,0.0,0.07029730480689081,1.5319017,5.912781,2
12,PN12,CH1,2025-06-13 09:00:00,2025-06-13,3,0.0,0.0002778549597110308,2.5217717,10.143295,0
13,PN12,CH2,2025-06-13 09:00:00,2025-06-13,3,0.0,0.06501806057238121,2.4255636,9.613037,0
12,PN12,CH1,2025-06-13 10:00:00,2025-06-13,3,0.0,0.0,0.57977855,4.394353,0
13,PN12,CH2,2025-06-13 10:00:00,2025-06-13,3,0.0,0.06196165601555988,0.9123046,5.455017,0
12,PN12,CH1,2025-06-13 11:00:00,2025-06-13,3,0.0002777777777777778,0.0,0.48214853,2.3229046,0
13,PN12,CH2,2025-06-13 11:00:00,2025-06-13,3,0.0002777777777777778,0.07196443456515698,3.9712446,12.588501,2
12,PN12,CH1,2025-06-13 12:00:00,2025-06-13,3,0.0,0.0,1.0076904,5.947873,1
13,PN12,CH2,2025-06-13 12:00:00,2025-06-13,3,0.0,0.07224228952486803,2.139008,11.6539,1
12,PN12,CH1,2025-06-13 13:00:00,2025-06-13,3,0.0,0.0,3.602991,72.01955,114
13,PN12,CH2,2025-06-13 13:00:00,2025-06-13,3,0.0,0.06279522089469297,24.90994,220.68024,212
12,PN12,CH1,2025-06-13 14:00:00,2025-06-13,3,0.0,0.0,1.1972553,5.442127,0
13,PN12,CH2,2025-06-13 14:00:00,2025-06-13,3,0.0,0.05834954153931648,4.422514,21.572113,1
12,PN12,CH1,2025-06-13 15:00:00,2025-06-13,3,0.0,0.0,1.3425004,6.0432405,0
13,PN12,CH2,2025-06-13 15:00:00,2025-06-13,3,0.0,0.04945818282856349,1.5671543,7.314682,0
12,PN12,CH1,2025-06-13 16:00:00,2025-06-13,3,0.0,0.0,1.4880517,5.562566,0
13,PN12,CH2,2025-06-13 16:00:00,2025-06-13,3,0.0,0.03528757988330092,4.069577,16.088486,26
12,PN12,CH1,2025-06-13 17:00:00,2025-06-13,3,0.0,0.0,2.3067584,8.62129,0
13,PN12,CH2,2025-06-13 17:00:00,2025-06-13,3,0.0,0.07724367879966658,8.416214,28.562546,12
12,PN12,CH1,2025-06-13 18:00:00,2025-06-13,3,0.0,0.0,1.477497,6.3531103,0
13,PN12,CH2,2025-06-13 18:00:00,2025-06-13,3,0.0,0.06251736593498194,5.5502925,20.151138,9
12,PN12,CH1,2025-06-13 19:00:00,2025-06-13,3,0.0,0.0,0.38256648,2.2216883,0
13,PN12,CH2,2025-06-13 19:00:00,2025-06-13,3,0.0,0.08335648791330925,1.2895637,5.41687,0
12,PN12,CH1,2025-06-13 20:00:00,2025-06-13,3,0.0,0.0,1.13538,4.7231092,0
13,PN12,CH2,2025-06-13 20:00:00,2025-06-13,3,0.0,0.07779938871908863,1.004384,4.501343,0
12,PN12,CH1,2025-06-13 21:00:00,2025-06-13,3,0.0,0.0,0.9506273,3.716424,0
13,PN12,CH2,2025-06-13 21:00:00,2025-06-13,3,0.0,0.1000277854959711,1.8157883,6.828308,0
12,PN12,CH1,2025-06-13 22:00:00,2025-06-13,3,0.0,0.0002778549597110308,0.647154,4.461631,0
13,PN12,CH2,2025-06-13 22:00:00,2025-06-13,3,0.0,0.10058349541539316,0.69916344,4.2915344,0
12,PN12,CH1,2025-06-13 23:00:00,2025-06-13,3,0.0,0.0,0.37465528,2.072341,0
13,PN12,CH2,2025-06-13 23:00:00,2025-06-13,3,0.0,0.09030286190608502,0.54144835,2.527237,0
12,PN12,CH1,2025-06-14 00:00:00,2025-06-14,3,0.0,0.0,0.55324477,3.4709272,0
13,PN12,CH2,2025-06-14 00:00:00,2025-06-14,3,0.0,0.08252292303417616,0.23599301,1.745224,0
12,PN12,CH1,2025-06-14 01:00:00,2025-06-14,3,0.0,0.0002778549597110308,0.5599315,7.8764935,0
13,PN12,CH2,2025-06-14 01:00:00,2025-06-14,3,0.0,0.10280633509308142,0.49780694,2.937317,0
12,PN12,CH1,2025-06-14 02:00:00,2025-06-14,3,0.0,0.0,0.15089117,1.1277571,0
13,PN12,CH2,2025-06-14 02:00:00,2025-06-14,3,0.0,0.08502361767157544,0.8745024,3.5476685,0
12,PN12,CH1,2025-06-14 03:00:00,2025-06-14,3,0.0,0.0,0.19336817,1.3463202,0
13,PN12,CH2,2025-06-14 03:00:00,2025-06-14,3,0.0,0.08835787718810781,2.0377972,7.7438354,1
12,PN12,CH1,2025-06-14 04:00:00,2025-06-14,3,0.0,0.0,0.63076365,3.2326202,1
13,PN12,CH2,2025-06-14 04:00:00,2025-06-14,3,0.0,0.07502083912197832,2.830254,9.98497,14
12,PN12,CH1,2025-06-14 05:00:00,2025-06-14,3,0.0,0.0,1.4811097,9.52281,0
13,PN12,CH2,2025-06-14 05:00:00,2025-06-14,3,0.0,0.12420116699083078,2.3526583,7.543564,2
12,PN12,CH1,2025-06-14 06:00:00,2025-06-14,3,0.0,0.0002778549597110308,0.34753227,2.2147217,0
13,PN12,CH2,2025-06-14 06:00:00,2025-06-14,3,0.0,0.1369824951375382,0.48272917,2.1743774,0
12,PN12,CH1,2025-06-14 07:00:00,2025-06-14,3,0.0,0.0,0.50498784,3.1414633,0
13,PN12,CH2,2025-06-14 07:00:00,2025-06-14,3,0.0,0.12225618227285356,0.6713501,3.414154,0
12,PN12,CH1,2025-06-14 08:00:00,2025-06-14,3,0.0,0.0,2.8533316,9.224638,0
13,PN12,CH2,2025-06-14 08:00:00,2025-06-14,3,0.0,0.07585440400111142,2.4229107,10.404587,2
12,PN12,CH1,2025-06-14 09:00:00,2025-06-14,3,0.0,0.0,1.7654297,6.7720194,1
13,PN12,CH2,2025-06-14 09:00:00,2025-06-14,3,0.0,0.054459572103362046,1.1240723,5.2452087,0
12,PN12,CH1,2025-06-14 10:00:00,2025-06-14,3,0.0,0.0005557099194220616,0.96631116,7.5613704,3
13,PN12,CH2,2025-06-14 10:00:00,2025-06-14,3,0.0,0.06612948041122534,1.0081822,6.23703,0
12,PN12,CH1,2025-06-14 11:00:00,2025-06-14,3,0.0,0.0,0.68261933,6.5460434,4
13,PN12,CH2,2025-06-14 11:00:00,2025-06-14,3,0.0,0.08085579327590997,3.3263974,11.310577,0
12,PN12,CH1,2025-06-14 12:00:01,2025-06-14,3,0.0002777777777777778,0.0002778549597110308,0.88608706,5.897917,2
13,PN12,CH2,2025-06-14 12:00:01,2025-06-14,3,0.0002777777777777778,0.0775215337593776,1.2855359,5.1784515,0
12,PN12,CH1,2025-06-14 13:00:00,2025-06-14,3,0.0,0.0002778549597110308,1.0923917,5.618185,0
13,PN12,CH2,2025-06-14 13:00:00,2025-06-14,3,0.0,0.07863295359822173,1.4457071,8.840561,2
12,PN12,CH1,2025-06-14 14:00:00,2025-06-14,3,0.0,0.0,4.7324924,175.9695,32
13,PN12,CH2,2025-06-14 14:00:00,2025-06-14,3,0.0,0.047513198110586276,4.0499573,33.836365,66
12,PN12,CH1,2025-06-14 15:00:00,2025-06-14,3,0.0,0.0005557099194220616,1.6065718,7.4003263,0
13,PN12,CH2,2025-06-14 15:00:00,2025-06-14,3,0.0,0.060850236176715755,2.2052233,9.708405,0
12,PN12,CH1,2025-06-14 16:00:00,2025-06-14,3,0.0,0.0,1.511128,11.714958,3
13,PN12,CH2,2025-06-14 16:00:00,2025-06-14,3,0.0,0.04223395387607669,3.0011039,11.987686,18
12,PN12,CH1,2025-06-14 17:00:00,2025-06-14,3,0.0,0.0,1.8656209,7.3533506,0
13,PN12,CH2,2025-06-14 17:00:00,2025-06-14,3,0.0,0.09891636565712698,2.5367954,10.128021,9
12,PN12,CH1,2025-06-14 18:00:00,2025-06-14,3,0.0,0.0,1.5429976,6.6685677,0
13,PN12,CH2,2025-06-14 18:00:00,2025-06-14,3,0.0,0.0775215337593776,4.114333,16.040802,15
12,PN12,CH1,2025-06-14 19:00:00,2025-06-14,3,0.0,0.0002778549597110308,1.125358,4.3815374,0
13,PN12,CH2,2025-06-14 19:00:00,2025-06-14,3,0.0,0.0964156710197277,1.4495862,5.636215,1
12,PN12,CH1,2025-06-14 20:00:00,2025-06-14,3,0.0,0.0,1.2714097,4.424266,0
13,PN12,CH2,2025-06-14 20:00:00,2025-06-14,3,0.0,0.0747429841622673,0.8226876,3.9100647,0
12,PN12,CH1,2025-06-14 21:00:00,2025-06-14,3,0.0,0.0,1.0208155,3.7615366,0
13,PN12,CH2,2025-06-14 21:00:00,2025-06-14,3,0.0,0.12058905251458739,1.6449548,6.2656403,0
12,PN12,CH1,2025-06-14 22:00:00,2025-06-14,3,0.0,0.0,1.6380895,9.511299,0
13,PN12,CH2,2025-06-14 22:00:00,2025-06-14,3,0.0,0.1314253959433176,0.7479524,4.0245056,0
12,PN12,CH1,2025-06-14 23:00:00,2025-06-14,3,0.0002777777777777778,0.0005557099194220616,0.4674563,2.2277985,0
13,PN12,CH2,2025-06-14 23:00:00,2025-06-14,3,0.0002777777777777778,0.14559599888858016,0.37235218,2.1076202,0
12,PN12,CH1,2025-06-15 00:00:00,2025-06-15,3,0.0,0.0002778549597110308,0.28826803,2.6685,0
13,PN12,CH2,2025-06-15 00:00:00,2025-06-15,3,0.0,0.1583773270352876,0.33605504,2.527237,0
12,PN12,CH1,2025-06-15 01:00:00,2025-06-15,3,0.0,0.0,0.24652915,2.8855362,0
13,PN12,CH2,2025-06-15 01:00:00,2025-06-15,3,0.0,0.1603223117532648,0.26165244,1.6117096,0
12,PN12,CH1,2025-06-15 02:00:00,2025-06-15,3,0.0,0.0002778549597110308,0.3997602,3.4864244,0
13,PN12,CH2,2025-06-15 02:00:00,2025-06-15,3,0.0,0.16004445679355375,0.3622345,2.0599365,0
12,PN12,CH1,2025-06-15 03:00:00,2025-06-15,3,0.0,0.0,0.3232299,1.6617031,0
13,PN12,CH2,2025-06-15 03:00:00,2025-06-15,3,0.0,0.18894137260350097,0.46438593,1.7547607,1
12,PN12,CH1,2025-06-15 04:00:00,2025-06-15,3,0.0,0.0002778549597110308,0.57279897,6.332137,0
13,PN12,CH2,2025-06-15 04:00:00,2025-06-15,3,0.0,0.2306196165601556,0.68179923,3.080368,0
12,PN12,CH1,2025-06-15 05:00:00,2025-06-15,3,0.0,0.0,0.78259397,4.498251,0
13,PN12,CH2,2025-06-15 05:00:00,2025-06-15,3,0.0,0.24395665462628507,0.69234216,3.1852722,0
12,PN12,CH1,2025-06-15 06:00:00,2025-06-15,3,0.0,0.0002778549597110308,0.31894106,1.7734985,0
13,PN12,CH2,2025-06-15 06:00:00,2025-06-15,3,0.0,0.15754376215615448,0.8245161,3.2234192,0
12,PN12,CH1,2025-06-15 07:00:00,2025-06-15,3,0.0,0.0,1.8647718,9.394735,0
13,PN12,CH2,2025-06-15 07:00:00,2025-06-15,3,0.0,0.0928035565434843,0.93968034,5.2452087,0
12,PN12,CH1,2025-06-15 08:00:00,2025-06-15,3,0.0,0.0,1.168476,4.9536304,0
13,PN12,CH2,2025-06-15 08:00:00,2025-06-15,3,0.0,0.058627396499027505,1.901637,8.840561,0
12,PN12,CH1,2025-06-15 09:00:00,2025-06-15,3,0.0,0.0002778549597110308,1.0863801,5.6272,0
13,PN12,CH2,2025-06-15 09:00:00,2025-06-15,3,0.0,0.05779383161989442,1.7746353,7.724762,0
12,PN12,CH1,2025-06-15 10:00:00,2025-06-15,3,0.0,0.0,0.76946723,4.4108925,0
13,PN12,CH2,2025-06-15 10:00:00,2025-06-15,3,0.0,0.04723534315087524,1.2853281,6.2942505,0
12,PN12,CH1,2025-06-15 11:00:00,2025-06-15,3,0.0002777777777777778,0.0,1.2002954,5.3417306,0
13,PN12,CH2,2025-06-15 11:00:00,2025-06-15,3,0.0002777777777777778,0.08419005279244235,1.3981692,7.209778,2
12,PN12,CH1,2025-06-15 12:00:00,2025-06-15,3,0.0,0.0,1.1274456,5.44101,0
13,PN12,CH2,2025-06-15 12:00:00,2025-06-15,3,0.0,0.046957488191164215,1.6987664,8.201599,10
12,PN12,CH1,2025-06-15 13:00:00,2025-06-15,3,0.0,0.0002778549597110308,2.6848135,90.94566,46
13,PN12,CH2,2025-06-15 13:00:00,2025-06-15,3,0.0,0.04223395387607669,3.360349,146.78955,47
12,PN12,CH1,2025-06-15 14:00:00,2025-06-15,3,0.0,0.0,0.8500992,5.4899974,0
13,PN12,CH2,2025-06-15 14:00:00,2025-06-15,3,0.0,0.046957488191164215,1.0613863,5.82695,3
12,PN12,CH1,2025-06-15 15:00:00,2025-06-15,3,0.0,0.0,2.6677227,11.294484,1
13,PN12,CH2,2025-06-15 15:00:00,2025-06-15,3,0.0,0.03862183939983329,1.0939511,7.0858,3
12,PN12,CH1,2025-06-15 16:00:00,2025-06-15,3,0.0,0.0,0.42861614,3.0909476,0
13,PN12,CH2,2025-06-15 16:00:00,2025-06-15,3,0.0,0.04278966379549875,2.7869198,13.751984,21
12,PN12,CH1,2025-06-15 17:00:00,2025-06-15,3,0.0,0.0,0.69433105,3.8558245,0
13,PN12,CH2,2025-06-15 17:00:00,2025-06-15,3,0.0,0.09113642678521812,7.4263177,23.946762,2
12,PN12,CH1,2025-06-15 18:00:00,2025-06-15,3,0.0,0.0,0.50225174,2.3613496,0
13,PN12,CH2,2025-06-15 18:00:00,2025-06-15,3,0.0,0.09808280077799389,6.238627,16.422272,1
12,PN12,CH1,2025-06-15 19:00:00,2025-06-15,3,0.0,0.0002778549597110308,1.4636232,5.5697937,0
13,PN12,CH2,2025-06-15 19:00:00,2025-06-15,3,0.0,0.06974159488746874,1.5487756,6.351471,0
12,PN12,CH1,2025-06-15 20:00:00,2025-06-15,3,0.0,0.0,0.5430329,2.403185,0
13,PN12,CH2,2025-06-15 20:00:00,2025-06-15,3,0.0,0.0847457627118644,0.95101464,4.014969,0
12,PN12,CH1,2025-06-15 21:00:00,2025-06-15,3,0.0,0.0002778549597110308,1.3476444,5.734488,0
13,PN12,CH2,2025-06-15 21:00:00,2025-06-15,3,0.0,0.14531814392886913,1.9802839,6.5231323,0
12,PN12,CH1,2025-06-15 22:00:00,2025-06-15,3,0.0,0.0002778549597110308,0.40792736,1.9083172,0
13,PN12,CH2,2025-06-15 22:00:00,2025-06-15,3,0.0,0.13642678521811613,0.6046324,5.264282,1
12,PN12,CH1,2025-06-15 23:00:00,2025-06-15,3,0.0002777777777777778,0.0005557099194220616,0.59520406,4.382543,0
13,PN12,CH2,2025-06-15 23:00:00,2025-06-15,3,0.0002777777777777778,0.13281467074187275,2.393,24.347305,20
12,PN12,CH1,2025-06-16 00:00:00,2025-06-16,3,0.0,0.0002778549597110308,0.4736567,2.0943956,0
13,PN12,CH2,2025-06-16 00:00:00,2025-06-16,3,0.0,0.171158655181995,0.76306367,3.3855438,1
12,PN12,CH1,2025-06-16 01:00:00,2025-06-16,3,0.0,0.0,0.2930894,1.4036148,0
13,PN12,CH2,2025-06-16 01:00:00,2025-06-16,3,0.0,0.16171158655181994,0.3270117,1.821518,0
12,PN12,CH1,2025-06-16 02:00:00,2025-06-16,3,0.0,0.0,0.18622944,1.122877,0
13,PN12,CH2,2025-06-16 02:00:00,2025-06-16,3,0.0,0.15726590719644346,0.30135047,1.8692017,0
12,PN12,CH1,2025-06-16 03:00:00,2025-06-16,3,0.0,0.0,0.13522983,0.7853657,0
13,PN12,CH2,2025-06-16 03:00:00,2025-06-16,3,0.0,0.17032509030286191,0.5784784,3.0708313,0
12,PN12,CH1,2025-06-16 04:00:00,2025-06-16,3,0.0,0.0005557099194220616,0.5098773,1.9800664,0
13,PN12,CH2,2025-06-16 04:00:00,2025-06-16,3,0.0,0.17171436510141705,0.39652717,2.155304,0
12,PN12,CH1,2025-06-16 05:00:00,2025-06-16,3,0.0,0.0,0.43383104,2.1063538,0
13,PN12,CH2,2025-06-16 05:00:00,2025-06-16,3,0.0,0.225062517365935,0.48441467,1.7356873,0
12,PN12,CH1,2025-06-16 06:00:00,2025-06-16,3,0.0,0.0,0.5206611,4.883483,0
13,PN12,CH2,2025-06-16 06:00:00,2025-06-16,3,0.0,0.22672964712420116,0.32904673,1.5354156,0
12,PN12,CH1,2025-06-16 07:00:00,2025-06-16,3,0.0,0.0002778549597110308,0.4517091,2.1318345,0
13,PN12,CH2,2025-06-16 07:00:00,2025-06-16,3,0.0,0.20311197554876353,0.7114088,5.273819,2
12,PN12,CH1,2025-06-16 08:00:00,2025-06-16,3,0.0,0.0002778549597110308,0.65988034,3.1735003,0
13,PN12,CH2,2025-06-16 08:00:00,2025-06-16,3,0.0,0.15476521255904419,1.5270748,6.828308,4
12,PN12,CH1,2025-06-16 09:00:00,2025-06-16,3,0.0,0.0,0.7473064,2.593361,0
13,PN12,CH2,2025-06-16 09:00:00,2025-06-16,3,0.0,0.08752431230897471,1.0196619,5.1116943,1
12,PN12,CH1,2025-06-16 10:00:00,2025-06-16,3,0.0,0.0,0.3812334,1.9410255,0
13,PN12,CH2,2025-06-16 10:00:00,2025-06-16,3,0.0,0.06807446512920255,1.0622295,6.1416626,5
12,PN12,CH1,2025-06-16 11:00:00,2025-06-16,3,0.0,0.0002778549597110308,3.4443982,34.20636,12
13,PN12,CH2,2025-06-16 11:00:00,2025-06-16,3,0.0,0.060850236176715755,1.6337972,9.441376,30
12,PN12,CH1,2025-06-16 12:00:01,2025-06-16,3,0.0002777777777777778,0.0,2.2888806,8.080341,0
13,PN12,CH2,2025-06-16 12:00:01,2025-06-16,3,0.0002777777777777778,0.07196443456515698,1.3134274,5.3215027,1
12,PN12,CH1,2025-06-16 13:00:00,2025-06-16,3,0.0,0.0,0.69843394,4.892722,1
13,PN12,CH2,2025-06-16 13:00:00,2025-06-16,3,0.0,0.07529869408168936,1.0019313,4.7302246,2
12,PN12,CH1,2025-06-16 14:00:00,2025-06-16,3,0.0,0.0,0.7499655,4.6562777,0
13,PN12,CH2,2025-06-16 14:00:00,2025-06-16,3,0.0,0.08113364823562101,1.50632,8.888245,4
12,PN12,CH1,2025-06-16 15:00:00,2025-06-16,3,0.0,0.0002778549597110308,2.0110028,7.043481,0
13,PN12,CH2,2025-06-16 15:00:00,2025-06-16,3,0.0,0.05307029730480689,4.2470846,18.367767,1
12,PN12,CH1,2025-06-16 16:00:00,2025-06-16,3,0.0,0.0005557099194220616,1.0694536,6.231703,0
13,PN12,CH2,2025-06-16 16:00:00,2025-06-16,3,0.0,0.03250903028619061,2.9608176,13.656616,60
12,PN12,CH1,2025-06-16 17:00:00,2025-06-16,3,0.0,0.0005557099194220616,1.2387604,6.1276555,0
13,PN12,CH2,2025-06-16 17:00:00,2025-06-16,3,0.0,0.07279799944429008,3.5812948,12.893677,4
12,PN12,CH1,2025-06-16 18:00:00,2025-06-16,3,0.0,0.0002778549597110308,1.1236906,5.190894,0
13,PN12,CH2,2025-06-16 18:00:00,2025-06-16,3,0.0,0.05140316754654071,4.250293,18.463135,27
12,PN12,CH1,2025-06-16 19:00:00,2025-06-16,3,0.0,0.0,0.942984,5.7198853,0
13,PN12,CH2,2025-06-16 19:00:00,2025-06-16,3,0.0,0.08363434287302028,1.7201073,6.8092346,0
12,PN12,CH1,2025-06-16 20:00:00,2025-06-16,3,0.0,0.0002778549597110308,0.21237604,1.195334,0
13,PN12,CH2,2025-06-16 20:00:00,2025-06-16,3,0.0,0.0964156710197277,0.5009252,2.5558472,1
12,PN12,CH1,2025-06-16 21:00:00,2025-06-16,3,0.0,0.0002778549597110308,1.4267408,5.4142623,0
13,PN12,CH2,2025-06-16 21:00:00,2025-06-16,3,0.0,0.11030841900527924,0.5610984,3.1661987,1
12,PN12,CH1,2025-06-16 22:00:00,2025-06-16,3,0.0,0.0002778549597110308,0.40304562,1.9373744,0
13,PN12,CH2,2025-06-16 22:00:00,2025-06-16,3,0.0,0.08835787718810781,1.0254644,5.273819,1
12,PN12,CH1,2025-06-16 23:00:00,2025-06-16,3,0.0002777777777777778,0.0,0.2084414,1.9513816,0
13,PN12,CH2,2025-06-16 23:00:00,2025-06-16,3,0.0002777777777777778,0.10475131981105863,0.46118414,3.1089783,0
12,PN12,CH1,2025-06-17 00:00:00,2025-06-17,3,0.0,0.0002778549597110308,0.2616255,1.2534485,0
13,PN12,CH2,2025-06-17 00:00:00,2025-06-17,3,0.0,0.1000277854959711,0.4159989,3.2615662,1
12,PN12,CH1,2025-06-17 01:00:00,2025-06-17,3,0.0,0.0005557099194220616,0.43056983,1.8313154,0
13,PN12,CH2,2025-06-17 01:00:00,2025-06-17,3,0.0,0.0955821061405946,0.7356086,3.1471252,0
12,PN12,CH1,2025-06-17 02:00:00,2025-06-17,3,0.0,0.0,0.19655697,1.05232,0
13,PN12,CH2,2025-06-17 02:00:00,2025-06-17,3,0.0,0.0855793275909975,0.7690471,3.0708313,0
12,PN12,CH1,2025-06-17 03:00:00,2025-06-17,3,0.0,0.0,0.1056018,0.7129462,0
13,PN12,CH2,2025-06-17 03:00:00,2025-06-17,3,0.0,0.11003056404556821,1.0149696,3.6334991,0
12,PN12,CH1,2025-06-17 04:00:00,2025-06-17,3,0.0,0.0,0.5383644,1.9128247,0
13,PN12,CH2,2025-06-17 04:00:00,2025-06-17,3,0.0,0.12281189219227563,0.45349756,2.040863,0
12,PN12,CH1,2025-06-17 05:00:00,2025-06-17,3,0.0,0.0002778549597110308,0.33686253,1.5974791,0
13,PN12,CH2,2025-06-17 05:00:00,2025-06-17,3,0.0,0.14059460961378162,0.45902556,1.9454956,0
12,PN12,CH1,2025-06-17 06:00:00,2025-06-17,3,0.0,0.0,0.34495565,3.0343978,0
13,PN12,CH2,2025-06-17 06:00:00,2025-06-17,3,0.0,0.13642678521811613,0.4178063,2.3174286,0
12,PN12,CH1,2025-06-17 07:00:00,2025-06-17,3,0.0,0.0002778549597110308,1.8208047,8.146092,0
13,PN12,CH2,2025-06-17 07:00:00,2025-06-17,3,0.0,0.06640733537093638,2.5971014,10.328293,0
12,PN12,CH1,2025-06-17 08:00:00,2025-06-17,3,0.0,0.0002778549597110308,1.3400922,6.3773613,0
13,PN12,CH2,2025-06-17 08:00:00,2025-06-17,3,0.0,0.06863017504862462,1.0365636,4.4727325,1
12,PN12,CH1,2025-06-17 09:00:00,2025-06-17,3,0.0,0.0008335648791330926,0.7429087,4.2338667,0
13,PN12,CH2,2025-06-17 09:00:00,2025-06-17,3,0.0,0.07196443456515698,1.9193596,8.325577,1
12,PN12,CH1,2025-06-17 10:00:00,2025-06-17,3,0.0,0.0002778549597110308,0.8360219,3.5829844,0
13,PN12,CH2,2025-06-17 10:00:00,2025-06-17,3,0.0,0.07168657960544596,1.782719,8.640289,0
12,PN12,CH1,2025-06-17 11:00:00,2025-06-17,3,0.0002777777777777778,0.0,0.73090357,3.936328,0
13,PN12,CH2,2025-06-17 11:00:00,2025-06-17,3,0.0002777777777777778,0.09085857182550708,1.6408474,6.5994263,1
12,PN12,CH1,2025-06-17 12:00:00,2025-06-17,3,0.0,0.0,0.70028055,4.0989,0
13,PN12,CH2,2025-06-17 12:00:00,2025-06-17,3,0.0,0.08585718255070852,1.7843832,6.6661835,0
12,PN12,CH1,2025-06-17 13:00:00,2025-06-17,3,0.0,0.0002778549597110308,6.757581,247.73314,41
13,PN12,CH2,2025-06-17 13:00:00,2025-06-17,3,0.0,0.0739094192831342,4.864916,233.39272,49
12,PN12,CH1,2025-06-17 14:00:00,2025-06-17,3,0.0,0.0,1.8118671,8.670129,0
13,PN12,CH2,2025-06-17 14:00:00,2025-06-17,3,0.0,0.0730758544040011,1.6116712,7.133484,2
12,PN12,CH1,2025-06-17 15:00:00,2025-06-17,3,0.0,0.0,1.6931707,6.0947237,0
13,PN12,CH2,2025-06-17 15:00:00,2025-06-17,3,0.0,0.06501806057238121,0.571416,3.33786,1
12,PN12,CH1,2025-06-17 16:00:00,2025-06-17,3,0.0,0.0002778549597110308,0.8132846,3.524497,0
13,PN12,CH2,2025-06-17 16:00:00,2025-06-17,3,0.0,0.048346762989719363,3.589205,15.230179,41
12,PN12,CH1,2025-06-17 17:00:00,2025-06-17,3,0.0,0.0002778549597110308,0.831351,3.584176,0
13,PN12,CH2,2025-06-17 17:00:00,2025-06-17,3,0.0,0.08002222839677688,4.349628,13.961792,8
12,PN12,CH1,2025-06-17 18:00:00,2025-06-17,3,0.0,0.0002778549597110308,0.9753338,4.6258416,0
13,PN12,CH2,2025-06-17 18:00:00,2025-06-17,3,0.0,0.05362600722422895,11.9188595,33.23555,22
12,PN12,CH1,2025-06-17 19:00:00,2025-06-17,3,0.0,0.0002778549597110308,0.89494854,7.639676,0
13,PN12,CH2,2025-06-17 19:00:00,2025-06-17,3,0.0,0.10336204501250347,12.142993,34.43718,0
12,PN12,CH1,2025-06-17 20:00:00,2025-06-17,3,0.0,0.0002778549597110308,0.5190481,2.5758147,0
13,PN12,CH2,2025-06-17 20:00:00,2025-06-17,3,0.0,0.09808280077799389,1.9430546,6.8569183,0
12,PN12,CH1,2025-06-17 21:00:00,2025-06-17,3,0.0,0.0,1.2214905,4.006401,0
13,PN12,CH2,2025-06-17 21:00:00,2025-06-17,3,0.0,0.12114476243400944,0.5581372,2.9754639,0
12,PN12,CH1,2025-06-17 22:00:00,2025-06-17,3,0.0,0.0,0.32010207,1.560636,0
13,PN12,CH2,2025-06-17 22:00:00,2025-06-17,3,0.0,0.1000277854959711,1.6774884,6.4086914,0
12,PN12,CH1,2025-06-17 23:00:00,2025-06-17,3,0.0,0.0,0.17939837,1.2803078,0
13,PN12,CH2,2025-06-17 23:00:00,2025-06-17,3,0.0,0.09863851069741594,0.5144883,2.3651123,0
12,PN12,CH1,2025-06-18 00:00:01,2025-06-18,3,0.0002777777777777778,0.0,0.72774726,2.9320643,0
13,PN12,CH2,2025-06-18 00:00:01,2025-06-18,3,0.0002777777777777778,0.08113364823562101,0.73972076,3.6239624,0
12,PN12,CH1,2025-06-18 01:00:00,2025-06-18,3,0.0,0.0002778549597110308,0.22918615,1.1762977,0
13,PN12,CH2,2025-06-18 01:00:00,2025-06-18,3,0.0,0.0855793275909975,0.5578113,2.8133392,0
12,PN12,CH1,2025-06-18 02:00:00,2025-06-18,3,0.0,0.0,0.15182182,1.0415539,0
13,PN12,CH2,2025-06-18 02:00:00,2025-06-18,3,0.0,0.0775215337593776,0.4190523,2.193451,0
12,PN12,CH1,2025-06-18 03:00:00,2025-06-18,3,0.0,0.0,0.21766181,1.1933222,0
13,PN12,CH2,2025-06-18 03:00:00,2025-06-18,3,0.0,0.08391219783273131,1.2546837,4.8065186,0
12,PN12,CH1,2025-06-18 04:00:00,2025-06-18,3,0.0,0.0002778549597110308,0.6233154,2.1288917,0
13,PN12,CH2,2025-06-18 04:00:00,2025-06-18,3,0.0,0.09530425118088358,0.7719156,2.8800964,0
12,PN12,CH1,2025-06-18 05:00:00,2025-06-18,3,0.0,0.0,0.481242,1.8405913,0
13,PN12,CH2,2025-06-18 05:00:00,2025-06-18,3,0.0,0.11447624340094471,0.8603628,3.3855438,0
12,PN12,CH1,2025-06-18 06:00:00,2025-06-18,3,0.0,0.0,0.45396122,2.0777435,0
13,PN12,CH2,2025-06-18 06:00:00,2025-06-18,3,0.0,0.11503195332036677,0.50766975,2.670288,0
12,PN12,CH1,2025-06-18 07:00:00,2025-06-18,3,0.0,0.0002778549597110308,0.9238217,3.9987636,0
13,PN12,CH2,2025-06-18 07:00:00,2025-06-18,3,0.0,0.08085579327590997,1.1235175,5.8078766,0
12,PN12,CH1,2025-06-18 08:00:00,2025-06-18,3,0.0,0.0,1.5898226,8.495003,0
13,PN12,CH2,2025-06-18 08:00:00,2025-06-18,3,0.0,0.08446790775215338,1.8630791,6.980896,0
12,PN12,CH1,2025-06-18 09:00:00,2025-06-18,3,0.0,0.0,1.7977022,7.1353836,0
13,PN12,CH2,2025-06-18 09:00:00,2025-06-18,3,0.0,0.08669074742984162,0.92999655,4.8446655,0
12,PN12,CH1,2025-06-18 10:00:00,2025-06-18,3,0.0,0.0,0.46082026,2.5099144,0
13,PN12,CH2,2025-06-18 10:00:00,2025-06-18,3,0.0,0.08057793831619894,2.0732818,9.651184,0
12,PN12,CH1,2025-06-18 11:00:00,2025-06-18,3,0.0,0.0002778549597110308,0.7240737,5.765371,0
13,PN12,CH2,2025-06-18 11:00:00,2025-06-18,3,0.0,0.08974715198666296,1.6990285,6.761551,0
12,PN12,CH1,2025-06-18 12:00:00,2025-06-18,3,0.0,0.0,0.62862647,4.1981783,0
13,PN12,CH2,2025-06-18 12:00:00,2025-06-18,3,0.0,0.09419283134203946,0.7243082,3.862381,0
12,PN12,CH1,2025-06-18 13:00:00,2025-06-18,3,0.0,0.0002778549597110308,8.070233,104.31752,51
13,PN12,CH2,2025-06-18 13:00:00,2025-06-18,3,0.0,0.08002222839677688,4.5849023,96.731186,126
12,PN12,CH1,2025-06-18 14:00:00,2025-06-18,3,0.0,0.0,1.9199026,10.761656,0
13,PN12,CH2,2025-06-18 14:00:00,2025-06-18,3,0.0,0.10836343428730202,3.6495419,17.986298,0
12,PN12,CH1,2025-06-18 15:00:00,2025-06-18,3,0.0,0.0,1.9048624,6.794296,2
13,PN12,CH2,2025-06-18 15:00:00,2025-06-18,3,0.0,0.0964156710197277,2.371821,9.7846985,0
12,PN12,CH1,2025-06-18 16:00:00,2025-06-18,3,0.0,0.0,0.9057374,4.680827,0
13,PN12,CH2,2025-06-18 16:00:00,2025-06-18,3,0.0,0.05834954153931648,2.5239565,10.881424,45
12,PN12,CH1,2025-06-18 17:00:00,2025-06-18,3,0.0,0.0,0.68723303,3.88667,0
13,PN12,CH2,2025-06-18 17:00:00,2025-06-18,3,0.0,0.09308141150319534,4.2228394,13.904572,6
12,PN12,CH1,2025-06-18 18:00:00,2025-06-18,3,0.0,0.0,0.9644905,5.112998,0
13,PN12,CH2,2025-06-18 18:00:00,2025-06-18,3,0.0,0.07724367879966658,7.582683,23.441315,11
12,PN12,CH1,2025-06-18 19:00:00,2025-06-18,3,0.0,0.0,1.0685084,4.7153234,0
13,PN12,CH2,2025-06-18 19:00:00,2025-06-18,3,0.0,0.11086412892470131,1.8199567,7.610321,0
12,PN12,CH1,2025-06-18 20:00:00,2025-06-18,3,0.0,0.0,0.7055408,2.8918684,0
13,PN12,CH2,2025-06-18 20:00:00,2025-06-18,3,0.0,0.08669074742984162,0.6751363,3.528595,0
12,PN12,CH1,2025-06-18 21:00:00,2025-06-18,3,0.0,0.0,0.9995009,3.713891,0
13,PN12,CH2,2025-06-18 21:00:00,2025-06-18,3,0.0,0.1250347318699639,0.52726007,2.603531,0
12,PN12,CH1,2025-06-18 22:00:00,2025-06-18,3,0.0,0.0,0.8146961,3.3281744,0
13,PN12,CH2,2025-06-18 22:00:00,2025-06-18,3,0.0,0.13170325090302862,0.83221203,3.5953522,0
12,PN12,CH1,2025-06-18 23:00:00,2025-06-18,3,0.0002777777777777778,0.0,0.28025323,1.5768037,0
13,PN12,CH2,2025-06-18 23:00:00,2025-06-18,3,0.0002777777777777778,0.12197832731314254,0.82905656,3.5095215,0
12,PN12,CH1,2025-06-19 00:00:00,2025-06-19,1,0.0,0.0002778549597110308,0.39470825,2.0303578,0
13,PN12,CH2,2025-06-19 00:00:00,2025-06-19,1,0.0,0.13031397610447346,0.48690936,3.0136108,0
12,PN12,CH1,2025-06-19 01:00:00,2025-06-19,1,0.0,0.0,0.21996573,1.1356547,0
13,PN12,CH2,2025-06-19 01:00:00,2025-06-19,1,0.0,0.15059738816337873,0.53826755,2.7561188,0
12,PN12,CH1,2025-06-19 02:00:00,2025-06-19,1,0.0,0.0,0.19517289,1.19742,0
13,PN12,CH2,2025-06-19 02:00:00,2025-06-19,1,0.0,0.15254237288135594,0.4335884,1.8596649,0
12,PN12,CH1,2025-06-19 03:00:00,2025-06-19,1,0.0,0.0,0.22830741,1.5482678,0
13,PN12,CH2,2025-06-19 03:00:00,2025-06-19,1,0.0,0.15532092247846624,0.34634393,1.7261505,0
12,PN12,CH1,2025-06-19 04:00:00,2025-06-19,1,0.0,0.0,0.41510028,2.139099,0
13,PN12,CH2,2025-06-19 04:00:00,2025-06-19,1,0.0,0.17338149485968324,0.9304123,3.5953522,0
12,PN12,CH1,2025-06-19 05:00:00,2025-06-19,1,0.0,0.0,0.5309927,2.252273,0
13,PN12,CH2,2025-06-19 05:00:00,2025-06-19,1,0.0,0.20200055570991943,0.60092074,2.450943,0
12,PN12,CH1,2025-06-19 06:00:00,2025-06-19,1,0.0,0.0,0.29901993,1.8892065,0
13,PN12,CH2,2025-06-19 06:00:00,2025-06-19,1,0.0,0.2045012503473187,0.31358138,1.7929077,0
12,PN12,CH1,2025-06-19 07:00:00,2025-06-19,1,0.0,0.0,2.2673628,8.037016,0
13,PN12,CH2,2025-06-19 07:00:00,2025-06-19,1,0.0,0.06390664073353709,2.085666,8.573532,0
12,PN12,CH1,2025-06-19 08:00:00,2025-06-19,1,0.0,0.0002778549597110308,1.1266241,5.719736,0
13,PN12,CH2,2025-06-19 08:00:00,2025-06-19,1,0.0,0.08168935815504307,2.0832777,7.7342987,0
12,PN12,CH1,2025-06-19 09:00:00,2025-06-19,1,0.0,0.0002778549597110308,1.0312792,6.464012,0
13,PN12,CH2,2025-06-19 09:00:00,2025-06-19,1,0.0,0.0666851903306474,1.505249,7.0858,1
12,PN12,CH1,2025-06-19 10:00:00,2025-06-19,1,0.0,0.0,0.4002167,2.2929163,0
13,PN12,CH2,2025-06-19 10:00:00,2025-06-19,1,0.0,0.05668241178105029,1.1131601,5.5122375,7
12,PN12,CH1,2025-06-19 11:00:00,2025-06-19,1,0.0,0.0,2.3415122,30.772984,19
13,PN12,CH2,2025-06-19 11:00:00,2025-06-19,1,0.0,0.08669074742984162,2.1252148,20.551682,40
12,PN12,CH1,2025-06-19 12:00:01,2025-06-19,1,0.0002777777777777778,0.0,1.1642822,5.6901197,0
13,PN12,CH2,2025-06-19 12:00:01,2025-06-19,1,0.0002777777777777778,0.08280077799388719,1.0007554,4.234314,0
12,PN12,CH1,2025-06-19 13:00:00,2025-06-19,1,0.0,0.0,0.57053363,3.650896,0
13,PN12,CH2,2025-06-19 13:00:00,2025-06-19,1,0.0,0.09585996110030565,1.676825,5.5122375,0
12,PN12,CH1,2025-06-19 14:00:00,2025-06-19,1,0.0,0.0,0.50102764,4.772171,0
13,PN12,CH2,2025-06-19 14:00:00,2025-06-19,1,0.0,0.10363989997221451,0.44623116,2.565384,0
12,PN12,CH1,2025-06-19 15:00:00,2025-06-19,1,0.0,0.0,1.1021525,4.2624774,0
13,PN12,CH2,2025-06-19 15:00:00,2025-06-19,1,0.0,0.11086412892470131,0.86187804,7.3719025,0
12,PN12,CH1,2025-06-19 16:00:00,2025-06-19,1,0.0,0.0,0.77787584,5.1167984,0
13,PN12,CH2,2025-06-19 16:00:00,2025-06-19,1,0.0,0.06501806057238121,5.9723835,23.345947,38
12,PN12,CH1,2025-06-19 17:00:00,2025-06-19,1,0.0,0.0002778549597110308,0.6693133,3.9272013,0
13,PN12,CH2,2025-06-19 17:00:00,2025-06-19,1,0.0,0.07863295359822173,1.6234041,7.572174,12
12,PN12,CH1,2025-06-19 18:00:00,2025-06-19,1,0.0,0.0002778549597110308,1.3783205,7.0326777,0
13,PN12,CH2,2025-06-19 18:00:00,2025-06-19,1,0.0,0.08446790775215338,2.6589687,12.47406,10
12,PN12,CH1,2025-06-19 19:00:00,2025-06-19,1,0.0,0.0,1.0425366,4.697591,0
13,PN12,CH2,2025-06-19 19:00:00,2025-06-19,1,0.0,0.11864406779661017,1.3639692,6.132126,2
12,PN12,CH1,2025-06-19 20:00:00,2025-06-19,1,0.0,0.0002778549597110308,0.2335515,1.4812498,0
13,PN12,CH2,2025-06-19 20:00:00,2025-06-19,1,0.0,0.09836065573770492,0.6248772,2.9563904,0
12,PN12,CH1,2025-06-19 21:00:00,2025-06-19,1,0.0,0.0,1.4220839,5.225837,0
13,PN12,CH2,2025-06-19 21:00:00,2025-06-19,1,0.0,0.14059460961378162,1.0304544,4.043579,0
12,PN12,CH1,2025-06-19 22:00:00,2025-06-19,1,0.0,0.0002778549597110308,0.6278549,5.012974,0
13,PN12,CH2,2025-06-19 22:00:00,2025-06-19,1,0.0,0.14976382328424562,1.2136744,4.7683716,0
12,PN12,CH1,2025-06-19 23:00:00,2025-06-19,1,0.0002777777777777778,0.0,1.0684662,6.862879,0
13,PN12,CH2,2025-06-19 23:00:00,2025-06-19,1,0.0002777777777777778,0.17365934981939427,0.3790663,2.0599365,0
12,PN12,CH1,2025-06-20 00:00:00,2025-06-20,1,0.0,0.0002778549597110308,0.5732693,2.910346,0
13,PN12,CH2,2025-06-20 00:00:00,2025-06-20,1,0.0,0.16699083078632954,0.40895095,2.937317,0
12,PN12,CH1,2025-06-20 01:00:00,2025-06-20,1,0.0,0.0002778549597110308,0.19257034,1.2528524,0
13,PN12,CH2,2025-06-20 01:00:00,2025-06-20,1,0.0,0.17616004445679356,0.4598551,3.1280518,0
12,PN12,CH1,2025-06-20 02:00:00,2025-06-20,1,0.0,0.0,0.33074078,3.9142003,0
13,PN12,CH2,2025-06-20 02:00:00,2025-06-20,1,0.0,0.20561267018616283,0.2640691,1.6975403,0
12,PN12,CH1,2025-06-20 03:00:00,2025-06-20,1,0.0,0.0,0.20062567,1.3191252,0
13,PN12,CH2,2025-06-20 03:00:00,2025-06-20,1,0.0,0.23034176160044456,0.23659578,1.373291,0
12,PN12,CH1,2025-06-20 04:00:00,2025-06-20,1,0.0,0.0002778549597110308,0.29346085,1.842752,0
13,PN12,CH2,2025-06-20 04:00:00,2025-06-20,1,0.0,0.39955543206446237,0.8119801,3.1852722,0
12,PN12,CH1,2025-06-20 05:00:00,2025-06-20,1,0.0,0.0,0.4789775,3.066957,0
13,PN12,CH2,2025-06-20 05:00:00,2025-06-20,1,0.0,0.29480411225340375,0.5707743,3.4999847,0
12,PN12,CH1,2025-06-20 06:00:00,2025-06-20,1,0.0,0.0,0.27973387,1.6800313,0
13,PN12,CH2,2025-06-20 06:00:00,2025-06-20,1,0.0,0.2817449291469853,0.68271625,3.0899048,0
12,PN12,CH1,2025-06-20 07:00:00,2025-06-20,1,0.0,0.0,2.1974697,7.3929873,0
13,PN12,CH2,2025-06-20 07:00:00,2025-06-20,1,0.0,0.08141150319533204,2.0397873,7.7819824,0
12,PN12,CH1,2025-06-20 08:00:00,2025-06-20,1,0.0,0.0,1.1803404,5.445853,0
13,PN12,CH2,2025-06-20 08:00:00,2025-06-20,1,0.0,0.12420116699083078,2.741855,11.520386,4
12,PN12,CH1,2025-06-20 09:00:00,2025-06-20,1,0.0,0.0002778549597110308,0.7471583,6.057843,0
13,PN12,CH2,2025-06-20 09:00:00,2025-06-20,1,0.0,0.08835787718810781,1.4919896,6.6184998,0
12,PN12,CH1,2025-06-20 10:00:00,2025-06-20,1,0.0,0.0,0.38300112,2.610423,0
13,PN12,CH2,2025-06-20 10:00:00,2025-06-20,1,0.0,0.07668796888024451,1.1244385,5.5599213,0
12,PN12,CH1,2025-06-20 11:00:00,2025-06-20,1,0.0,0.0002778549597110308,0.4696769,2.8957052,0
13,PN12,CH2,2025-06-20 11:00:00,2025-06-20,1,0.0,0.10530702973048069,1.2547503,7.0667267,4
12,PN12,CH1,2025-06-20 12:00:00,2025-06-20,1,0.0,0.0002778549597110308,1.1847796,5.4658203,0
13,PN12,CH2,2025-06-20 12:00:00,2025-06-20,1,0.0,0.08113364823562101,0.93706274,6.2942505,0
12,PN12,CH1,2025-06-20 13:00:00,2025-06-20,1,0.0,0.0,1.6535407,53.645817,13
13,PN12,CH2,2025-06-20 13:00:00,2025-06-20,1,0.0,0.08752431230897471,2.322673,115.90958,51
12,PN12,CH1,2025-06-20 14:00:00,2025-06-20,1,0.0,0.0002778549597110308,0.75894487,3.8448715,0
13,PN12,CH2,2025-06-20 14:00:00,2025-06-20,1,0.0,0.061405946096137816,1.185389,6.275177,1
12,PN12,CH1,2025-06-20 15:00:00,2025-06-20,1,0.0,0.0,0.9146894,4.595294,0
13,PN12,CH2,2025-06-20 15:00:00,2025-06-20,1,0.0,0.07779938871908863,1.573972,6.570816,0
12,PN12,CH1,2025-06-20 16:00:00,2025-06-20,1,0.0,0.0,0.6166274,3.4919004,0
13,PN12,CH2,2025-06-20 16:00:00,2025-06-20,1,0.0,0.05473742706307307,3.048681,13.637543,34
12,PN12,CH1,2025-06-20 17:00:00,2025-06-20,1,0.0,0.0002778549597110308,0.520764,3.178567,0
13,PN12,CH2,2025-06-20 17:00:00,2025-06-20,1,0.0,0.08835787718810781,2.400211,9.584427,9
12,PN12,CH1,2025-06-20 18:00:00,2025-06-20,1,0.0,0.0,0.8451526,4.40944,1
13,PN12,CH2,2025-06-20 18:00:00,2025-06-20,1,0.0,0.07335370936371215,13.275333,37.050247,33
12,PN12,CH1,2025-06-20 19:00:00,2025-06-20,1,0.0,0.0,1.1714509,5.2487106,0
13,PN12,CH2,2025-06-20 19:00:00,2025-06-20,1,0.0,0.16060016671297583,7.607964,26.102066,0
12,PN12,CH1,2025-06-20 20:00:00,2025-06-20,1,0.0,0.0,0.3534882,1.9828978,0
13,PN12,CH2,2025-06-20 20:00:00,2025-06-20,1,0.0,0.12836899138649624,1.157135,5.1879883,0
12,PN12,CH1,2025-06-20 21:00:00,2025-06-20,1,0.0,0.0,1.4861538,5.756504,0
13,PN12,CH2,2025-06-20 21:00:00,2025-06-20,1,0.0,0.1719922200611281,0.7082992,3.7574768,0
12,PN12,CH1,2025-06-20 22:00:00,2025-06-20,1,0.0,0.0,0.614574,5.0682573,0
13,PN12,CH2,2025-06-20 22:00:00,2025-06-20,1,0.0,0.15726590719644346,1.4628266,5.2261353,0
12,PN12,CH1,2025-06-20 23:00:00,2025-06-20,1,0.0,0.0,2.1516464,18.16459,0
13,PN12,CH2,2025-06-20 23:00:00,2025-06-20,1,0.0,0.17421505973881635,0.675451,3.5095215,0
12,PN12,CH1,2025-06-21 00:00:00,2025-06-21,1,0.0,0.0,0.8203009,3.2173095,0
13,PN12,CH2,2025-06-21 00:00:00,2025-06-21,1,0.0,0.15698805223673243,0.5301222,2.822876,0
12,PN12,CH1,2025-06-21 01:00:00,2025-06-21,1,0.0,0.0,0.31047577,1.5864525,0
13,PN12,CH2,2025-06-21 01:00:00,2025-06-21,1,0.0,0.18949708252292302,0.26815706,1.8310547,0
12,PN12,CH1,2025-06-21 02:00:00,2025-06-21,1,0.0,0.0,0.22282201,1.5981121,0
13,PN12,CH2,2025-06-21 02:00:00,2025-06-21,1,0.0,0.18616282300639067,0.25760084,1.1634827,0
12,PN12,CH1,2025-06-21 03:00:00,2025-06-21,1,0.0,0.0,0.22010107,1.1745095,0
13,PN12,CH2,2025-06-21 03:00:00,2025-06-21,1,0.0,0.1747707696582384,0.28467408,1.449585,0
12,PN12,CH1,2025-06-21 04:00:00,2025-06-21,1,0.0,0.0,0.37111437,1.8886847,0
13,PN12,CH2,2025-06-21 04:00:00,2025-06-21,1,0.0,0.1828285634898583,0.680232,2.8800964,0
12,PN12,CH1,2025-06-21 05:00:00,2025-06-21,1,0.0,0.0,0.5619951,4.028976,0
13,PN12,CH2,2025-06-21 05:00:00,2025-06-21,1,0.0,0.1864406779661017,0.5972819,3.0708313,0
12,PN12,CH1,2025-06-21 06:00:00,2025-06-21,1,0.0,0.0,0.28462765,1.8224492,0
13,PN12,CH2,2025-06-21 06:00:00,2025-06-21,1,0.0,0.18449569324812448,0.88241243,4.0340424,0
12,PN12,CH1,2025-06-21 07:00:00,2025-06-21,1,0.0,0.0,2.0832474,7.2019176,0
13,PN12,CH2,2025-06-21 07:00:00,2025-06-21,1,0.0,0.06390664073353709,1.7344586,7.49588,0
12,PN12,CH1,2025-06-21 08:00:00,2025-06-21,1,0.0,0.0002778549597110308,1.7967225,10.478348,5
13,PN12,CH2,2025-06-21 08:00:00,2025-06-21,1,0.0,0.1000277854959711,2.8747044,15.296936,36
12,PN12,CH1,2025-06-21 09:00:00,2025-06-21,1,0.0,0.0002778549597110308,0.9979201,6.270296,0
13,PN12,CH2,2025-06-21 09:00:00,2025-06-21,1,0.0,0.08530147263128647,1.0469512,5.636215,2
12,PN12,CH1,2025-06-21 10:00:00,2025-06-21,1,0.0,0.0,0.7323885,3.562272,0
13,PN12,CH2,2025-06-21 10:00:00,2025-06-21,1,0.0,0.06279522089469297,1.3544767,6.5994263,11
12,PN12,CH1,2025-06-21 11:00:00,2025-06-21,1,0.0002777777777777778,0.0,0.49583715,4.43574,0
13,PN12,CH2,2025-06-21 11:00:00,2025-06-21,1,0.0002777777777777778,0.10836343428730202,0.55437464,3.1757355,0
12,PN12,CH1,2025-06-21 12:00:00,2025-06-21,1,0.0,0.0,0.8221706,6.0849633,1
13,PN12,CH2,2025-06-21 12:00:00,2025-06-21,1,0.0,0.09419283134203946,0.9830973,5.311966,0
12,PN12,CH1,2025-06-21 13:00:00,2025-06-21,1,0.0,0.0,0.8943725,6.627366,0
13,PN12,CH2,2025-06-21 13:00:00,2025-06-21,1,0.0,0.07557654904140039,1.6411742,7.286072,0
12,PN12,CH1,2025-06-21 14:00:00,2025-06-21,1,0.0,0.0,0.5432014,3.3096228,0
13,PN12,CH2,2025-06-21 14:00:00,2025-06-21,1,0.0,0.05779383161989442,0.5994816,3.8433075,2
12,PN12,CH1,2025-06-21 15:00:00,2025-06-21,1,0.0,0.0005557099194220616,0.56116736,3.3813343,0
13,PN12,CH2,2025-06-21 15:00:00,2025-06-21,1,0.0,0.04251180883578772,1.447866,7.8964233,2
12,PN12,CH1,2025-06-21 16:00:00,2025-06-21,1,0.0,0.0002778549597110308,0.79389924,4.140958,0
13,PN12,CH2,2025-06-21 16:00:00,2025-06-21,1,0.0,0.04001111419838844,2.3876736,11.301041,44
12,PN12,CH1,2025-06-21 17:00:00,2025-06-21,1,0.0,0.0,0.44500673,2.6004019,0
13,PN12,CH2,2025-06-21 17:00:00,2025-06-21,1,0.0,0.07863295359822173,4.154008,14.90593,24
12,PN12,CH1,2025-06-21 18:00:00,2025-06-21,1,0.0,0.0,1.5405923,6.756,0
13,PN12,CH2,2025-06-21 18:00:00,2025-06-21,1,0.0,0.06529591553209224,6.191932,21.686554,29
12,PN12,CH1,2025-06-21 19:00:00,2025-06-21,1,0.0,0.0,1.2329506,5.358383,0
13,PN12,CH2,2025-06-21 19:00:00,2025-06-21,1,0.0,0.090025006946374,3.3754764,15.201569,1
12,PN12,CH1,2025-06-21 20:00:00,2025-06-21,1,0.0,0.0,0.53162104,6.077812,0
13,PN12,CH2,2025-06-21 20:00:00,2025-06-21,1,0.0,0.09141428174492915,0.60556316,3.3187866,0
12,PN12,CH1,2025-06-21 21:00:00,2025-06-21,1,0.0,0.0,1.7023343,6.1570106,0
13,PN12,CH2,2025-06-21 21:00:00,2025-06-21,1,0.0,0.15365379272020005,1.2607266,5.6648254,0
12,PN12,CH1,2025-06-21 22:00:00,2025-06-21,1,0.0,0.0002778549597110308,0.83928204,3.9819627,0
13,PN12,CH2,2025-06-21 22:00:00,2025-06-21,1,0.0,0.2045012503473187,1.0895613,4.196167,0
12,PN12,CH1,2025-06-21 23:00:00,2025-06-21,1,0.016666666666666666,0.0002778549597110308,0.18285815,1.2898073,0
13,PN12,CH2,2025-06-21 23:00:00,2025-06-21,1,0.016666666666666666,0.2378438455126424,0.7325283,3.414154,0
14,PN16,CH1,2025-06-04 00:00:01,2025-06-04,0,0.0002777777777777778,0.0008335648791330926,1.1405698,4.498808,0
15,PN16,CH2,2025-06-04 00:00:01,2025-06-04,0,0.0002777777777777778,0.4792998055015282,0.9990853,2.8514862,0
14,PN16,CH1,2025-06-04 01:00:00,2025-06-04,0,0.0,0.0005557099194220616,0.7376595,3.103428,0
15,PN16,CH2,2025-06-04 01:00:00,2025-06-04,0,0.0,0.44123367602111696,1.1855553,4.501343,0
14,PN16,CH1,2025-06-04 02:00:00,2025-06-04,0,0.0,0.0011114198388441233,1.0835735,4.0179873,0
15,PN16,CH2,2025-06-04 02:00:00,2025-06-04,0,0.0,0.4620727979994443,0.31841967,1.1062622,0
14,PN16,CH1,2025-06-04 03:00:00,2025-06-04,0,0.0,0.0008335648791330926,0.4007301,1.7417965,0
15,PN16,CH2,2025-06-04 03:00:00,2025-06-04,0,0.0,0.47818838566268407,0.37543547,1.3446808,0
14,PN16,CH1,2025-06-04 04:00:00,2025-06-04,0,0.0,0.0002778549597110308,1.621911,5.2458797,0
15,PN16,CH2,2025-06-04 04:00:00,2025-06-04,0,0.0,0.4215059738816338,0.5621708,2.3555756,0
14,PN16,CH1,2025-06-04 05:00:00,2025-06-04,0,0.0,0.0,0.7579815,3.5338106,0
15,PN16,CH2,2025-06-04 05:00:00,2025-06-04,0,0.0,0.24340094470686302,1.1157272,3.6907196,0
14,PN16,CH1,2025-06-04 06:00:00,2025-06-04,0,0.0,0.0005557099194220616,0.5608577,2.2239242,0
15,PN16,CH2,2025-06-04 06:00:00,2025-06-04,0,0.0,0.22895248680188943,3.502675,13.599396,0
14,PN16,CH1,2025-06-04 07:00:00,2025-06-04,0,0.0,0.0005557099194220616,4.9417577,13.276935,5
15,PN16,CH2,2025-06-04 07:00:00,2025-06-04,0,0.0,0.19560989163656572,1.4775594,5.6552887,0
14,PN16,CH1,2025-06-04 08:00:00,2025-06-04,0,0.0,0.0,2.6502635,50.584152,60
15,PN16,CH2,2025-06-04 08:00:00,2025-06-04,0,0.0,0.29702695193109196,3.787401,33.3786,49
14,PN16,CH1,2025-06-04 09:00:00,2025-06-04,0,0.0,0.0002778549597110308,0.9015573,3.8294125,0
15,PN16,CH2,2025-06-04 09:00:00,2025-06-04,0,0.0,0.31619894415115307,2.5610454,9.19342,0
14,PN16,CH1,2025-06-04 10:00:00,2025-06-04,0,0.0,0.0,1.376789,32.51921,92
15,PN16,CH2,2025-06-04 10:00:00,2025-06-04,0,0.0,0.16726868574604056,1.9298496,9.365082,50
14,PN16,CH1,2025-06-04 11:00:00,2025-06-04,0,0.0,0.0002778549597110308,0.58668613,3.4872074,2
15,PN16,CH2,2025-06-04 11:00:00,2025-06-04,0,0.0,0.10780772436787997,2.3597991,8.955002,1
14,PN16,CH1,2025-06-04 12:00:00,2025-06-04,0,0.0,0.0005557099194220616,1.0604373,4.7029552,0
15,PN16,CH2,2025-06-04 12:00:00,2025-06-04,0,0.0,0.11919977771603223,0.63638306,2.8038025,0
14,PN16,CH1,2025-06-04 13:00:00,2025-06-04,0,0.0,0.0002778549597110308,0.44569108,2.1982937,0
15,PN16,CH2,2025-06-04 13:00:00,2025-06-04,0,0.0,0.09947207557654904,2.0341253,7.3242188,0
14,PN16,CH1,2025-06-04 14:00:00,2025-06-04,0,0.0,0.0002778549597110308,0.8688492,4.8135967,2
15,PN16,CH2,2025-06-04 14:00:00,2025-06-04,0,0.0,0.08863573214781884,0.91840166,5.1879883,0
14,PN16,CH1,2025-06-04 15:00:00,2025-06-04,0,0.0,0.0,0.83691823,4.1345882,0
15,PN16,CH2,2025-06-04 15:00:00,2025-06-04,0,0.0,0.09363712142261739,0.91970724,4.2915344,0
14,PN16,CH1,2025-06-04 16:00:00,2025-06-04,0,0.0,0.0002778549597110308,1.5579416,6.043502,0
15,PN16,CH2,2025-06-04 16:00:00,2025-06-04,0,0.0,0.11308696860238955,0.39761677,2.6988983,0
14,PN16,CH1,2025-06-04 17:00:00,2025-06-04,0,0.0,0.0002778549597110308,1.5432887,6.774105,0
15,PN16,CH2,2025-06-04 17:00:00,2025-06-04,0,0.0,0.12920255626562935,1.6428477,5.6552887,0
14,PN16,CH1,2025-06-04 18:00:00,2025-06-04,0,0.0,0.0,1.418731,4.730112,1
15,PN16,CH2,2025-06-04 18:00:00,2025-06-04,0,0.0,0.19755487635454294,3.8080263,11.692047,0
14,PN16,CH1,2025-06-04 19:00:00,2025-06-04,0,0.0,0.0,0.45116875,1.845808,0
15,PN16,CH2,2025-06-04 19:00:00,2025-06-04,0,0.0,0.24729091414281745,8.024521,23.956299,0
14,PN16,CH1,2025-06-04 20:00:00,2025-06-04,0,0.0,0.0,1.3742448,4.6613064,0
15,PN16,CH2,2025-06-04 20:00:00,2025-06-04,0,0.0,0.28952486801889415,5.130858,15.84053,0
14,PN16,CH1,2025-06-04 21:00:00,2025-06-04,0,0.0,0.0,1.031772,3.6031017,0
15,PN16,CH2,2025-06-04 21:00:00,2025-06-04,0,0.0,0.2797999444290081,2.9516704,9.584427,0
14,PN16,CH1,2025-06-04 22:00:00,2025-06-04,0,0.0,0.0,0.63399625,3.208332,0
15,PN16,CH2,2025-06-04 22:00:00,2025-06-04,0,0.0,0.2806335093081411,2.1288822,7.4005127,0
14,PN16,CH1,2025-06-04 23:00:00,2025-06-04,0,0.0,0.0,0.7343397,2.7173767,0
15,PN16,CH2,2025-06-04 23:00:00,2025-06-04,0,0.0,0.32675743262017226,1.3952783,4.5776367,0
14,PN16,CH1,2025-06-05 00:00:00,2025-06-05,0,0.0,0.0,0.37736002,2.1884212,0
15,PN16,CH2,2025-06-05 00:00:00,2025-06-05,0,0.0,0.34787440955821064,1.1296139,3.7765503,0
14,PN16,CH1,2025-06-05 01:00:00,2025-06-05,0,0.0,0.0008335648791330926,0.09589886,0.4956112,0
15,PN16,CH2,2025-06-05 01:00:00,2025-06-05,0,0.0,0.4290080577938316,0.69819266,3.0708313,0
14,PN16,CH1,2025-06-05 02:00:00,2025-06-05,0,0.0,0.0002778549597110308,0.15535861,0.74692154,0
15,PN16,CH2,2025-06-05 02:00:00,2025-06-05,0,0.0,0.4512364545707141,0.86254203,3.2234192,0
14,PN16,CH1,2025-06-05 03:00:00,2025-06-05,0,0.0,0.0011114198388441233,1.3859684,4.9205875,0
15,PN16,CH2,2025-06-05 03:00:00,2025-06-05,0,0.0,0.48791330925257015,0.47069666,1.5640259,0
14,PN16,CH1,2025-06-05 04:00:00,2025-06-05,0,0.0,0.0002778549597110308,0.21232703,0.9745369,0
15,PN16,CH2,2025-06-05 04:00:00,2025-06-05,0,0.0,0.39260905807168656,0.70467323,2.6893616,0
14,PN16,CH1,2025-06-05 05:00:00,2025-06-05,0,0.0,0.0,0.5955188,2.498104,0
15,PN16,CH2,2025-06-05 05:00:00,2025-06-05,0,0.0,0.243123089747152,2.1513526,6.7329407,0
14,PN16,CH1,2025-06-05 06:00:00,2025-06-05,0,0.0,0.0005557099194220616,0.6406631,2.65304,0
15,PN16,CH2,2025-06-05 06:00:00,2025-06-05,0,0.0,0.23978883023061962,2.562369,7.5244904,0
14,PN16,CH1,2025-06-05 07:00:00,2025-06-05,0,0.0,0.0002778549597110308,0.4876078,1.9046288,0
15,PN16,CH2,2025-06-05 07:00:00,2025-06-05,0,0.0,0.1731036398999722,0.28521478,1.1444092,0
14,PN16,CH1,2025-06-05 08:00:00,2025-06-05,0,0.0,0.0,0.8076878,3.5842896,7
15,PN16,CH2,2025-06-05 08:00:00,2025-06-05,0,0.0,0.22950819672131148,1.6529064,6.0272217,3
14,PN16,CH1,2025-06-05 09:00:00,2025-06-05,0,0.0,0.0,1.291843,4.7139816,0
15,PN16,CH2,2025-06-05 09:00:00,2025-06-05,0,0.0,0.21478188385662683,2.1331017,6.313324,0
14,PN16,CH1,2025-06-05 10:00:00,2025-06-05,0,0.0,0.0005557099194220616,0.71001506,3.0381985,0
15,PN16,CH2,2025-06-05 10:00:00,2025-06-05,0,0.0,0.1008613503751042,0.87408113,3.1661987,0
14,PN16,CH1,2025-06-05 11:00:00,2025-06-05,0,0.0002777777777777778,0.0002778549597110308,0.5701815,2.240799,0
15,PN16,CH2,2025-06-05 11:00:00,2025-06-05,0,0.0002777777777777778,0.09335926646290636,0.6951729,2.784729,0
14,PN16,CH1,2025-06-05 12:00:00,2025-06-05,0,0.0,0.0,2.0061667,8.615032,0
15,PN16,CH2,2025-06-05 12:00:00,2025-06-05,0,0.0,0.0791886635176438,0.6720821,3.8528442,1
14,PN16,CH1,2025-06-05 13:00:00,2025-06-05,0,0.0,0.0,2.0088103,11.191107,5
15,PN16,CH2,2025-06-05 13:00:00,2025-06-05,0,0.0,0.08363434287302028,1.4569862,5.750656,2
14,PN16,CH1,2025-06-05 14:00:00,2025-06-05,0,0.0,0.0,6.520501,156.2471,191
15,PN16,CH2,2025-06-05 14:00:00,2025-06-05,0,0.0,0.0747429841622673,2.0799448,29.468536,49
14,PN16,CH1,2025-06-05 15:00:00,2025-06-05,0,0.0,0.0,3.7043915,22.83521,183
15,PN16,CH2,2025-06-05 15:00:00,2025-06-05,0,0.0,0.045012503473187,0.9247067,4.234314,0
14,PN16,CH1,2025-06-05 16:00:00,2025-06-05,0,0.0,0.0002778549597110308,2.8006816,11.960492,0
15,PN16,CH2,2025-06-05 16:00:00,2025-06-05,0,0.0,0.05279244234509586,2.2677197,8.907318,0
14,PN16,CH1,2025-06-05 17:00:00,2025-06-05,0,0.0,0.0,2.141182,9.020158,0
15,PN16,CH2,2025-06-05 17:00:00,2025-06-05,0,0.0,0.08168935815504307,1.7688814,7.7819824,0
14,PN16,CH1,2025-06-05 18:00:00,2025-06-05,0,0.0,0.0,2.3120694,9.747967,1
15,PN16,CH2,2025-06-05 18:00:00,2025-06-05,0,0.0,0.06474020561267019,0.8061676,2.9754639,0
14,PN16,CH1,2025-06-05 19:00:00,2025-06-05,0,0.0,0.0002778549597110308,2.5669277,8.089766,0
15,PN16,CH2,2025-06-05 19:00:00,2025-06-05,0,0.0,0.059183106418449566,0.6254459,2.603531,0
14,PN16,CH1,2025-06-05 20:00:00,2025-06-05,0,0.0,0.0,0.77430844,3.6785378,0
15,PN16,CH2,2025-06-05 20:00:00,2025-06-05,0,0.0,0.0675187552097805,1.1299918,3.7384033,0
14,PN16,CH1,2025-06-05 21:00:00,2025-06-05,0,0.0,0.0002778549597110308,0.50614935,2.2985039,0
15,PN16,CH2,2025-06-05 21:00:00,2025-06-05,0,0.0,0.07418727424284524,1.8890412,7.5149536,1
14,PN16,CH1,2025-06-05 22:00:00,2025-06-05,0,0.0,0.0,1.6952679,4.856288,0
15,PN16,CH2,2025-06-05 22:00:00,2025-06-05,0,0.0,0.09502639622117255,0.68720925,2.1743774,0
14,PN16,CH1,2025-06-05 23:00:00,2025-06-05,0,0.0,0.0002778549597110308,0.45392105,2.4507933,0
15,PN16,CH2,2025-06-05 23:00:00,2025-06-05,0,0.0,0.10502917477076966,0.23775335,0.8773804,0
14,PN16,CH1,2025-06-06 00:00:01,2025-06-06,0,0.0002777777777777778,0.0002778549597110308,0.65966696,2.6717043,0
15,PN16,CH2,2025-06-06 00:00:01,2025-06-06,0,0.0002777777777777778,0.0955821061405946,0.21473417,0.91552734,0
14,PN16,CH1,2025-06-06 01:00:00,2025-06-06,0,0.0,0.0002778549597110308,0.16509585,1.0118637,0
15,PN16,CH2,2025-06-06 01:00:00,2025-06-06,0,0.0,0.0955821061405946,0.3438829,1.5926361,0
14,PN16,CH1,2025-06-06 02:00:00,2025-06-06,0,0.0,0.0,0.6801183,2.3658943,0
15,PN16,CH2,2025-06-06 02:00:00,2025-06-06,0,0.0,0.09252570158377327,1.013257,3.156662,0
14,PN16,CH1,2025-06-06 03:00:00,2025-06-06,0,0.0,0.0,1.5737796,6.0492764,0
15,PN16,CH2,2025-06-06 03:00:00,2025-06-06,0,0.0,0.13086968602389554,0.4555091,1.9454956,0
14,PN16,CH1,2025-06-06 04:00:00,2025-06-06,0,0.0,0.0,2.1947467,6.568878,0
15,PN16,CH2,2025-06-06 04:00:00,2025-06-06,0,0.0,0.1378160600166713,0.50181776,1.8692017,0
14,PN16,CH1,2025-06-06 05:00:00,2025-06-06,0,0.0,0.0,1.4574931,5.1580734,0
15,PN16,CH2,2025-06-06 05:00:00,2025-06-06,0,0.0,0.0964156710197277,0.9255789,3.0708313,0
14,PN16,CH1,2025-06-06 06:00:00,2025-06-06,0,0.0,0.0005557099194220616,1.2588478,5.3442287,0
15,PN16,CH2,2025-06-06 06:00:00,2025-06-06,0,0.0,0.06446235065295916,0.29425332,1.1920929,0
14,PN16,CH1,2025-06-06 07:00:00,2025-06-06,0,0.0,0.0,1.7523261,6.544739,0
15,PN16,CH2,2025-06-06 07:00:00,2025-06-06,0,0.0,0.05890525145873854,0.82432055,2.670288,0
14,PN16,CH1,2025-06-06 08:00:00,2025-06-06,0,0.0,0.0002778549597110308,1.2503291,6.9943085,2
15,PN16,CH2,2025-06-06 08:00:00,2025-06-06,0,0.0,0.050569602667407614,2.0300465,8.535385,18
14,PN16,CH1,2025-06-06 09:00:00,2025-06-06,0,0.0,0.0,6.8977113,29.925667,28
15,PN16,CH2,2025-06-06 09:00:00,2025-06-06,0,0.0,0.06335093081411503,1.0338532,5.836487,0
14,PN16,CH1,2025-06-06 10:00:00,2025-06-06,0,0.0,0.0,15.050936,71.94902,1803
15,PN16,CH2,2025-06-06 10:00:00,2025-06-06,0,0.0,0.024729091414281746,3.9237835,17.94815,147
14,PN16,CH1,2025-06-06 11:00:00,2025-06-06,0,0.0,0.0002778549597110308,10.231006,80.42723,753
15,PN16,CH2,2025-06-06 11:00:00,2025-06-06,0,0.0,0.05557099194220617,3.9752057,32.548904,95
14,PN16,CH1,2025-06-06 12:00:01,2025-06-06,0,0.0002777777777777778,0.0,15.851532,66.94559,519
15,PN16,CH2,2025-06-06 12:00:01,2025-06-06,0,0.0002777777777777778,0.0333425951653237,1.9644318,15.716553,29
14,PN16,CH1,2025-06-06 13:00:00,2025-06-06,0,0.0,0.0,1.4175006,10.773987,4
15,PN16,CH2,2025-06-06 13:00:00,2025-06-06,0,0.0,0.04306751875520978,2.4071662,10.948181,94
14,PN16,CH1,2025-06-06 14:00:00,2025-06-06,0,0.0,0.0,2.2005749,7.9175415,0
15,PN16,CH2,2025-06-06 14:00:00,2025-06-06,0,0.0,0.0739094192831342,2.1716948,8.3732605,3
14,PN16,CH1,2025-06-06 15:00:00,2025-06-06,0,0.0,0.0,31.878227,166.69098,1589
15,PN16,CH2,2025-06-06 15:00:00,2025-06-06,0,0.0,0.04306751875520978,6.732221,36.16333,329
14,PN16,CH1,2025-06-06 16:00:00,2025-06-06,0,0.0,0.0,27.750483,91.768845,717
15,PN16,CH2,2025-06-06 16:00:00,2025-06-06,0,0.0,0.027785495971103084,6.921092,24.662018,67
14,PN16,CH1,2025-06-06 17:00:00,2025-06-06,0,0.0,0.0011114198388441233,3.7917743,27.753784,13
15,PN16,CH2,2025-06-06 17:00:00,2025-06-06,0,0.0,0.05362600722422895,3.008071,10.681152,13
14,PN16,CH1,2025-06-06 18:00:00,2025-06-06,0,0.0,0.0,4.5325775,27.625896,23
15,PN16,CH2,2025-06-06 18:00:00,2025-06-06,0,0.0,0.08530147263128647,1.3814076,8.068085,6
14,PN16,CH1,2025-06-06 19:00:00,2025-06-06,0,0.0,0.0,4.668818,22.815987,13
15,PN16,CH2,2025-06-06 19:00:00,2025-06-06,0,0.0,0.09419283134203946,2.9188075,8.926392,4
14,PN16,CH1,2025-06-06 20:00:00,2025-06-06,0,0.0,0.0,5.9936147,36.736015,37
15,PN16,CH2,2025-06-06 20:00:00,2025-06-06,0,0.0,0.10225062517365935,0.65557504,4.8446655,15
14,PN16,CH1,2025-06-06 21:00:00,2025-06-06,0,0.0,0.0002778549597110308,1.7946725,12.288239,3
15,PN16,CH2,2025-06-06 21:00:00,2025-06-06,0,0.0,0.06474020561267019,3.864459,19.054413,121
14,PN16,CH1,2025-06-06 22:00:00,2025-06-06,0,0.0,0.0002778549597110308,1.2720467,6.7250443,0
15,PN16,CH2,2025-06-06 22:00:00,2025-06-06,0,0.0,0.02278410669630453,3.2294958,23.68927,249
14,PN16,CH1,2025-06-06 23:00:00,2025-06-06,0,0.0,0.0005557099194220616,1.7185903,11.367462,0
15,PN16,CH2,2025-06-06 23:00:00,2025-06-06,0,0.0,0.024173381494859682,2.7275324,18.634796,274
14,PN16,CH1,2025-06-07 00:00:00,2025-06-07,3,0.0,0.0,4.0098243,29.635094,20
15,PN16,CH2,2025-06-07 00:00:00,2025-06-07,3,0.0,0.03973325923867741,2.1595936,13.446808,89
14,PN16,CH1,2025-06-07 01:00:00,2025-06-07,3,0.0,0.001944984717977216,3.1091053,22.48436,18
15,PN16,CH2,2025-06-07 01:00:00,2025-06-07,3,0.0,0.0369547096415671,2.6222095,16.469955,96
14,PN16,CH1,2025-06-07 02:00:00,2025-06-07,3,0.0,0.0008335648791330926,0.9345118,3.915802,3
15,PN16,CH2,2025-06-07 02:00:00,2025-06-07,3,0.0,0.0594609613781606,1.2808691,9.593964,46
14,PN16,CH1,2025-06-07 03:00:00,2025-06-07,3,0.0,0.0,2.8866785,14.486462,14
15,PN16,CH2,2025-06-07 03:00:00,2025-06-07,3,0.0,0.09836065573770492,2.6566799,12.979507,18
14,PN16,CH1,2025-06-07 04:00:00,2025-06-07,3,0.0,0.0008335648791330926,4.843453,17.073677,0
15,PN16,CH2,2025-06-07 04:00:00,2025-06-07,3,0.0,0.08168935815504307,3.500056,15.859604,33
14,PN16,CH1,2025-06-07 05:00:00,2025-06-07,3,0.0,0.0,4.6674123,19.698364,1
15,PN16,CH2,2025-06-07 05:00:00,2025-06-07,3,0.0,0.035565434843011945,2.6133084,14.572144,97
14,PN16,CH1,2025-06-07 06:00:00,2025-06-07,3,0.0,0.0,5.7231174,18.512383,0
15,PN16,CH2,2025-06-07 06:00:00,2025-06-07,3,0.0,0.041122534037232567,2.3071775,8.354187,27
14,PN16,CH1,2025-06-07 07:00:00,2025-06-07,3,0.0,0.0,1.3027753,4.520157,0
15,PN16,CH2,2025-06-07 07:00:00,2025-06-07,3,0.0,0.04612392331203112,2.25391,7.0858,2
14,PN16,CH1,2025-06-07 08:00:00,2025-06-07,3,0.0,0.0,4.215296,30.116219,6
15,PN16,CH2,2025-06-07 08:00:00,2025-06-07,3,0.0,0.041122534037232567,0.85953957,5.378723,4
14,PN16,CH1,2025-06-07 09:00:00,2025-06-07,3,0.0,0.0002778549597110308,2.7466981,16.643143,11
15,PN16,CH2,2025-06-07 09:00:00,2025-06-07,3,0.0,0.04556821339260906,1.1804553,7.6580048,23
14,PN16,CH1,2025-06-07 10:00:00,2025-06-07,3,0.0,0.0002778549597110308,60.486744,323.80267,1147
15,PN16,CH2,2025-06-07 10:00:00,2025-06-07,3,0.0,0.07585440400111142,5.7251406,58.603287,145
14,PN16,CH1,2025-06-07 11:00:00,2025-06-07,3,0.0002777777777777778,0.0002778549597110308,7.7691383,44.4711,561
15,PN16,CH2,2025-06-07 11:00:00,2025-06-07,3,0.0002777777777777778,0.05640455682133926,1.7083343,6.351471,35
14,PN16,CH1,2025-06-07 12:00:00,2025-06-07,3,0.0,0.0,23.231289,74.93801,434
15,PN16,CH2,2025-06-07 12:00:00,2025-06-07,3,0.0,0.058071686579605444,1.1839416,6.3610077,14
14,PN16,CH1,2025-06-07 13:00:00,2025-06-07,3,0.0,0.0002778549597110308,4.0813003,15.145882,4
15,PN16,CH2,2025-06-07 13:00:00,2025-06-07,3,0.0,0.06112809113642678,2.3197947,8.192062,13
14,PN16,CH1,2025-06-07 14:00:00,2025-06-07,3,0.0,0.0002778549597110308,0.8898315,3.7629166,0
15,PN16,CH2,2025-06-07 14:00:00,2025-06-07,3,0.0,0.09058071686579605,0.781044,4.758835,7
14,PN16,CH1,2025-06-07 15:00:00,2025-06-07,3,0.0,0.0002778549597110308,1.6826137,7.350334,4
15,PN16,CH2,2025-06-07 15:00:00,2025-06-07,3,0.0,0.13364823562100583,0.45890754,2.7179718,1
14,PN16,CH1,2025-06-07 16:00:00,2025-06-07,3,0.0,0.0008335648791330926,2.1993432,11.537224,9
15,PN16,CH2,2025-06-07 16:00:00,2025-06-07,3,0.0,0.10530702973048069,0.80441487,3.604889,1
14,PN16,CH1,2025-06-07 17:00:00,2025-06-07,3,0.0,0.0002778549597110308,3.6458452,12.587791,0
15,PN16,CH2,2025-06-07 17:00:00,2025-06-07,3,0.0,0.1386496248958044,1.2131816,5.531311,4
14,PN16,CH1,2025-06-07 18:00:00,2025-06-07,3,0.0,0.0002778549597110308,1.52724,5.9483643,1
15,PN16,CH2,2025-06-07 18:00:00,2025-06-07,3,0.0,0.11280911364267852,1.0532993,5.159378,10
14,PN16,CH1,2025-06-07 19:00:00,2025-06-07,3,0.0,0.0005557099194220616,1.4751766,5.6589355,0
15,PN16,CH2,2025-06-07 19:00:00,2025-06-07,3,0.0,0.11947763267574327,1.1888045,5.0735474,5
14,PN16,CH1,2025-06-07 20:00:00,2025-06-07,3,0.0,0.0,2.2599857,9.5569,0
15,PN16,CH2,2025-06-07 20:00:00,2025-06-07,3,0.0,0.11003056404556821,1.5962015,6.6375732,7
14,PN16,CH1,2025-06-07 21:00:00,2025-06-07,3,0.0,0.0,1.4957112,5.60775,0
15,PN16,CH2,2025-06-07 21:00:00,2025-06-07,3,0.0,0.11225340372325646,2.6507688,10.795593,3
14,PN16,CH1,2025-06-07 22:00:00,2025-06-07,3,0.0,0.0002778549597110308,1.3809322,9.141823,5
15,PN16,CH2,2025-06-07 22:00:00,2025-06-07,3,0.0,0.15198666296193386,1.5509162,6.465912,0
14,PN16,CH1,2025-06-07 23:00:00,2025-06-07,3,0.0,0.0005557099194220616,0.47375482,3.991127,0
15,PN16,CH2,2025-06-07 23:00:00,2025-06-07,3,0.0,0.15337593776048902,0.22063984,1.4591217,0
14,PN16,CH1,2025-06-08 00:00:01,2025-06-08,3,0.0002777777777777778,0.0,0.86854756,3.3479156,0
15,PN16,CH2,2025-06-08 00:00:01,2025-06-08,3,0.0002777777777777778,0.2586829674909697,0.2626005,1.0299683,0
14,PN16,CH1,2025-06-08 01:00:00,2025-06-08,3,0.0,0.0002778549597110308,0.15370275,0.82421875,0
15,PN16,CH2,2025-06-08 01:00:00,2025-06-08,3,0.0,0.2784106696304529,0.51384085,2.0599365,0
14,PN16,CH1,2025-06-08 02:00:00,2025-06-08,3,0.0,0.0008335648791330926,0.37808973,1.8865585,0
15,PN16,CH2,2025-06-08 02:00:00,2025-06-08,3,0.0,0.42761878299527645,0.9984733,3.5953522,0
14,PN16,CH1,2025-06-08 03:00:00,2025-06-08,3,0.0,0.0005557099194220616,0.87857187,3.7030869,0
15,PN16,CH2,2025-06-08 03:00:00,2025-06-08,3,0.0,0.43484301194776326,1.4960549,5.41687,0
14,PN16,CH1,2025-06-08 04:00:00,2025-06-08,3,0.0,0.0002778549597110308,2.203767,6.015747,0
15,PN16,CH2,2025-06-08 04:00:00,2025-06-08,3,0.0,0.25784940261183664,0.6583113,2.861023,0
14,PN16,CH1,2025-06-08 05:00:00,2025-06-08,3,0.0,0.0,0.6066823,2.770424,0
15,PN16,CH2,2025-06-08 05:00:00,2025-06-08,3,0.0,0.08946929702695193,1.1125214,4.4441223,0
14,PN16,CH1,2025-06-08 06:00:00,2025-06-08,3,0.0,0.0008335648791330926,0.38255066,1.7473068,0
15,PN16,CH2,2025-06-08 06:00:00,2025-06-08,3,0.0,0.06918588496804667,0.6650382,2.8038025,0
14,PN16,CH1,2025-06-08 07:00:00,2025-06-08,3,0.0,0.0,0.66600424,3.7262192,2
15,PN16,CH2,2025-06-08 07:00:00,2025-06-08,3,0.0,0.05529313698249514,1.8123708,5.7029724,3
14,PN16,CH1,2025-06-08 08:00:00,2025-06-08,3,0.0,0.0,1.2144867,4.887581,0
15,PN16,CH2,2025-06-08 08:00:00,2025-06-08,3,0.0,0.044178938594053904,1.0214199,6.790161,13
14,PN16,CH1,2025-06-08 09:00:00,2025-06-08,3,0.0,0.0,0.49685726,2.8195572,0
15,PN16,CH2,2025-06-08 09:00:00,2025-06-08,3,0.0,0.06362878577382607,1.1230918,6.1798096,0
14,PN16,CH1,2025-06-08 10:00:00,2025-06-08,3,0.0,0.0,36.178036,327.9478,545
15,PN16,CH2,2025-06-08 10:00:00,2025-06-08,3,0.0,0.045012503473187,4.7263103,98.67668,169
14,PN16,CH1,2025-06-08 11:00:00,2025-06-08,3,0.0,0.0,6.5285926,31.182169,1315
15,PN16,CH2,2025-06-08 11:00:00,2025-06-08,3,0.0,0.05001389274798555,1.7854649,8.163452,22
14,PN16,CH1,2025-06-08 12:00:01,2025-06-08,3,0.0002777777777777778,0.0,12.454934,50.13637,1698
15,PN16,CH2,2025-06-08 12:00:01,2025-06-08,3,0.0002777777777777778,0.038343984440122256,3.0228746,13.437271,72
14,PN16,CH1,2025-06-08 13:00:00,2025-06-08,3,0.0,0.0002778549597110308,5.6472673,35.09566,101
15,PN16,CH2,2025-06-08 13:00:00,2025-06-08,3,0.0,0.02917477076965824,1.7332438,8.497238,4
14,PN16,CH1,2025-06-08 14:00:00,2025-06-08,3,0.0,0.0,4.2872505,27.812943,9
15,PN16,CH2,2025-06-08 14:00:00,2025-06-08,3,0.0,0.03528757988330092,1.2828158,8.153915,0
14,PN16,CH1,2025-06-08 15:00:00,2025-06-08,3,0.0,0.0002778549597110308,4.604184,24.629162,12
15,PN16,CH2,2025-06-08 15:00:00,2025-06-08,3,0.0,0.03278688524590164,1.4675933,8.220673,1
14,PN16,CH1,2025-06-08 16:00:00,2025-06-08,3,0.0,0.0002778549597110308,1.1876574,6.6640625,0
15,PN16,CH2,2025-06-08 16:00:00,2025-06-08,3,0.0,0.04362322867463184,1.1521413,4.6920776,0
14,PN16,CH1,2025-06-08 17:00:00,2025-06-08,3,0.0,0.0005557099194220616,2.1888287,8.815079,0
15,PN16,CH2,2025-06-08 17:00:00,2025-06-08,3,0.0,0.051681022506251735,0.8687186,4.1007996,0
14,PN16,CH1,2025-06-08 18:00:00,2025-06-08,3,0.0,0.0,1.4761729,6.870777,0
15,PN16,CH2,2025-06-08 18:00:00,2025-06-08,3,0.0,0.05195887746596277,0.9397406,4.043579,0
14,PN16,CH1,2025-06-08 19:00:00,2025-06-08,3,0.0,0.0002778549597110308,5.8995748,22.895561,0
15,PN16,CH2,2025-06-08 19:00:00,2025-06-08,3,0.0,0.0730758544040011,0.41432035,1.8119812,0
14,PN16,CH1,2025-06-08 20:00:00,2025-06-08,3,0.0,0.0002778549597110308,2.016238,10.944941,0
15,PN16,CH2,2025-06-08 20:00:00,2025-06-08,3,0.0,0.06168380105584885,0.43523762,1.66893,0
14,PN16,CH1,2025-06-08 21:00:00,2025-06-08,3,0.0,0.0002778549597110308,2.4998002,8.154921,0
15,PN16,CH2,2025-06-08 21:00:00,2025-06-08,3,0.0,0.059738816337871634,1.2532344,3.8528442,0
14,PN16,CH1,2025-06-08 22:00:00,2025-06-08,3,0.0,0.0002778549597110308,1.0145268,3.5997467,0
15,PN16,CH2,2025-06-08 22:00:00,2025-06-08,3,0.0,0.05279244234509586,0.2952397,1.5926361,0
14,PN16,CH1,2025-06-08 23:00:00,2025-06-08,3,0.0,0.0,1.2029394,4.1021385,0
15,PN16,CH2,2025-06-08 23:00:00,2025-06-08,3,0.0,0.06918588496804667,0.33133063,1.5163422,0
14,PN16,CH1,2025-06-09 00:00:00,2025-06-09,3,0.0,0.0008335648791330926,1.8280976,6.045845,0
15,PN16,CH2,2025-06-09 00:00:00,2025-06-09,3,0.0,0.05307029730480689,0.23866306,1.335144,0
14,PN16,CH1,2025-06-09 01:00:00,2025-06-09,3,0.0,0.0005557099194220616,0.48605627,2.2181854,0
15,PN16,CH2,2025-06-09 01:00:00,2025-06-09,3,0.0,0.044734648513475965,0.6851263,2.8705597,0
14,PN16,CH1,2025-06-09 02:00:00,2025-06-09,3,0.0,0.0002778549597110308,0.26757404,1.2978516,0
15,PN16,CH2,2025-06-09 02:00:00,2025-06-09,3,0.0,0.04001111419838844,0.2602913,1.8882751,0
14,PN16,CH1,2025-06-09 03:00:00,2025-06-09,3,0.0,0.0002778549597110308,0.32532254,2.0382538,0
15,PN16,CH2,2025-06-09 03:00:00,2025-06-09,3,0.0,0.05529313698249514,0.39518675,1.8692017,0
14,PN16,CH1,2025-06-09 04:00:00,2025-06-09,3,0.0,0.0002778549597110308,1.0998563,4.2938423,0
15,PN16,CH2,2025-06-09 04:00:00,2025-06-09,3,0.0,0.08335648791330925,0.82721937,3.4427643,0
14,PN16,CH1,2025-06-09 05:00:00,2025-06-09,3,0.0,0.0005557099194220616,0.742131,3.3815575,0
15,PN16,CH2,2025-06-09 05:00:00,2025-06-09,3,0.0,0.038343984440122256,1.5170726,5.82695,0
14,PN16,CH1,2025-06-09 06:00:00,2025-06-09,3,0.0,0.0,37.482048,82.8705,0
15,PN16,CH2,2025-06-09 06:00:00,2025-06-09,3,0.0,0.04223395387607669,1.4697059,5.7792664,0
14,PN16,CH1,2025-06-09 07:00:00,2025-06-09,3,0.0,0.0,10.691834,33.404305,0
15,PN16,CH2,2025-06-09 07:00:00,2025-06-09,3,0.0,0.031397610447346486,1.6275417,6.046295,0
14,PN16,CH1,2025-06-09 08:00:00,2025-06-09,3,0.0,0.0002778549597110308,14.168991,186.43178,74
15,PN16,CH2,2025-06-09 08:00:00,2025-06-09,3,0.0,0.02333981661572659,2.8877597,41.79001,57
14,PN16,CH1,2025-06-09 09:00:00,2025-06-09,3,0.0,0.0,3.6376503,12.77566,0
15,PN16,CH2,2025-06-09 09:00:00,2025-06-09,3,0.0,0.034176160044456796,0.9728666,5.2165985,0
14,PN16,CH1,2025-06-09 10:00:00,2025-06-09,3,0.0,0.0002778549597110308,7.900277,32.06186,136
15,PN16,CH2,2025-06-09 10:00:00,2025-06-09,3,0.0,0.035009724923589884,2.295198,9.260178,2
14,PN16,CH1,2025-06-09 11:00:00,2025-06-09,3,0.0,0.0,6.8556266,34.82867,1575
15,PN16,CH2,2025-06-09 11:00:00,2025-06-09,3,0.0,0.06446235065295916,1.9608072,9.918213,22
14,PN16,CH1,2025-06-09 12:00:00,2025-06-09,3,0.0,0.0002778549597110308,5.4250407,29.816814,2066
15,PN16,CH2,2025-06-09 12:00:00,2025-06-09,3,0.0,0.04584606835232009,1.9040755,9.851456,55
14,PN16,CH1,2025-06-09 13:00:00,2025-06-09,3,0.0,0.0002778549597110308,16.669706,53.115414,454
15,PN16,CH2,2025-06-09 13:00:00,2025-06-09,3,0.0,0.054459572103362046,3.778438,12.06398,34
14,PN16,CH1,2025-06-09 14:00:00,2025-06-09,3,0.0,0.0005557099194220616,1.91613,9.235704,8
15,PN16,CH2,2025-06-09 14:00:00,2025-06-09,3,0.0,0.06057238121700472,0.5412904,2.5844574,0
14,PN16,CH1,2025-06-09 15:00:00,2025-06-09,3,0.0,0.0,1.4505309,5.3330116,0
15,PN16,CH2,2025-06-09 15:00:00,2025-06-09,3,0.0,0.08224506807446513,0.8107728,3.452301,0
14,PN16,CH1,2025-06-09 16:00:00,2025-06-09,3,0.0,0.0,0.58194286,4.2692566,0
15,PN16,CH2,2025-06-09 16:00:00,2025-06-09,3,0.0,0.10225062517365935,0.93794227,4.0626526,0
14,PN16,CH1,2025-06-09 17:00:00,2025-06-09,3,0.0,0.0,1.218132,5.0462036,0
15,PN16,CH2,2025-06-09 17:00:00,2025-06-09,3,0.0,0.07946651847735482,0.6952859,2.5844574,0
14,PN16,CH1,2025-06-09 18:00:00,2025-06-09,3,0.0,0.0,0.85685825,3.3936272,0
15,PN16,CH2,2025-06-09 18:00:00,2025-06-09,3,0.0,0.10780772436787997,0.8960664,4.2915344,0
14,PN16,CH1,2025-06-09 19:00:00,2025-06-09,3,0.0,0.0002778549597110308,1.0337188,6.2837067,0
15,PN16,CH2,2025-06-09 19:00:00,2025-06-09,3,0.0,0.12670186162823005,0.64556473,2.9754639,0
14,PN16,CH1,2025-06-09 20:00:00,2025-06-09,3,0.0,0.0,0.56128454,2.3142242,0
15,PN16,CH2,2025-06-09 20:00:00,2025-06-09,3,0.0,0.1342039455404279,0.6170961,2.193451,0
14,PN16,CH1,2025-06-09 21:00:00,2025-06-09,3,0.0,0.0008335648791330926,0.46263593,2.2041054,0
15,PN16,CH2,2025-06-09 21:00:00,2025-06-09,3,0.0,0.11781050291747708,0.91344887,3.2615662,0
14,PN16,CH1,2025-06-09 22:00:00,2025-06-09,3,0.0,0.0002778549597110308,0.51367754,2.112835,0
15,PN16,CH2,2025-06-09 22:00:00,2025-06-09,3,0.0,0.1197554876354543,0.67644185,2.708435,0
14,PN16,CH1,2025-06-09 23:00:00,2025-06-09,3,0.0002777777777777778,0.0005557099194220616,0.6933415,2.6807938,0
15,PN16,CH2,2025-06-09 23:00:00,2025-06-09,3,0.0002777777777777778,0.11114198388441233,0.5109304,1.8119812,0
14,PN16,CH1,2025-06-10 00:00:00,2025-06-10,3,0.0,0.0002778549597110308,0.8105367,3.1032047,0
15,PN16,CH2,2025-06-10 00:00:00,2025-06-10,3,0.0,0.1072520144484579,0.11890892,0.67710876,0
14,PN16,CH1,2025-06-10 01:00:00,2025-06-10,3,0.0,0.0002778549597110308,21.020716,204.92871,254
15,PN16,CH2,2025-06-10 01:00:00,2025-06-10,3,0.0,0.02917477076965824,7.4875135,91.87698,142
14,PN16,CH1,2025-06-10 02:00:00,2025-06-10,3,0.0,0.0005557099194220616,6.2118893,25.445297,0
15,PN16,CH2,2025-06-10 02:00:00,2025-06-10,3,0.0,0.03306474020561267,2.2387743,8.811951,0
14,PN16,CH1,2025-06-10 03:00:00,2025-06-10,3,0.0,0.0002778549597110308,0.7560322,4.3109035,3
15,PN16,CH2,2025-06-10 03:00:00,2025-06-10,3,0.0,0.03584328980272298,1.4762025,4.787445,0
14,PN16,CH1,2025-06-10 04:00:00,2025-06-10,3,0.0,0.0002778549597110308,0.6319752,3.7748013,0
15,PN16,CH2,2025-06-10 04:00:00,2025-06-10,3,0.0,0.07529869408168936,0.27193013,1.2302399,0
14,PN16,CH1,2025-06-10 05:00:00,2025-06-10,3,0.0,0.0,0.2505189,1.6870346,0
15,PN16,CH2,2025-06-10 05:00:00,2025-06-10,3,0.0,0.05307029730480689,0.7907111,3.1089783,0
14,PN16,CH1,2025-06-10 06:00:00,2025-06-10,3,0.0,0.0002778549597110308,0.48330408,2.1407757,0
15,PN16,CH2,2025-06-10 06:00:00,2025-06-10,3,0.0,0.04445679355376494,1.2496293,4.5394897,0
14,PN16,CH1,2025-06-10 07:00:00,2025-06-10,3,0.0,0.0,0.3230035,1.90135,0
15,PN16,CH2,2025-06-10 07:00:00,2025-06-10,3,0.0,0.052236732425673796,1.4118384,4.796982,0
14,PN16,CH1,2025-06-10 08:00:00,2025-06-10,3,0.0,0.0005557099194220616,0.65822506,3.471115,0
15,PN16,CH2,2025-06-10 08:00:00,2025-06-10,3,0.0,0.04806890803000834,0.9091777,5.0354004,0
14,PN16,CH1,2025-06-10 09:00:00,2025-06-10,3,0.0,0.0,0.6701469,3.0279522,0
15,PN16,CH2,2025-06-10 09:00:00,2025-06-10,3,0.0,0.05418171714365101,0.5964312,4.196167,0
14,PN16,CH1,2025-06-10 10:00:00,2025-06-10,3,0.0,0.0,0.7369851,3.0477715,0
15,PN16,CH2,2025-06-10 10:00:00,2025-06-10,3,0.0,0.053348152264517924,1.1047876,5.8937073,0
14,PN16,CH1,2025-06-10 11:00:00,2025-06-10,3,0.0,0.0,2.0170226,117.03357,3
15,PN16,CH2,2025-06-10 11:00:00,2025-06-10,3,0.0,0.06946373992775771,1.1371645,21.915436,4
14,PN16,CH1,2025-06-10 12:00:00,2025-06-10,3,0.0,0.0002778549597110308,5.272941,141.00716,108
15,PN16,CH2,2025-06-10 12:00:00,2025-06-10,3,0.0,0.07252014448457905,2.334239,31.747818,128
14,PN16,CH1,2025-06-10 13:00:00,2025-06-10,3,0.0,0.0,7.1785336,93.04799,6
15,PN16,CH2,2025-06-10 13:00:00,2025-06-10,3,0.0,0.060294526257293694,1.2979476,18.253326,66
14,PN16,CH1,2025-06-10 14:00:00,2025-06-10,3,0.0,0.0,0.96661526,4.828125,0
15,PN16,CH2,2025-06-10 14:00:00,2025-06-10,3,0.0,0.06918588496804667,1.7508348,7.276535,70
14,PN16,CH1,2025-06-10 15:00:00,2025-06-10,3,0.0,0.0002778549597110308,0.87942415,5.089119,0
15,PN16,CH2,2025-06-10 15:00:00,2025-06-10,3,0.0,0.09752709085857182,0.8203928,5.41687,62
14,PN16,CH1,2025-06-10 16:00:00,2025-06-10,3,0.0,0.0,0.8188018,3.1830006,0
15,PN16,CH2,2025-06-10 16:00:00,2025-06-10,3,0.0,0.14059460961378162,0.8973963,3.7956238,0
14,PN16,CH1,2025-06-10 17:00:00,2025-06-10,3,0.0,0.0,1.0475147,4.659073,3
15,PN16,CH2,2025-06-10 17:00:00,2025-06-10,3,0.0,0.09252570158377327,0.6344802,4.463196,19
14,PN16,CH1,2025-06-10 18:00:00,2025-06-10,3,0.0,0.0005557099194220616,1.4824506,6.114916,0
15,PN16,CH2,2025-06-10 18:00:00,2025-06-10,3,0.0,0.06696304529035843,0.6272284,3.4332275,4
14,PN16,CH1,2025-06-10 19:00:00,2025-06-10,3,0.0,0.0005557099194220616,1.2011129,10.47913,6
15,PN16,CH2,2025-06-10 19:00:00,2025-06-10,3,0.0,0.12281189219227563,0.72509843,3.2138824,0
14,PN16,CH1,2025-06-10 20:00:00,2025-06-10,3,0.0,0.0,1.4340935,14.181696,8
15,PN16,CH2,2025-06-10 20:00:00,2025-06-10,3,0.0,0.17532647957766045,0.23201351,1.1539459,0
14,PN16,CH1,2025-06-10 21:00:00,2025-06-10,3,0.0,0.0008335648791330926,1.9241873,5.9556217,3
15,PN16,CH2,2025-06-10 21:00:00,2025-06-10,3,0.0,0.2017227007502084,0.2979914,1.7929077,2
14,PN16,CH1,2025-06-10 22:00:00,2025-06-10,3,0.0,0.0,1.7452828,15.031771,16
15,PN16,CH2,2025-06-10 22:00:00,2025-06-10,3,0.0,0.19838844123367602,1.0793636,4.2152405,11
14,PN16,CH1,2025-06-10 23:00:00,2025-06-10,3,0.0,0.0008335648791330926,1.4059715,4.565008,0
15,PN16,CH2,2025-06-10 23:00:00,2025-06-10,3,0.0,0.2000555709919422,0.3517719,1.9645691,1
14,PN16,CH1,2025-06-11 00:00:01,2025-06-11,3,0.0002777777777777778,0.0,0.43103603,2.0522633,0
15,PN16,CH2,2025-06-11 00:00:01,2025-06-11,3,0.0002777777777777778,0.1550430675187552,0.29048026,1.9836426,0
14,PN16,CH1,2025-06-11 01:00:00,2025-06-11,3,0.0,0.0,1.4038502,7.859392,3
15,PN16,CH2,2025-06-11 01:00:00,2025-06-11,3,0.0,0.10391775493192554,0.1946237,1.6880035,0
14,PN16,CH1,2025-06-11 02:00:00,2025-06-11,3,0.0,0.0008335648791330926,0.8667233,3.3752995,0
15,PN16,CH2,2025-06-11 02:00:00,2025-06-11,3,0.0,0.0775215337593776,1.1563799,10.738373,16
14,PN16,CH1,2025-06-11 03:00:00,2025-06-11,3,0.0,0.0002778549597110308,0.4465704,1.9975376,0
15,PN16,CH2,2025-06-11 03:00:00,2025-06-11,3,0.0,0.052236732425673796,0.72302115,2.632141,0
14,PN16,CH1,2025-06-11 04:00:00,2025-06-11,3,0.0,0.0008335648791330926,1.4635501,12.186319,12
15,PN16,CH2,2025-06-11 04:00:00,2025-06-11,3,0.0,0.06724090025006946,0.252362,1.6975403,0
14,PN16,CH1,2025-06-11 05:00:00,2025-06-11,3,0.0,0.0008335648791330926,0.3694533,3.1760712,0
15,PN16,CH2,2025-06-11 05:00:00,2025-06-11,3,0.0,0.09113642678521812,0.5119257,2.3555756,0
14,PN16,CH1,2025-06-11 06:00:00,2025-06-11,3,0.0,0.0002778549597110308,1.3677902,7.923023,4
15,PN16,CH2,2025-06-11 06:00:00,2025-06-11,3,0.0,0.05251458738538483,0.71659696,3.4618378,1
14,PN16,CH1,2025-06-11 07:00:00,2025-06-11,3,0.0,0.0005557099194220616,1.2457615,5.184786,0
15,PN16,CH2,2025-06-11 07:00:00,2025-06-11,3,0.0,0.07085301472631286,1.1801801,5.3977966,2
14,PN16,CH1,2025-06-11 08:00:00,2025-06-11,3,0.0,0.0002778549597110308,1.3778865,6.8868694,0
15,PN16,CH2,2025-06-11 08:00:00,2025-06-11,3,0.0,0.10669630452903585,1.3068316,4.9591064,1
14,PN16,CH1,2025-06-11 09:00:00,2025-06-11,3,0.0,0.0002778549597110308,0.8542058,8.838474,12
15,PN16,CH2,2025-06-11 09:00:00,2025-06-11,3,0.0,0.09252570158377327,0.8799271,5.2928925,4
14,PN16,CH1,2025-06-11 10:00:00,2025-06-11,3,0.0,0.0002778549597110308,0.9112436,12.740157,19
15,PN16,CH2,2025-06-11 10:00:00,2025-06-11,3,0.0,0.05890525145873854,0.92648697,6.3610077,16
14,PN16,CH1,2025-06-11 11:00:00,2025-06-11,3,0.0,0.0008335648791330926,1.5928304,17.345398,56
15,PN16,CH2,2025-06-11 11:00:00,2025-06-11,3,0.0,0.06057238121700472,1.5107296,18.749237,234
14,PN16,CH1,2025-06-11 12:00:00,2025-06-11,3,0.0,0.0,2.0826719,80.09642,24
15,PN16,CH2,2025-06-11 12:00:00,2025-06-11,3,0.0,0.005001389274798555,3.254725,26.09253,2281
14,PN16,CH1,2025-06-11 13:00:00,2025-06-11,3,0.0,0.0002778549597110308,3.7287714,26.10255,7
15,PN16,CH2,2025-06-11 13:00:00,2025-06-11,3,0.0,0.005834954153931648,2.9674964,17.499924,2410
14,PN16,CH1,2025-06-11 14:00:00,2025-06-11,3,0.0,0.0005557099194220616,3.4257512,29.445549,43
15,PN16,CH2,2025-06-11 14:00:00,2025-06-11,3,0.0,0.025840511253125868,13.214782,95.48187,951
14,PN16,CH1,2025-06-11 15:00:00,2025-06-11,3,0.0,0.0002778549597110308,2.8151255,12.270361,9
15,PN16,CH2,2025-06-11 15:00:00,2025-06-11,3,0.0,0.047513198110586276,3.4417493,11.959076,0
14,PN16,CH1,2025-06-11 16:00:00,2025-06-11,3,0.0,0.0002778549597110308,1.7424943,6.6848845,0
15,PN16,CH2,2025-06-11 16:00:00,2025-06-11,3,0.0,0.045012503473187,3.4533677,18.844604,17
14,PN16,CH1,2025-06-11 17:00:00,2025-06-11,3,0.0,0.0,5.5898275,18.416569,0
15,PN16,CH2,2025-06-11 17:00:00,2025-06-11,3,0.0,0.04362322867463184,2.0802677,6.8473816,0
14,PN16,CH1,2025-06-11 18:00:00,2025-06-11,3,0.0,0.0,7.870028,30.887688,2
15,PN16,CH2,2025-06-11 18:00:00,2025-06-11,3,0.0,0.044734648513475965,3.8697648,19.760132,37
14,PN16,CH1,2025-06-11 19:00:00,2025-06-11,3,0.0,0.0,0.8717438,5.029217,0
15,PN16,CH2,2025-06-11 19:00:00,2025-06-11,3,0.0,0.06112809113642678,1.2900244,4.558563,0
14,PN16,CH1,2025-06-11 20:00:00,2025-06-11,3,0.0,0.0002778549597110308,0.47697103,2.2329369,1
15,PN16,CH2,2025-06-11 20:00:00,2025-06-11,3,0.0,0.06585162545151431,2.8935993,19.626617,9
14,PN16,CH1,2025-06-11 21:00:00,2025-06-11,3,0.0,0.0002778549597110308,1.0227511,4.3067703,0
15,PN16,CH2,2025-06-11 21:00:00,2025-06-11,3,0.0,0.06585162545151431,1.4456774,6.2274933,0
14,PN16,CH1,2025-06-11 22:00:00,2025-06-11,3,0.0,0.0,2.0155764,6.130188,0
15,PN16,CH2,2025-06-11 22:00:00,2025-06-11,3,0.0,0.0486246179494304,1.6215221,7.162094,0
14,PN16,CH1,2025-06-11 23:00:00,2025-06-11,3,0.0,0.0008335648791330926,0.81740147,2.8958168,0
15,PN16,CH2,2025-06-11 23:00:00,2025-06-11,3,0.0,0.07613225896082246,0.3736776,1.6498566,0
14,PN16,CH1,2025-06-12 00:00:00,2025-06-12,3,0.0,0.0002778549597110308,0.7890507,5.467163,0
15,PN16,CH2,2025-06-12 00:00:00,2025-06-12,3,0.0,0.11336482356210058,0.25948027,2.3841858,0
14,PN16,CH1,2025-06-12 01:00:00,2025-06-12,3,0.0,0.0008335648791330926,1.9218447,5.890316,0
15,PN16,CH2,2025-06-12 01:00:00,2025-06-12,3,0.0,0.10363989997221451,0.9539498,5.197525,0
14,PN16,CH1,2025-06-12 02:00:00,2025-06-12,3,0.0,0.0002778549597110308,2.1077147,10.410694,0
15,PN16,CH2,2025-06-12 02:00:00,2025-06-12,3,0.0,0.08085579327590997,0.18985336,2.3078918,0
14,PN16,CH1,2025-06-12 03:00:00,2025-06-12,3,0.0,0.0011114198388441233,1.9070587,7.217228,2
15,PN16,CH2,2025-06-12 03:00:00,2025-06-12,3,0.0,0.06612948041122534,0.29500183,1.2397766,0
14,PN16,CH1,2025-06-12 04:00:00,2025-06-12,3,0.0,0.0002778549597110308,0.9073713,3.4548721,0
15,PN16,CH2,2025-06-12 04:00:00,2025-06-12,3,0.0,0.09502639622117255,1.6592183,14.152527,12
14,PN16,CH1,2025-06-12 05:00:00,2025-06-12,3,0.0,0.0002778549597110308,0.5437305,3.2463665,0
15,PN16,CH2,2025-06-12 05:00:00,2025-06-12,3,0.0,0.10641844956932481,0.24801195,1.6117096,0
14,PN16,CH1,2025-06-12 06:00:00,2025-06-12,3,0.0,0.0005557099194220616,0.6955733,5.113035,0
15,PN16,CH2,2025-06-12 06:00:00,2025-06-12,3,0.0,0.08863573214781884,0.58866197,2.8705597,0
14,PN16,CH1,2025-06-12 07:00:00,2025-06-12,3,0.0,0.0005557099194220616,0.59013706,2.7693424,0
15,PN16,CH2,2025-06-12 07:00:00,2025-06-12,3,0.0,0.07974437343706585,1.7995591,7.49588,0
14,PN16,CH1,2025-06-12 08:00:00,2025-06-12,3,0.0,0.0002778549597110308,2.1623335,9.158588,0
15,PN16,CH2,2025-06-12 08:00:00,2025-06-12,3,0.0,0.045290358432898026,1.3551024,5.378723,0
14,PN16,CH1,2025-06-12 09:00:00,2025-06-12,3,0.0,0.0002778549597110308,1.6845421,6.3580284,0
15,PN16,CH2,2025-06-12 09:00:00,2025-06-12,3,0.0,0.041122534037232567,1.1852973,5.1879883,1
14,PN16,CH1,2025-06-12 10:00:00,2025-06-12,3,0.0,0.0002778549597110308,0.63182855,3.1048431,0
15,PN16,CH2,2025-06-12 10:00:00,2025-06-12,3,0.0,0.04028896915809947,0.5414119,2.6893616,1
14,PN16,CH1,2025-06-12 11:00:00,2025-06-12,3,0.0002777777777777778,0.0,0.85053855,3.7334137,0
15,PN16,CH2,2025-06-12 11:00:00,2025-06-12,3,0.0002777777777777778,0.03945540427896638,1.1130515,4.415512,2
14,PN16,CH1,2025-06-12 12:00:00,2025-06-12,3,0.0,0.0002778549597110308,1.4678975,6.108879,0
15,PN16,CH2,2025-06-12 12:00:00,2025-06-12,3,0.0,0.03806612948041123,2.1147952,7.3242188,0
14,PN16,CH1,2025-06-12 13:00:00,2025-06-12,3,0.0,0.0002778549597110308,5.7269998,82.08886,25
15,PN16,CH2,2025-06-12 13:00:00,2025-06-12,3,0.0,0.03306474020561267,2.9446218,35.820007,20
14,PN16,CH1,2025-06-12 14:00:00,2025-06-12,3,0.0,0.0,2.433285,12.227856,5
15,PN16,CH2,2025-06-12 14:00:00,2025-06-12,3,0.0,0.019449847179772158,0.58341914,4.15802,3
14,PN16,CH1,2025-06-12 15:00:00,2025-06-12,3,0.0,0.0,3.7627208,12.657902,0
15,PN16,CH2,2025-06-12 15:00:00,2025-06-12,3,0.0,0.020839121978327314,1.9229757,16.555786,12
14,PN16,CH1,2025-06-12 16:00:00,2025-06-12,3,0.0,0.0002778549597110308,2.0149667,7.131695,0
15,PN16,CH2,2025-06-12 16:00:00,2025-06-12,3,0.0,0.02361767157543762,1.1169081,4.4345856,0
14,PN16,CH1,2025-06-12 17:00:00,2025-06-12,3,0.0,0.0005557099194220616,5.2114744,17.091927,2
15,PN16,CH2,2025-06-12 17:00:00,2025-06-12,3,0.0,0.018616282300639067,4.739765,24.003983,0
14,PN16,CH1,2025-06-12 18:00:00,2025-06-12,3,0.0,0.0013892747985551543,6.4973216,26.049873,0
15,PN16,CH2,2025-06-12 18:00:00,2025-06-12,3,0.0,0.03389830508474576,5.1857533,18.568039,1
14,PN16,CH1,2025-06-12 19:00:00,2025-06-12,3,0.0,0.0011114198388441233,5.20224,15.898499,0
15,PN16,CH2,2025-06-12 19:00:00,2025-06-12,3,0.0,0.03278688524590164,3.6906,11.24382,0
14,PN16,CH1,2025-06-12 20:00:00,2025-06-12,3,0.0,0.0002778549597110308,2.9837973,9.633266,0
15,PN16,CH2,2025-06-12 20:00:00,2025-06-12,3,0.0,0.0333425951653237,1.6431901,6.122589,0
14,PN16,CH1,2025-06-12 21:00:00,2025-06-12,3,0.0,0.0005557099194220616,2.0733075,6.6573563,1
15,PN16,CH2,2025-06-12 21:00:00,2025-06-12,3,0.0,0.04001111419838844,0.4716099,2.1648407,0
14,PN16,CH1,2025-06-12 22:00:00,2025-06-12,3,0.0,0.0002778549597110308,0.41944894,2.3324394,0
15,PN16,CH2,2025-06-12 22:00:00,2025-06-12,3,0.0,0.03751041956098916,1.0773729,3.5476685,0
14,PN16,CH1,2025-06-12 23:00:00,2025-06-12,3,0.0,0.0002778549597110308,0.99835485,3.5814552,1
15,PN16,CH2,2025-06-12 23:00:00,2025-06-12,3,0.0,0.0477910530702973,0.6992642,2.5558472,0
14,PN16,CH1,2025-06-13 00:00:01,2025-06-13,3,0.0002777777777777778,0.0005557099194220616,0.41609207,2.4145088,0
15,PN16,CH2,2025-06-13 00:00:01,2025-06-13,3,0.0002777777777777778,0.040566824117810506,0.7959943,2.937317,0
14,PN16,CH1,2025-06-13 01:00:00,2025-06-13,3,0.0,0.0,0.50584155,14.036633,10
15,PN16,CH2,2025-06-13 01:00:00,2025-06-13,3,0.0,0.017782717421505972,0.28483868,1.6593933,3
14,PN16,CH1,2025-06-13 02:00:00,2025-06-13,3,0.0,0.0002778549597110308,0.67857504,3.2579155,7
15,PN16,CH2,2025-06-13 02:00:00,2025-06-13,3,0.0,0.025284801333703807,0.32492676,1.7356873,0
14,PN16,CH1,2025-06-13 03:00:00,2025-06-13,3,0.0,0.0,1.0060925,5.84297,15
15,PN16,CH2,2025-06-13 03:00:00,2025-06-13,3,0.0,0.020561267018616283,0.55517083,3.4618378,2
14,PN16,CH1,2025-06-13 04:00:00,2025-06-13,3,0.0,0.0002778549597110308,1.0206468,3.3856182,1
15,PN16,CH2,2025-06-13 04:00:00,2025-06-13,3,0.0,0.03473186996387886,0.3717824,2.3269653,0
14,PN16,CH1,2025-06-13 05:00:00,2025-06-13,3,0.0,0.0002778549597110308,1.1699542,9.425655,1
15,PN16,CH2,2025-06-13 05:00:00,2025-06-13,3,0.0,0.04140038899694359,1.3683974,7.457733,3
14,PN16,CH1,2025-06-13 06:00:00,2025-06-13,3,0.0,0.0013892747985551543,0.27370864,1.7825508,0
15,PN16,CH2,2025-06-13 06:00:00,2025-06-13,3,0.0,0.04667963323145318,0.43015406,2.746582,0
14,PN16,CH1,2025-06-13 07:00:00,2025-06-13,3,0.0,0.0,0.43877232,9.491592,3
15,PN16,CH2,2025-06-13 07:00:00,2025-06-13,3,0.0,0.0333425951653237,0.9925417,3.2234192,0
14,PN16,CH1,2025-06-13 08:00:00,2025-06-13,3,0.0,0.0002778549597110308,0.48318014,2.3604183,0
15,PN16,CH2,2025-06-13 08:00:00,2025-06-13,3,0.0,0.020839121978327314,1.1711774,6.0653687,0
14,PN16,CH1,2025-06-13 09:00:00,2025-06-13,3,0.0,0.0,0.74970925,3.4106884,0
15,PN16,CH2,2025-06-13 09:00:00,2025-06-13,3,0.0,0.017782717421505972,0.49360925,2.8324127,3
14,PN16,CH1,2025-06-13 10:00:00,2025-06-13,3,0.0,0.0002778549597110308,0.75729966,3.4930573,4
15,PN16,CH2,2025-06-13 10:00:00,2025-06-13,3,0.0,0.015004167824395665,0.5150028,2.9754639,17
14,PN16,CH1,2025-06-13 11:00:00,2025-06-13,3,0.0,0.0,1.5217062,56.12701,8
15,PN16,CH2,2025-06-13 11:00:00,2025-06-13,3,0.0,0.01972770213948319,0.99438244,4.0721893,26
14,PN16,CH1,2025-06-13 12:00:01,2025-06-13,3,0.0002777777777777778,0.0002778549597110308,1.3161533,7.8796597,4
15,PN16,CH2,2025-06-13 12:00:01,2025-06-13,3,0.0002777777777777778,0.013614893025840511,1.4349349,6.828308,15
14,PN16,CH1,2025-06-13 13:00:00,2025-06-13,3,0.0,0.0,4.061395,125.8801,154
15,PN16,CH2,2025-06-13 13:00:00,2025-06-13,3,0.0,0.01611558766323979,17.722712,121.35506,150
14,PN16,CH1,2025-06-13 14:00:00,2025-06-13,3,0.0,0.0,1.5249883,5.320198,0
15,PN16,CH2,2025-06-13 14:00:00,2025-06-13,3,0.0,0.06112809113642678,5.1641436,20.217896,0
14,PN16,CH1,2025-06-13 15:00:00,2025-06-13,3,0.0,0.0,1.351183,5.7896233,0
15,PN16,CH2,2025-06-13 15:00:00,2025-06-13,3,0.0,0.05696026674076132,0.6182504,3.0899048,0
14,PN16,CH1,2025-06-13 16:00:00,2025-06-13,3,0.0,0.0002778549597110308,1.1324458,4.6607094,0
15,PN16,CH2,2025-06-13 16:00:00,2025-06-13,3,0.0,0.05279244234509586,5.6231327,27.542114,13
14,PN16,CH1,2025-06-13 17:00:00,2025-06-13,3,0.0,0.0,7.655731,32.517796,2
15,PN16,CH2,2025-06-13 17:00:00,2025-06-13,3,0.0,0.051125312586829674,3.3378599,13.122559,1
14,PN16,CH1,2025-06-13 18:00:00,2025-06-13,3,0.0,0.0,14.018942,40.753036,0
15,PN16,CH2,2025-06-13 18:00:00,2025-06-13,3,0.0,0.05557099194220617,2.978104,13.666153,2
14,PN16,CH1,2025-06-13 19:00:00,2025-06-13,3,0.0,0.0002778549597110308,6.5189614,21.928955,2
15,PN16,CH2,2025-06-13 19:00:00,2025-06-13,3,0.0,0.08835787718810781,1.9793774,9.059906,0
14,PN16,CH1,2025-06-13 20:00:00,2025-06-13,3,0.0,0.0002778549597110308,4.1450076,14.609436,0
15,PN16,CH2,2025-06-13 20:00:00,2025-06-13,3,0.0,0.07279799944429008,0.40181303,2.0217896,0
14,PN16,CH1,2025-06-13 21:00:00,2025-06-13,3,0.0,0.0005557099194220616,3.2018983,10.108837,0
15,PN16,CH2,2025-06-13 21:00:00,2025-06-13,3,0.0,0.08863573214781884,2.102009,7.3719025,1
14,PN16,CH1,2025-06-13 22:00:00,2025-06-13,3,0.0,0.0,1.9137441,6.999672,0
15,PN16,CH2,2025-06-13 22:00:00,2025-06-13,3,0.0,0.1280911364267852,0.35175985,1.6975403,0
14,PN16,CH1,2025-06-13 23:00:00,2025-06-13,3,0.0,0.0,1.6226276,6.2279396,0
15,PN16,CH2,2025-06-13 23:00:00,2025-06-13,3,0.0,0.09169213670464017,0.19674979,1.6593933,0
14,PN16,CH1,2025-06-14 00:00:01,2025-06-14,3,0.0002777777777777778,0.0,1.5051506,5.462242,0
15,PN16,CH2,2025-06-14 00:00:01,2025-06-14,3,0.0002777777777777778,0.11392053348152265,0.19506392,2.155304,0
14,PN16,CH1,2025-06-14 01:00:00,2025-06-14,3,0.0,0.0002778549597110308,1.2480291,4.259571,2
15,PN16,CH2,2025-06-14 01:00:00,2025-06-14,3,0.0,0.14587385384829119,0.25973397,3.1661987,0
14,PN16,CH1,2025-06-14 02:00:00,2025-06-14,3,0.0,0.0002778549597110308,0.22654854,1.5106773,1
15,PN16,CH2,2025-06-14 02:00:00,2025-06-14,3,0.0,0.11030841900527924,0.28425726,1.6784668,0
14,PN16,CH1,2025-06-14 03:00:00,2025-06-14,3,0.0,0.0,0.5027009,2.3014069,2
15,PN16,CH2,2025-06-14 03:00:00,2025-06-14,3,0.0,0.07029730480689081,0.17309469,1.6117096,0
14,PN16,CH1,2025-06-14 04:00:00,2025-06-14,3,0.0,0.0,2.0075276,6.681534,4
15,PN16,CH2,2025-06-14 04:00:00,2025-06-14,3,0.0,0.06390664073353709,0.6332509,6.008148,2
14,PN16,CH1,2025-06-14 05:00:00,2025-06-14,3,0.0,0.0002778549597110308,1.0810856,10.163374,8
15,PN16,CH2,2025-06-14 05:00:00,2025-06-14,3,0.0,0.144206724090025,1.4217167,6.494522,1
14,PN16,CH1,2025-06-14 06:00:00,2025-06-14,3,0.0,0.0,0.47421175,2.145172,0
15,PN16,CH2,2025-06-14 06:00:00,2025-06-14,3,0.0,0.1250347318699639,1.120386,3.604889,0
14,PN16,CH1,2025-06-14 07:00:00,2025-06-14,3,0.0,0.0,0.4173435,3.6367779,1
15,PN16,CH2,2025-06-14 07:00:00,2025-06-14,3,0.0,0.09335926646290636,0.87259674,3.3950806,0
14,PN16,CH1,2025-06-14 08:00:00,2025-06-14,3,0.0,0.0005557099194220616,1.3217082,5.3852787,0
15,PN16,CH2,2025-06-14 08:00:00,2025-06-14,3,0.0,0.05251458738538483,0.86001813,7.1144104,2
14,PN16,CH1,2025-06-14 09:00:00,2025-06-14,3,0.0,0.0,0.44801253,2.6309853,1
15,PN16,CH2,2025-06-14 09:00:00,2025-06-14,3,0.0,0.06557377049180328,0.6849272,3.1471252,0
14,PN16,CH1,2025-06-14 10:00:00,2025-06-14,3,0.0,0.0002778549597110308,2.3444083,13.657101,5
15,PN16,CH2,2025-06-14 10:00:00,2025-06-14,3,0.0,0.05140316754654071,1.0809479,9.355545,13
14,PN16,CH1,2025-06-14 11:00:00,2025-06-14,3,0.0,0.0,0.82495904,4.5130405,0
15,PN16,CH2,2025-06-14 11:00:00,2025-06-14,3,0.0,0.05251458738538483,0.8449085,6.713867,9
14,PN16,CH1,2025-06-14 12:00:00,2025-06-14,3,0.0,0.0,1.1429778,6.0904408,2
15,PN16,CH2,2025-06-14 12:00:00,2025-06-14,3,0.0,0.03862183939983329,1.5799466,6.9332123,10
14,PN16,CH1,2025-06-14 13:00:00,2025-06-14,3,0.0,0.0,0.58398324,3.4547215,0
15,PN16,CH2,2025-06-14 13:00:00,2025-06-14,3,0.0,0.046957488191164215,1.3408598,6.685257,13
14,PN16,CH1,2025-06-14 14:00:00,2025-06-14,3,0.0,0.0002778549597110308,0.5689582,4.176573,38
15,PN16,CH2,2025-06-14 14:00:00,2025-06-14,3,0.0,0.04723534315087524,2.3081536,18.920898,7
14,PN16,CH1,2025-06-14 15:00:00,2025-06-14,3,0.0,0.0002778549597110308,1.9554802,9.545832,5
15,PN16,CH2,2025-06-14 15:00:00,2025-06-14,3,0.0,0.059183106418449566,0.6103739,3.7288666,0
14,PN16,CH1,2025-06-14 16:00:00,2025-06-14,3,0.0,0.0005557099194220616,2.5403485,8.723736,0
15,PN16,CH2,2025-06-14 16:00:00,2025-06-14,3,0.0,0.06196165601555988,1.838739,6.5231323,0
14,PN16,CH1,2025-06-14 17:00:00,2025-06-14,3,0.0,0.0,3.519027,12.413227,2
15,PN16,CH2,2025-06-14 17:00:00,2025-06-14,3,0.0,0.06418449569324812,1.3489962,5.38826,1
14,PN16,CH1,2025-06-14 18:00:00,2025-06-14,3,0.0,0.0,3.5989652,13.976358,2
15,PN16,CH2,2025-06-14 18:00:00,2025-06-14,3,0.0,0.06557377049180328,3.6894603,17.700195,2
14,PN16,CH1,2025-06-14 19:00:00,2025-06-14,3,0.0,0.0,0.9916466,4.2481346,0
15,PN16,CH2,2025-06-14 19:00:00,2025-06-14,3,0.0,0.06251736593498194,1.1700662,5.5217743,0
14,PN16,CH1,2025-06-14 20:00:00,2025-06-14,3,0.0,0.0,2.2664735,8.245781,0
15,PN16,CH2,2025-06-14 20:00:00,2025-06-14,3,0.0,0.06001667129758266,0.72846234,3.4618378,0
14,PN16,CH1,2025-06-14 21:00:00,2025-06-14,3,0.0,0.0002778549597110308,3.040389,8.423031,0
15,PN16,CH2,2025-06-14 21:00:00,2025-06-14,3,0.0,0.07779938871908863,1.2017674,4.014969,0
14,PN16,CH1,2025-06-14 22:00:00,2025-06-14,3,0.0,0.0002778549597110308,2.2861798,7.386318,2
15,PN16,CH2,2025-06-14 22:00:00,2025-06-14,3,0.0,0.08669074742984162,0.54541606,3.2997131,0
14,PN16,CH1,2025-06-14 23:00:00,2025-06-14,3,0.0002777777777777778,0.0,0.28921995,1.9307823,0
15,PN16,CH2,2025-06-14 23:00:00,2025-06-14,3,0.0002777777777777778,0.09335926646290636,0.24914323,1.1444092,0
14,PN16,CH1,2025-06-15 00:00:00,2025-06-15,3,0.0,0.0002778549597110308,0.5954185,2.3124352,0
15,PN16,CH2,2025-06-15 00:00:00,2025-06-15,3,0.0,0.07224228952486803,0.36180702,3.9863586,0
14,PN16,CH1,2025-06-15 01:00:00,2025-06-15,3,0.0,0.0,0.82363385,3.3734016,0
15,PN16,CH2,2025-06-15 01:00:00,2025-06-15,3,0.0,0.09530425118088358,1.5710553,18.463135,12
14,PN16,CH1,2025-06-15 02:00:00,2025-06-15,3,0.0,0.0011114198388441233,0.98466796,6.237402,0
15,PN16,CH2,2025-06-15 02:00:00,2025-06-15,3,0.0,0.17171436510141705,0.9954151,3.9863586,0
14,PN16,CH1,2025-06-15 03:00:00,2025-06-15,3,0.0,0.0002778549597110308,1.1335262,4.7443066,0
15,PN16,CH2,2025-06-15 03:00:00,2025-06-15,3,0.0,0.13920533481522646,0.34687424,1.7738342,0
14,PN16,CH1,2025-06-15 04:00:00,2025-06-15,3,0.0,0.0005557099194220616,1.1726176,4.1615963,0
15,PN16,CH2,2025-06-15 04:00:00,2025-06-15,3,0.0,0.15282022784106697,0.64351934,4.930496,0
14,PN16,CH1,2025-06-15 05:00:00,2025-06-15,3,0.0,0.0,1.2016736,4.9133606,0
15,PN16,CH2,2025-06-15 05:00:00,2025-06-15,3,0.0,0.11086412892470131,1.1588402,10.204315,6
14,PN16,CH1,2025-06-15 06:00:00,2025-06-15,3,0.0,0.0002778549597110308,1.8722563,8.964426,4
15,PN16,CH2,2025-06-15 06:00:00,2025-06-15,3,0.0,0.08307863295359823,0.23650655,1.3542175,0
14,PN16,CH1,2025-06-15 07:00:00,2025-06-15,3,0.0,0.0,2.6845315,9.088963,0
15,PN16,CH2,2025-06-15 07:00:00,2025-06-15,3,0.0,0.06779661016949153,1.6007318,5.941391,0
14,PN16,CH1,2025-06-15 08:00:00,2025-06-15,3,0.0,0.0,0.9412007,5.1772575,0
15,PN16,CH2,2025-06-15 08:00:00,2025-06-15,3,0.0,0.04806890803000834,0.82221574,4.5204163,0
14,PN16,CH1,2025-06-15 09:00:00,2025-06-15,3,0.0,0.0,0.9798555,3.9270897,1
15,PN16,CH2,2025-06-15 09:00:00,2025-06-15,3,0.0,0.0594609613781606,0.65719426,3.0326843,0
14,PN16,CH1,2025-06-15 10:00:00,2025-06-15,3,0.0,0.0,0.5615773,2.8431778,1
15,PN16,CH2,2025-06-15 10:00:00,2025-06-15,3,0.0,0.04251180883578772,1.2314502,5.2452087,0
14,PN16,CH1,2025-06-15 11:00:00,2025-06-15,3,0.0,0.0,0.47104988,2.6488304,0
15,PN16,CH2,2025-06-15 11:00:00,2025-06-15,3,0.0,0.047513198110586276,1.1864861,4.673004,0
14,PN16,CH1,2025-06-15 12:00:01,2025-06-15,3,0.0002777777777777778,0.0,1.4468744,29.235409,45
15,PN16,CH2,2025-06-15 12:00:01,2025-06-15,3,0.0002777777777777778,0.04806890803000834,1.0579288,6.6566467,1
14,PN16,CH1,2025-06-15 13:00:00,2025-06-15,3,0.0,0.0,2.4471037,90.53323,45
15,PN16,CH2,2025-06-15 13:00:00,2025-06-15,3,0.0,0.037788274520700195,1.4656262,35.324097,18
14,PN16,CH1,2025-06-15 14:00:00,2025-06-15,3,0.0,0.0,0.8342368,4.5096855,4
15,PN16,CH2,2025-06-15 14:00:00,2025-06-15,3,0.0,0.03862183939983329,0.61961377,6.5135956,0
14,PN16,CH1,2025-06-15 15:00:00,2025-06-15,3,0.0,0.0,0.30656692,1.6392784,1
15,PN16,CH2,2025-06-15 15:00:00,2025-06-15,3,0.0,0.044178938594053904,0.74315286,6.6566467,8
14,PN16,CH1,2025-06-15 16:00:00,2025-06-15,3,0.0,0.0,0.37836954,2.4438667,0
15,PN16,CH2,2025-06-15 16:00:00,2025-06-15,3,0.0,0.03667685468185607,0.95417494,6.6566467,0
14,PN16,CH1,2025-06-15 17:00:00,2025-06-15,3,0.0,0.0008335648791330926,5.481284,17.927402,0
15,PN16,CH2,2025-06-15 17:00:00,2025-06-15,3,0.0,0.07140872464573493,4.252799,16.059875,0
14,PN16,CH1,2025-06-15 18:00:00,2025-06-15,3,0.0,0.0005557099194220616,1.8894571,10.066853,14
15,PN16,CH2,2025-06-15 18:00:00,2025-06-15,3,0.0,0.0747429841622673,0.9824444,3.6239624,0
14,PN16,CH1,2025-06-15 19:00:00,2025-06-15,3,0.0,0.0002778549597110308,0.41941705,2.4849548,0
15,PN16,CH2,2025-06-15 19:00:00,2025-06-15,3,0.0,0.07502083912197832,0.5590876,2.4986267,0
14,PN16,CH1,2025-06-15 20:00:00,2025-06-15,3,0.0,0.0002778549597110308,0.52619743,2.872345,0
15,PN16,CH2,2025-06-15 20:00:00,2025-06-15,3,0.0,0.11030841900527924,0.64073175,2.8514862,0
14,PN16,CH1,2025-06-15 21:00:00,2025-06-15,3,0.0,0.0005557099194220616,0.5219687,2.7228546,0
15,PN16,CH2,2025-06-15 21:00:00,2025-06-15,3,0.0,0.12586829674909697,0.58321565,2.6798248,0
14,PN16,CH1,2025-06-15 22:00:00,2025-06-15,3,0.0,0.0,0.1712147,1.8960953,0
15,PN16,CH2,2025-06-15 22:00:00,2025-06-15,3,0.0,0.09058071686579605,0.72203106,3.2997131,0
14,PN16,CH1,2025-06-15 23:00:00,2025-06-15,3,0.0,0.0,1.9126389,10.698509,5
15,PN16,CH2,2025-06-15 23:00:00,2025-06-15,3,0.0,0.09669352597943873,0.43791634,1.7929077,0
14,PN16,CH1,2025-06-16 00:00:00,2025-06-16,3,0.0,0.0002778549597110308,0.21547864,1.9389381,1
15,PN16,CH2,2025-06-16 00:00:00,2025-06-16,3,0.0,0.0891914420672409,0.12912013,0.62942505,0
14,PN16,CH1,2025-06-16 01:00:00,2025-06-16,3,0.0,0.0,0.35367572,2.4158134,0
15,PN16,CH2,2025-06-16 01:00:00,2025-06-16,3,0.0,0.13059183106418448,0.12045223,0.6389618,0
14,PN16,CH1,2025-06-16 02:00:00,2025-06-16,3,0.0,0.0002778549597110308,0.5491996,5.0528336,0
15,PN16,CH2,2025-06-16 02:00:00,2025-06-16,3,0.0,0.09613781606001667,0.13094579,0.705719,0
14,PN16,CH1,2025-06-16 03:00:00,2025-06-16,3,0.0,0.0,0.85653865,5.034096,23
15,PN16,CH2,2025-06-16 03:00:00,2025-06-16,3,0.0,0.06612948041122534,0.09988238,0.667572,0
14,PN16,CH1,2025-06-16 04:00:00,2025-06-16,3,0.0,0.0008335648791330926,1.5844077,16.048923,22
15,PN16,CH2,2025-06-16 04:00:00,2025-06-16,3,0.0,0.0964156710197277,0.26211196,2.0599365,0
14,PN16,CH1,2025-06-16 05:00:00,2025-06-16,3,0.0,0.0,0.9099319,5.565098,1
15,PN16,CH2,2025-06-16 05:00:00,2025-06-16,3,0.0,0.09530425118088358,0.17198747,1.3256073,0
14,PN16,CH1,2025-06-16 06:00:00,2025-06-16,3,0.0,0.0002778549597110308,0.16113596,2.1031494,2
15,PN16,CH2,2025-06-16 06:00:00,2025-06-16,3,0.0,0.06696304529035843,0.39184645,1.6784668,0
14,PN16,CH1,2025-06-16 07:00:00,2025-06-16,3,0.0,0.0005557099194220616,0.35472625,2.183693,0
15,PN16,CH2,2025-06-16 07:00:00,2025-06-16,3,0.0,0.06807446512920255,0.19769393,1.2683868,0
14,PN16,CH1,2025-06-16 08:00:00,2025-06-16,3,0.0,0.0005557099194220616,0.41982922,2.970398,0
15,PN16,CH2,2025-06-16 08:00:00,2025-06-16,3,0.0,0.053903862183939985,3.611505,13.008118,0
14,PN16,CH1,2025-06-16 09:00:00,2025-06-16,3,0.0,0.0005557099194220616,0.5892615,2.5764885,2
15,PN16,CH2,2025-06-16 09:00:00,2025-06-16,3,0.0,0.04918032786885246,2.4017062,10.01358,0
14,PN16,CH1,2025-06-16 10:00:00,2025-06-16,3,0.0,0.0002778549597110308,0.25776035,1.6915054,0
15,PN16,CH2,2025-06-16 10:00:00,2025-06-16,3,0.0,0.04723534315087524,0.50991774,2.5558472,0
14,PN16,CH1,2025-06-16 11:00:00,2025-06-16,3,0.0,0.0005557099194220616,0.36627352,1.9869576,2
15,PN16,CH2,2025-06-16 11:00:00,2025-06-16,3,0.0,0.03389830508474576,0.73051447,5.0354004,5
14,PN16,CH1,2025-06-16 12:00:01,2025-06-16,3,0.0002777777777777778,0.0008335648791330926,1.2249689,5.3322678,0
15,PN16,CH2,2025-06-16 12:00:01,2025-06-16,3,0.0002777777777777778,0.037788274520700195,1.394817,7.047653,0
14,PN16,CH1,2025-06-16 13:00:00,2025-06-16,3,0.0,0.0002778549597110308,0.59431815,5.35503,5
15,PN16,CH2,2025-06-16 13:00:00,2025-06-16,3,0.0,0.03584328980272298,0.70617306,4.711151,0
14,PN16,CH1,2025-06-16 14:00:00,2025-06-16,3,0.0,0.0002778549597110308,2.0479968,7.1625404,0
15,PN16,CH2,2025-06-16 14:00:00,2025-06-16,3,0.0,0.03584328980272298,1.616427,7.915497,0
14,PN16,CH1,2025-06-16 15:00:00,2025-06-16,3,0.0,0.0,1.3980824,4.8763313,1
15,PN16,CH2,2025-06-16 15:00:00,2025-06-16,3,0.0,0.03306474020561267,1.6382761,5.79834,0
14,PN16,CH1,2025-06-16 16:00:00,2025-06-16,3,0.0,0.0002778549597110308,0.4926484,2.7310486,3
15,PN16,CH2,2025-06-16 16:00:00,2025-06-16,3,0.0,0.04584606835232009,1.0115265,5.1116943,0
14,PN16,CH1,2025-06-16 17:00:00,2025-06-16,3,0.0,0.0,2.605538,9.125954,3
15,PN16,CH2,2025-06-16 17:00:00,2025-06-16,3,0.0,0.03945540427896638,2.0011249,7.944107,0
14,PN16,CH1,2025-06-16 18:00:00,2025-06-16,3,0.0,0.0,3.1641252,10.724068,2
15,PN16,CH2,2025-06-16 18:00:00,2025-06-16,3,0.0,0.04223395387607669,1.418621,6.9618225,0
14,PN16,CH1,2025-06-16 19:00:00,2025-06-16,3,0.0,0.0002778549597110308,0.7394446,3.6951523,0
15,PN16,CH2,2025-06-16 19:00:00,2025-06-16,3,0.0,0.06446235065295916,1.7174293,6.5517426,0
14,PN16,CH1,2025-06-16 20:00:00,2025-06-16,3,0.0,0.0008335648791330926,1.0637007,3.5069504,0
15,PN16,CH2,2025-06-16 20:00:00,2025-06-16,3,0.0,0.09780494581828286,0.700211,2.6512146,0
14,PN16,CH1,2025-06-16 21:00:00,2025-06-16,3,0.0,0.0,1.7636204,20.190218,21
15,PN16,CH2,2025-06-16 21:00:00,2025-06-16,3,0.0,0.07168657960544596,0.56737757,2.374649,0
14,PN16,CH1,2025-06-16 22:00:00,2025-06-16,3,0.0,0.0002778549597110308,1.6106201,6.245674,0
15,PN16,CH2,2025-06-16 22:00:00,2025-06-16,3,0.0,0.08252292303417616,0.33007428,1.4972687,0
14,PN16,CH1,2025-06-16 23:00:00,2025-06-16,3,0.0002777777777777778,0.0,0.8979983,3.3153572,0
15,PN16,CH2,2025-06-16 23:00:00,2025-06-16,3,0.0002777777777777778,0.09697138093914977,0.53952676,2.3555756,0
14,PN16,CH1,2025-06-17 00:00:00,2025-06-17,3,0.0,0.0002778549597110308,0.8314064,2.9058762,0
15,PN16,CH2,2025-06-17 00:00:00,2025-06-17,3,0.0,0.05195887746596277,0.2166587,1.0299683,0
14,PN16,CH1,2025-06-17 01:00:00,2025-06-17,3,0.0,0.0002778549597110308,0.24425605,3.4529,1
15,PN16,CH2,2025-06-17 01:00:00,2025-06-17,3,0.0,0.04334537371492081,0.12707867,0.6866455,0
14,PN16,CH1,2025-06-17 02:00:00,2025-06-17,3,0.0,0.0,0.3319373,1.4313698,0
15,PN16,CH2,2025-06-17 02:00:00,2025-06-17,3,0.0,0.035565434843011945,0.15049078,0.7247925,0
14,PN16,CH1,2025-06-17 03:00:00,2025-06-17,3,0.0,0.0005557099194220616,0.4965932,3.3152847,3
15,PN16,CH2,2025-06-17 03:00:00,2025-06-17,3,0.0,0.05251458738538483,0.22628935,0.9536743,0
14,PN16,CH1,2025-06-17 04:00:00,2025-06-17,3,0.0,0.0,1.7493615,4.9920006,0
15,PN16,CH2,2025-06-17 04:00:00,2025-06-17,3,0.0,0.07668796888024451,0.62490344,2.5177002,0
14,PN16,CH1,2025-06-17 05:00:00,2025-06-17,3,0.0,0.0008335648791330926,0.6625714,3.6878128,3
15,PN16,CH2,2025-06-17 05:00:00,2025-06-17,3,0.0,0.07363156432342317,0.21651228,1.4686584,0
14,PN16,CH1,2025-06-17 06:00:00,2025-06-17,3,0.0,0.0002778549597110308,0.7501528,2.9901428,2
15,PN16,CH2,2025-06-17 06:00:00,2025-06-17,3,0.0,0.07446512920255627,0.21042658,1.1444092,0
14,PN16,CH1,2025-06-17 07:00:00,2025-06-17,3,0.0,0.0,1.8954674,6.8397064,2
15,PN16,CH2,2025-06-17 07:00:00,2025-06-17,3,0.0,0.054459572103362046,3.3067007,12.378693,0
14,PN16,CH1,2025-06-17 08:00:00,2025-06-17,3,0.0,0.0002778549597110308,1.886964,42.245056,28
15,PN16,CH2,2025-06-17 08:00:00,2025-06-17,3,0.0,0.04445679355376494,2.4351923,7.7819824,0
14,PN16,CH1,2025-06-17 09:00:00,2025-06-17,3,0.0,0.0002778549597110308,0.67184657,3.3494835,1
15,PN16,CH2,2025-06-17 09:00:00,2025-06-17,3,0.0,0.037232564601278134,0.7659391,3.5858154,0
14,PN16,CH1,2025-06-17 10:00:00,2025-06-17,3,0.0,0.0002778549597110308,1.3193154,4.7346935,3
15,PN16,CH2,2025-06-17 10:00:00,2025-06-17,3,0.0,0.03806612948041123,0.8710867,4.234314,0
14,PN16,CH1,2025-06-17 11:00:00,2025-06-17,3,0.0,0.0,0.4720183,3.3297405,4
15,PN16,CH2,2025-06-17 11:00:00,2025-06-17,3,0.0,0.04001111419838844,0.57252544,3.232956,2
14,PN16,CH1,2025-06-17 12:00:00,2025-06-17,3,0.0,0.0005557099194220616,0.68761903,3.6327553,5
15,PN16,CH2,2025-06-17 12:00:00,2025-06-17,3,0.0,0.04167824395665463,0.4918818,3.9863586,0
14,PN16,CH1,2025-06-17 13:00:00,2025-06-17,3,0.0,0.0,1.7046088,48.415623,75
15,PN16,CH2,2025-06-17 13:00:00,2025-06-17,3,0.0,0.03250903028619061,3.1454377,45.73822,40
14,PN16,CH1,2025-06-17 14:00:00,2025-06-17,3,0.0,0.0002778549597110308,0.9079222,5.388111,4
15,PN16,CH2,2025-06-17 14:00:00,2025-06-17,3,0.0,0.03223117532647958,0.91072184,6.351471,3
14,PN16,CH1,2025-06-17 15:00:00,2025-06-17,3,0.0,0.0,0.41603786,2.1510582,3
15,PN16,CH2,2025-06-17 15:00:00,2025-06-17,3,0.0,0.044734648513475965,0.46926448,3.1852722,0
14,PN16,CH1,2025-06-17 16:00:00,2025-06-17,3,0.0,0.0,0.81288946,3.9853172,3
15,PN16,CH2,2025-06-17 16:00:00,2025-06-17,3,0.0,0.038343984440122256,1.2264953,5.378723,0
14,PN16,CH1,2025-06-17 17:00:00,2025-06-17,3,0.0,0.0002778549597110308,3.0936906,59.17929,14
15,PN16,CH2,2025-06-17 17:00:00,2025-06-17,3,0.0,0.037788274520700195,2.1075814,10.061264,7
14,PN16,CH1,2025-06-17 18:00:00,2025-06-17,3,0.0,0.0002778549597110308,1.9511993,8.212105,2
15,PN16,CH2,2025-06-17 18:00:00,2025-06-17,3,0.0,0.04278966379549875,2.300457,9.374619,0
14,PN16,CH1,2025-06-17 19:00:00,2025-06-17,3,0.0,0.0,3.1308656,22.164917,43
15,PN16,CH2,2025-06-17 19:00:00,2025-06-17,3,0.0,0.06196165601555988,3.109489,10.585785,0
14,PN16,CH1,2025-06-17 20:00:00,2025-06-17,3,0.0,0.0002778549597110308,2.177374,7.027462,2
15,PN16,CH2,2025-06-17 20:00:00,2025-06-17,3,0.0,0.07974437343706585,0.20667858,1.2016296,0
14,PN16,CH1,2025-06-17 21:00:00,2025-06-17,3,0.0,0.0,2.458705,62.610657,25
15,PN16,CH2,2025-06-17 21:00:00,2025-06-17,3,0.0,0.07557654904140039,1.2916411,4.119873,1
14,PN16,CH1,2025-06-17 22:00:00,2025-06-17,3,0.0,0.0005557099194220616,0.5479077,5.895756,3
15,PN16,CH2,2025-06-17 22:00:00,2025-06-17,3,0.0,0.06418449569324812,1.1476343,5.455017,0
14,PN16,CH1,2025-06-17 23:00:00,2025-06-17,3,0.0002777777777777778,0.0005557099194220616,1.3735316,47.730766,15
15,PN16,CH2,2025-06-17 23:00:00,2025-06-17,3,0.0002777777777777778,0.06946373992775771,0.34897274,3.1280518,4
14,PN16,CH1,2025-06-18 00:00:00,2025-06-18,3,0.0,0.0011114198388441233,1.0625892,11.285097,14
15,PN16,CH2,2025-06-18 00:00:00,2025-06-18,3,0.0,0.05307029730480689,0.14065251,0.76293945,0
14,PN16,CH1,2025-06-18 01:00:00,2025-06-18,3,0.0,0.0002778549597110308,1.8436667,6.011612,16
15,PN16,CH2,2025-06-18 01:00:00,2025-06-18,3,0.0,0.03362045012503473,0.29256585,1.2969971,0
14,PN16,CH1,2025-06-18 02:00:00,2025-06-18,3,0.0,0.0002778549597110308,0.7103004,3.9387474,2
15,PN16,CH2,2025-06-18 02:00:00,2025-06-18,3,0.0,0.021672686857460405,0.2596102,1.2969971,0
14,PN16,CH1,2025-06-18 03:00:00,2025-06-18,3,0.0,0.0011114198388441233,0.4565179,3.2396603,9
15,PN16,CH2,2025-06-18 03:00:00,2025-06-18,3,0.0,0.025840511253125868,0.14218941,0.8010864,0
14,PN16,CH1,2025-06-18 04:00:00,2025-06-18,3,0.0,0.0002778549597110308,2.0477605,6.855278,1
15,PN16,CH2,2025-06-18 04:00:00,2025-06-18,3,0.0,0.04251180883578772,0.52165145,1.8692017,0
14,PN16,CH1,2025-06-18 05:00:00,2025-06-18,3,0.0,0.0002778549597110308,1.1346852,13.157913,20
15,PN16,CH2,2025-06-18 05:00:00,2025-06-18,3,0.0,0.08224506807446513,0.8441515,4.9972534,0
14,PN16,CH1,2025-06-18 06:00:00,2025-06-18,3,0.0,0.0002778549597110308,0.5591826,3.1023464,0
15,PN16,CH2,2025-06-18 06:00:00,2025-06-18,3,0.0,0.1016949152542373,0.58829325,5.3596497,0
14,PN16,CH1,2025-06-18 07:00:00,2025-06-18,3,0.0,0.0008335648791330926,0.69076854,3.6162891,4
15,PN16,CH2,2025-06-18 07:00:00,2025-06-18,3,0.0,0.04806890803000834,2.5399675,11.348724,0
14,PN16,CH1,2025-06-18 08:00:00,2025-06-18,3,0.0,0.0011114198388441233,9.851191,39.942562,15
15,PN16,CH2,2025-06-18 08:00:00,2025-06-18,3,0.0,0.03306474020561267,1.8571944,7.3242188,1
14,PN16,CH1,2025-06-18 09:00:00,2025-06-18,3,0.0,0.0005557099194220616,1.4347311,7.079727,14
15,PN16,CH2,2025-06-18 09:00:00,2025-06-18,3,0.0,0.03362045012503473,1.1835248,5.1879883,1
14,PN16,CH1,2025-06-18 10:00:00,2025-06-18,3,0.0,0.0005557099194220616,0.6965566,4.498848,0
15,PN16,CH2,2025-06-18 10:00:00,2025-06-18,3,0.0,0.031397610447346486,0.502352,3.1471252,0
14,PN16,CH1,2025-06-18 11:00:00,2025-06-18,3,0.0,0.0,1.0048431,4.603977,4
15,PN16,CH2,2025-06-18 11:00:00,2025-06-18,3,0.0,0.038899694359544316,0.8920092,4.234314,1
14,PN16,CH1,2025-06-18 12:00:01,2025-06-18,3,0.0002777777777777778,0.0005557099194220616,1.2523319,5.759857,5
15,PN16,CH2,2025-06-18 12:00:01,2025-06-18,3,0.0002777777777777778,0.030841900527924425,0.59874386,3.3092499,0
14,PN16,CH1,2025-06-18 13:00:00,2025-06-18,3,0.0,0.0002778549597110308,12.549942,73.15405,474
15,PN16,CH2,2025-06-18 13:00:00,2025-06-18,3,0.0,0.024173381494859682,47.79522,159.45435,340
14,PN16,CH1,2025-06-18 14:00:00,2025-06-18,3,0.0,0.0,1.5702844,24.544968,103
15,PN16,CH2,2025-06-18 14:00:00,2025-06-18,3,0.0,0.041956098916365654,9.2885685,43.03932,1
14,PN16,CH1,2025-06-18 15:00:00,2025-06-18,3,0.0,0.0,3.858511,11.911877,3
15,PN16,CH2,2025-06-18 15:00:00,2025-06-18,3,0.0,0.045290358432898026,0.9312012,4.529953,1
14,PN16,CH1,2025-06-18 16:00:00,2025-06-18,3,0.0,0.0005557099194220616,6.47016,22.242441,2
15,PN16,CH2,2025-06-18 16:00:00,2025-06-18,3,0.0,0.04334537371492081,1.9023601,8.983612,1
14,PN16,CH1,2025-06-18 17:00:00,2025-06-18,3,0.0,0.0005557099194220616,8.0606785,23.245886,11
15,PN16,CH2,2025-06-18 17:00:00,2025-06-18,3,0.0,0.047513198110586276,2.2423358,8.249283,0
14,PN16,CH1,2025-06-18 18:00:00,2025-06-18,3,0.0,0.0008335648791330926,1.8426268,8.1783905,7
15,PN16,CH2,2025-06-18 18:00:00,2025-06-18,3,0.0,0.04890247290914143,2.3927636,10.738373,0
14,PN16,CH1,2025-06-18 19:00:00,2025-06-18,3,0.0,0.0013892747985551543,1.7701916,5.759634,1
15,PN16,CH2,2025-06-18 19:00:00,2025-06-18,3,0.0,0.07363156432342317,2.5929039,9.346008,0
14,PN16,CH1,2025-06-18 20:00:00,2025-06-18,3,0.0,0.0002778549597110308,0.37854898,1.8137321,0
15,PN16,CH2,2025-06-18 20:00:00,2025-06-18,3,0.0,0.06890803000833565,0.3109159,1.4686584,0
14,PN16,CH1,2025-06-18 21:00:00,2025-06-18,3,0.0,0.0008335648791330926,1.1609874,9.8600235,16
15,PN16,CH2,2025-06-18 21:00:00,2025-06-18,3,0.0,0.07113086968602389,0.46238056,2.0217896,0
14,PN16,CH1,2025-06-18 22:00:00,2025-06-18,3,0.0,0.0005557099194220616,0.64945126,7.4777746,0
15,PN16,CH2,2025-06-18 22:00:00,2025-06-18,3,0.0,0.07668796888024451,1.3509449,5.0640106,0
14,PN16,CH1,2025-06-18 23:00:00,2025-06-18,3,0.0,0.0008335648791330926,0.6415701,3.2590694,0
15,PN16,CH2,2025-06-18 23:00:00,2025-06-18,3,0.0,0.07613225896082246,2.8381531,20.275116,29
14,PN16,CH1,2025-06-19 00:00:00,2025-06-19,1,0.0,0.0008335648791330926,0.7295402,15.733243,20
15,PN16,CH2,2025-06-19 00:00:00,2025-06-19,1,0.0,0.10447346485134759,0.32462138,1.4686584,0
14,PN16,CH1,2025-06-19 01:00:00,2025-06-19,1,0.0,0.0002778549597110308,1.5601792,5.529598,0
15,PN16,CH2,2025-06-19 01:00:00,2025-06-19,1,0.0,0.11364267852181162,0.45900828,1.8882751,0
14,PN16,CH1,2025-06-19 02:00:00,2025-06-19,1,0.0,0.0,3.974319,12.427084,1
15,PN16,CH2,2025-06-19 02:00:00,2025-06-19,1,0.0,0.09752709085857182,0.4011808,1.7166138,0
14,PN16,CH1,2025-06-19 03:00:00,2025-06-19,1,0.0,0.0,1.0782297,7.857308,1
15,PN16,CH2,2025-06-19 03:00:00,2025-06-19,1,0.0,0.11947763267574327,0.35008284,1.5926361,0
14,PN16,CH1,2025-06-19 04:00:00,2025-06-19,1,0.0,0.0,1.3140329,5.8718023,0
15,PN16,CH2,2025-06-19 04:00:00,2025-06-19,1,0.0,0.10391775493192554,0.40248153,2.002716,0
14,PN16,CH1,2025-06-19 05:00:00,2025-06-19,1,0.0,0.0005557099194220616,2.346941,9.228662,0
15,PN16,CH2,2025-06-19 05:00:00,2025-06-19,1,0.0,0.11392053348152265,0.3714942,5.207062,0
14,PN16,CH1,2025-06-19 06:00:00,2025-06-19,1,0.0,0.0,0.9913339,4.2756653,0
15,PN16,CH2,2025-06-19 06:00:00,2025-06-19,1,0.0,0.09335926646290636,0.17092693,0.9918213,0
14,PN16,CH1,2025-06-19 07:00:00,2025-06-19,1,0.0,0.0,0.6432439,3.2555304,0
15,PN16,CH2,2025-06-19 07:00:00,2025-06-19,1,0.0,0.06557377049180328,2.7680948,10.77652,0
14,PN16,CH1,2025-06-19 08:00:00,2025-06-19,1,0.0,0.0,1.6345406,5.7491665,0
15,PN16,CH2,2025-06-19 08:00:00,2025-06-19,1,0.0,0.04556821339260906,2.0729651,9.0408325,0
14,PN16,CH1,2025-06-19 09:00:00,2025-06-19,1,0.0,0.0002778549597110308,0.5393651,2.7270985,0
15,PN16,CH2,2025-06-19 09:00:00,2025-06-19,1,0.0,0.038343984440122256,1.2546612,5.1784515,0
14,PN16,CH1,2025-06-19 10:00:00,2025-06-19,1,0.0,0.0,0.45284295,2.4060173,0
15,PN16,CH2,2025-06-19 10:00:00,2025-06-19,1,0.0,0.04584606835232009,0.8110409,3.9672852,0
14,PN16,CH1,2025-06-19 11:00:00,2025-06-19,1,0.0,0.0,0.91121626,21.090433,18
15,PN16,CH2,2025-06-19 11:00:00,2025-06-19,1,0.0,0.040566824117810506,0.8492494,3.7002563,0
14,PN16,CH1,2025-06-19 12:00:00,2025-06-19,1,0.0,0.0002778549597110308,1.2053702,5.0850945,0
15,PN16,CH2,2025-06-19 12:00:00,2025-06-19,1,0.0,0.04251180883578772,0.61475706,4.272461,0
14,PN16,CH1,2025-06-19 13:00:00,2025-06-19,1,0.0,0.0005557099194220616,0.70032257,3.4310284,0
15,PN16,CH2,2025-06-19 13:00:00,2025-06-19,1,0.0,0.03806612948041123,0.57319015,3.7288666,3
14,PN16,CH1,2025-06-19 14:00:00,2025-06-19,1,0.0,0.0,0.5335082,2.7756023,0
15,PN16,CH2,2025-06-19 14:00:00,2025-06-19,1,0.0,0.044734648513475965,1.2099043,4.749298,0
14,PN16,CH1,2025-06-19 15:00:00,2025-06-19,1,0.0,0.0002778549597110308,0.36670247,2.0106125,0
15,PN16,CH2,2025-06-19 15:00:00,2025-06-19,1,0.0,0.05195887746596277,0.6112423,3.376007,0
14,PN16,CH1,2025-06-19 16:00:00,2025-06-19,1,0.0,0.0005557099194220616,2.3987195,7.950329,0
15,PN16,CH2,2025-06-19 16:00:00,2025-06-19,1,0.0,0.04445679355376494,1.2744759,6.055832,0
14,PN16,CH1,2025-06-19 17:00:00,2025-06-19,1,0.0,0.0,2.8224792,11.191589,0
15,PN16,CH2,2025-06-19 17:00:00,2025-06-19,1,0.0,0.052236732425673796,2.2251997,9.1362,0
14,PN16,CH1,2025-06-19 18:00:00,2025-06-19,1,0.0,0.0,2.0021994,7.150955,0
15,PN16,CH2,2025-06-19 18:00:00,2025-06-19,1,0.0,0.053903862183939985,3.0471444,12.025833,1
14,PN16,CH1,2025-06-19 19:00:00,2025-06-19,1,0.0,0.0002778549597110308,1.270871,5.0021324,0
15,PN16,CH2,2025-06-19 19:00:00,2025-06-19,1,0.0,0.07196443456515698,3.3810737,10.681152,0
14,PN16,CH1,2025-06-19 20:00:00,2025-06-19,1,0.0,0.0002778549597110308,0.30729273,1.6672554,0
15,PN16,CH2,2025-06-19 20:00:00,2025-06-19,1,0.0,0.08502361767157544,0.54361504,2.231598,0
14,PN16,CH1,2025-06-19 21:00:00,2025-06-19,1,0.0,0.0,0.79773813,8.639919,6
15,PN16,CH2,2025-06-19 21:00:00,2025-06-19,1,0.0,0.08724645734926369,0.38981703,2.07901,0
14,PN16,CH1,2025-06-19 22:00:00,2025-06-19,1,0.0,0.0,0.18422635,0.9059906,0
15,PN16,CH2,2025-06-19 22:00:00,2025-06-19,1,0.0,0.10614059460961378,1.1047132,3.8528442,0
14,PN16,CH1,2025-06-19 23:00:00,2025-06-19,1,0.0,0.0005557099194220616,0.6856374,3.0691185,0
15,PN16,CH2,2025-06-19 23:00:00,2025-06-19,1,0.0,0.0928035565434843,1.4594396,4.7016144,0
14,PN16,CH1,2025-06-20 00:00:00,2025-06-20,1,0.0,0.0002778549597110308,0.47572696,2.1982574,1
15,PN16,CH2,2025-06-20 00:00:00,2025-06-20,1,0.0,0.08280077799388719,1.2572987,14.55307,15
14,PN16,CH1,2025-06-20 01:00:00,2025-06-20,1,0.0,0.0002778549597110308,1.1544559,3.8783226,0
15,PN16,CH2,2025-06-20 01:00:00,2025-06-20,1,0.0,0.1016949152542373,1.6437877,5.5503845,0
14,PN16,CH1,2025-06-20 02:00:00,2025-06-20,1,0.0,0.0002778549597110308,0.5699523,2.572277,1
15,PN16,CH2,2025-06-20 02:00:00,2025-06-20,1,0.0,0.1250347318699639,0.2793519,2.0122528,0
14,PN16,CH1,2025-06-20 03:00:00,2025-06-20,1,0.0,0.0,1.009536,4.007965,1
15,PN16,CH2,2025-06-20 03:00:00,2025-06-20,1,0.0,0.08002222839677688,0.48668006,2.0217896,0
14,PN16,CH1,2025-06-20 04:00:00,2025-06-20,1,0.0,0.0002778549597110308,1.144763,11.061506,7
15,PN16,CH2,2025-06-20 04:00:00,2025-06-20,1,0.0,0.1072520144484579,0.25217077,1.6403198,1
14,PN16,CH1,2025-06-20 05:00:00,2025-06-20,1,0.0,0.0005557099194220616,0.7998447,3.1205254,0
15,PN16,CH2,2025-06-20 05:00:00,2025-06-20,1,0.0,0.11392053348152265,0.43380433,2.5558472,0
14,PN16,CH1,2025-06-20 06:00:00,2025-06-20,1,0.0,0.0008335648791330926,0.9726926,6.027073,1
15,PN16,CH2,2025-06-20 06:00:00,2025-06-20,1,0.0,0.07807724367879966,0.7321687,4.0626526,3
14,PN16,CH1,2025-06-20 07:00:00,2025-06-20,1,0.0,0.0002778549597110308,1.3932482,6.1398373,1
15,PN16,CH2,2025-06-20 07:00:00,2025-06-20,1,0.0,0.058071686579605444,2.262809,8.602142,2
14,PN16,CH1,2025-06-20 08:00:00,2025-06-20,1,0.0,0.0,1.5187691,5.499832,2
15,PN16,CH2,2025-06-20 08:00:00,2025-06-20,1,0.0,0.044734648513475965,1.9383411,7.6007843,2
14,PN16,CH1,2025-06-20 09:00:00,2025-06-20,1,0.0,0.0,0.8096365,3.7658577,1
15,PN16,CH2,2025-06-20 09:00:00,2025-06-20,1,0.0,0.04612392331203112,1.6084595,6.313324,1
14,PN16,CH1,2025-06-20 10:00:00,2025-06-20,1,0.0,0.0002778549597110308,0.6031964,2.7310848,0
15,PN16,CH2,2025-06-20 10:00:00,2025-06-20,1,0.0,0.04445679355376494,0.98940563,5.531311,2
14,PN16,CH1,2025-06-20 11:00:00,2025-06-20,1,0.0,0.0,0.36698228,2.3203354,0
15,PN16,CH2,2025-06-20 11:00:00,2025-06-20,1,0.0,0.035009724923589884,0.96334785,5.1784515,12
14,PN16,CH1,2025-06-20 12:00:00,2025-06-20,1,0.0,0.0,1.1410735,4.6918526,0
15,PN16,CH2,2025-06-20 12:00:00,2025-06-20,1,0.0,0.03278688524590164,0.78430945,4.9972534,6
14,PN16,CH1,2025-06-20 13:00:00,2025-06-20,1,0.0,0.0005557099194220616,3.494604,74.669754,33
15,PN16,CH2,2025-06-20 13:00:00,2025-06-20,1,0.0,0.03973325923867741,6.7112026,69.49425,35
14,PN16,CH1,2025-06-20 14:00:00,2025-06-20,1,0.0,0.0002778549597110308,0.68556666,5.541891,0
15,PN16,CH2,2025-06-20 14:00:00,2025-06-20,1,0.0,0.04084467907752153,1.2356399,6.170273,1
14,PN16,CH1,2025-06-20 15:00:00,2025-06-20,1,0.0,0.0,0.49175215,2.5700417,0
15,PN16,CH2,2025-06-20 15:00:00,2025-06-20,1,0.0,0.03751041956098916,0.70907134,3.7002563,3
14,PN16,CH1,2025-06-20 16:00:00,2025-06-20,1,0.0,0.0005557099194220616,1.7239598,5.855932,0
15,PN16,CH2,2025-06-20 16:00:00,2025-06-20,1,0.0,0.045012503473187,1.4412006,6.3991547,1
14,PN16,CH1,2025-06-20 17:00:00,2025-06-20,1,0.0,0.0008335648791330926,1.9290867,6.960182,0
15,PN16,CH2,2025-06-20 17:00:00,2025-06-20,1,0.0,0.045012503473187,1.5664617,6.8950653,2
14,PN16,CH1,2025-06-20 18:00:00,2025-06-20,1,0.0,0.0,3.300126,12.2229,1
15,PN16,CH2,2025-06-20 18:00:00,2025-06-20,1,0.0,0.046957488191164215,2.3647244,9.336472,5
14,PN16,CH1,2025-06-20 19:00:00,2025-06-20,1,0.0,0.0002778549597110308,0.7995335,6.660372,0
15,PN16,CH2,2025-06-20 19:00:00,2025-06-20,1,0.0,0.058071686579605444,0.73952055,3.8337708,1
14,PN16,CH1,2025-06-20 20:00:00,2025-06-20,1,0.0,0.0005557099194220616,1.0648602,4.615631,1
15,PN16,CH2,2025-06-20 20:00:00,2025-06-20,1,0.0,0.05612670186162823,0.6606878,2.9182434,0
14,PN16,CH1,2025-06-20 21:00:00,2025-06-20,1,0.0,0.0005557099194220616,1.2658315,6.9864826,0
15,PN16,CH2,2025-06-20 21:00:00,2025-06-20,1,0.0,0.08168935815504307,0.8733779,7.686615,4
14,PN16,CH1,2025-06-20 22:00:00,2025-06-20,1,0.0,0.0013892747985551543,0.23094672,1.1082382,0
15,PN16,CH2,2025-06-20 22:00:00,2025-06-20,1,0.0,0.08030008335648792,1.2382295,7.2669983,6
14,PN16,CH1,2025-06-20 23:00:00,2025-06-20,1,0.0,0.0005557099194220616,0.68045634,2.9293442,0
15,PN16,CH2,2025-06-20 23:00:00,2025-06-20,1,0.0,0.08252292303417616,0.7264766,6.198883,1
14,PN16,CH1,2025-06-21 00:00:00,2025-06-21,1,0.0,0.0,0.3940373,1.9354382,0
15,PN16,CH2,2025-06-21 00:00:00,2025-06-21,1,0.0,0.0783550986385107,0.13599698,1.6784668,2
14,PN16,CH1,2025-06-21 01:00:00,2025-06-21,1,0.0,0.0005557099194220616,0.35667866,1.2622757,0
15,PN16,CH2,2025-06-21 01:00:00,2025-06-21,1,0.0,0.08141150319533204,0.30461633,3.1280518,4
14,PN16,CH1,2025-06-21 02:00:00,2025-06-21,1,0.0,0.0005557099194220616,0.41078103,1.8828354,0
15,PN16,CH2,2025-06-21 02:00:00,2025-06-21,1,0.0,0.0730758544040011,0.11993928,0.76293945,0
14,PN16,CH1,2025-06-21 03:00:00,2025-06-21,1,0.0,0.0002778549597110308,0.6634963,2.6231632,0
15,PN16,CH2,2025-06-21 03:00:00,2025-06-21,1,0.0,0.05529313698249514,0.12039272,0.93460083,0
14,PN16,CH1,2025-06-21 04:00:00,2025-06-21,1,0.0,0.0002778549597110308,1.2998737,6.036646,0
15,PN16,CH2,2025-06-21 04:00:00,2025-06-21,1,0.0,0.058071686579605444,0.20893556,0.9536743,0
14,PN16,CH1,2025-06-21 05:00:00,2025-06-21,1,0.0,0.0002778549597110308,0.6360421,4.5085335,0
15,PN16,CH2,2025-06-21 05:00:00,2025-06-21,1,0.0,0.08113364823562101,0.2646265,3.9482117,2
14,PN16,CH1,2025-06-21 06:00:00,2025-06-21,1,0.0,0.0,0.33389202,2.5608387,0
15,PN16,CH2,2025-06-21 06:00:00,2025-06-21,1,0.0,0.06279522089469297,0.6435941,2.6607513,0
14,PN16,CH1,2025-06-21 07:00:00,2025-06-21,1,0.0,0.0002778549597110308,0.7260495,2.7732182,0
15,PN16,CH2,2025-06-21 07:00:00,2025-06-21,1,0.0,0.04918032786885246,4.1802855,15.735626,1
14,PN16,CH1,2025-06-21 08:00:00,2025-06-21,1,0.0,0.0002778549597110308,1.7591473,11.597834,3
15,PN16,CH2,2025-06-21 08:00:00,2025-06-21,1,0.0,0.03862183939983329,1.2996315,5.5122375,2
14,PN16,CH1,2025-06-21 09:00:00,2025-06-21,1,0.0,0.0002778549597110308,2.7093475,9.264574,1
15,PN16,CH2,2025-06-21 09:00:00,2025-06-21,1,0.0,0.047513198110586276,2.0231884,8.764267,0
14,PN16,CH1,2025-06-21 10:00:00,2025-06-21,1,0.0,0.0,2.8898602,12.108013,1
15,PN16,CH2,2025-06-21 10:00:00,2025-06-21,1,0.0,0.04278966379549875,0.8219041,5.2833557,0
14,PN16,CH1,2025-06-21 11:00:00,2025-06-21,1,0.0002777777777777778,0.0,1.8018821,7.509962,8
15,PN16,CH2,2025-06-21 11:00:00,2025-06-21,1,0.0002777777777777778,0.035009724923589884,1.7457272,7.4100494,0
14,PN16,CH1,2025-06-21 12:00:00,2025-06-21,1,0.0,0.0,0.71137446,3.5877523,0
15,PN16,CH2,2025-06-21 12:00:00,2025-06-21,1,0.0,0.03445401500416782,1.6366255,7.390976,4
14,PN16,CH1,2025-06-21 13:00:00,2025-06-21,1,0.0,0.0,0.44494933,4.2105474,1
15,PN16,CH2,2025-06-21 13:00:00,2025-06-21,1,0.0,0.04445679355376494,0.9653477,5.207062,0
14,PN16,CH1,2025-06-21 14:00:00,2025-06-21,1,0.0,0.0002778549597110308,0.47554454,4.0289755,3
15,PN16,CH2,2025-06-21 14:00:00,2025-06-21,1,0.0,0.03945540427896638,0.8104682,6.580353,0
14,PN16,CH1,2025-06-21 15:00:00,2025-06-21,1,0.0,0.0,0.47476092,2.6825829,0
15,PN16,CH2,2025-06-21 15:00:00,2025-06-21,1,0.0,0.04612392331203112,0.864303,6.7806244,4
14,PN16,CH1,2025-06-21 16:00:00,2025-06-21,1,0.0,0.0,1.5935017,5.889126,0
15,PN16,CH2,2025-06-21 16:00:00,2025-06-21,1,0.0,0.045290358432898026,1.4772487,5.9318542,1
14,PN16,CH1,2025-06-21 17:00:00,2025-06-21,1,0.0,0.0002778549597110308,3.124186,12.05139,0
15,PN16,CH2,2025-06-21 17:00:00,2025-06-21,1,0.0,0.0486246179494304,2.7192729,10.871887,0
14,PN16,CH1,2025-06-21 18:00:00,2025-06-21,1,0.0,0.0005557099194220616,2.1453717,9.161495,0
15,PN16,CH2,2025-06-21 18:00:00,2025-06-21,1,0.0,0.04445679355376494,3.4693089,13.551712,0
14,PN16,CH1,2025-06-21 19:00:00,2025-06-21,1,0.0,0.0005557099194220616,1.0367686,4.17605,0
15,PN16,CH2,2025-06-21 19:00:00,2025-06-21,1,0.0,0.05779383161989442,2.8454418,9.870529,0
14,PN16,CH1,2025-06-21 20:00:00,2025-06-21,1,0.0,0.0,0.19897331,1.023674,0
15,PN16,CH2,2025-06-21 20:00:00,2025-06-21,1,0.0,0.06946373992775771,0.3852906,1.8119812,0
14,PN16,CH1,2025-06-21 21:00:00,2025-06-21,1,0.0,0.0005557099194220616,0.5896572,2.0317745,0
15,PN16,CH2,2025-06-21 21:00:00,2025-06-21,1,0.0,0.07113086968602389,1.468597,5.054474,0
14,PN16,CH1,2025-06-21 22:00:00,2025-06-21,1,0.0,0.0002778549597110308,0.46652025,2.1366024,0
15,PN16,CH2,2025-06-21 22:00:00,2025-06-21,1,0.0,0.0855793275909975,0.6378154,2.231598,0
14,PN16,CH1,2025-06-21 23:00:00,2025-06-21,1,0.016666666666666666,0.0,0.6476822,2.2158394,0
15,PN16,CH2,2025-06-21 23:00:00,2025-06-21,1,0.016666666666666666,0.09141428174492915,0.5439925,2.2029877,0
0,PN2,CH1,2025-06-04 00:00:01,2025-06-04,0,0.0002777777777777778,0.0011114198388441233,2.5710967,11.186897,0
1,PN2,CH2,2025-06-04 00:00:01,2025-06-04,0,0.0002777777777777778,0.06223951097527091,1.2308946,4.7683716,0
0,PN2,CH1,2025-06-04 01:00:00,2025-06-04,0,0.0,0.0002778549597110308,2.866203,9.482801,3
1,PN2,CH2,2025-06-04 01:00:00,2025-06-04,0,0.0,0.0558488469019172,0.5670218,2.3269653,0
0,PN2,CH1,2025-06-04 02:00:00,2025-06-04,0,0.0,0.0,0.6561898,3.4598255,5
1,PN2,CH2,2025-06-04 02:00:00,2025-06-04,0,0.0,0.045290358432898026,0.8872691,3.9482117,0
0,PN2,CH1,2025-06-04 03:00:00,2025-06-04,0,0.0,0.0005557099194220616,3.5208776,11.658258,0
1,PN2,CH2,2025-06-04 03:00:00,2025-06-04,0,0.0,0.03917754931925535,0.68004006,6.713867,2
0,PN2,CH1,2025-06-04 04:00:00,2025-06-04,0,0.0,0.0013892747985551543,4.092478,12.864248,0
1,PN2,CH2,2025-06-04 04:00:00,2025-06-04,0,0.0,0.02889691580994721,1.2763987,4.940033,0
0,PN2,CH1,2025-06-04 05:00:00,2025-06-04,0,0.0,0.0013892747985551543,2.0211942,7.054619,0
1,PN2,CH2,2025-06-04 05:00:00,2025-06-04,0,0.0,0.02945262572936927,0.73385733,3.5762787,0
0,PN2,CH1,2025-06-04 06:00:00,2025-06-04,0,0.0,0.0002778549597110308,3.4120505,10.921061,0
1,PN2,CH2,2025-06-04 06:00:00,2025-06-04,0,0.0,0.031953320366768546,2.239377,6.942749,0
0,PN2,CH1,2025-06-04 07:00:00,2025-06-04,0,0.0,0.0008335648791330926,3.038292,10.053069,28
1,PN2,CH2,2025-06-04 07:00:00,2025-06-04,0,0.0,0.041956098916365654,2.9838097,14.743805,4
0,PN2,CH1,2025-06-04 08:00:00,2025-06-04,0,0.0,0.0005557099194220616,1.4345522,5.241967,5
1,PN2,CH2,2025-06-04 08:00:00,2025-06-04,0,0.0,0.060850236176715755,1.7564223,6.3610077,0
0,PN2,CH1,2025-06-04 09:00:00,2025-06-04,0,0.0,0.0011114198388441233,2.2412446,7.042736,3
1,PN2,CH2,2025-06-04 09:00:00,2025-06-04,0,0.0,0.08585718255070852,1.0808669,4.301071,0
0,PN2,CH1,2025-06-04 10:00:00,2025-06-04,0,0.0,0.0011114198388441233,0.806756,3.011486,4
1,PN2,CH2,2025-06-04 10:00:00,2025-06-04,0,0.0,0.058071686579605444,1.4917825,4.6539307,0
0,PN2,CH1,2025-06-04 11:00:00,2025-06-04,0,0.0,0.0011114198388441233,0.83529556,3.683567,0
1,PN2,CH2,2025-06-04 11:00:00,2025-06-04,0,0.0,0.04640177827174215,1.7403144,8.72612,0
0,PN2,CH1,2025-06-04 12:00:01,2025-06-04,0,0.0002777777777777778,0.0008335648791330926,1.6249875,6.9729996,0
1,PN2,CH2,2025-06-04 12:00:01,2025-06-04,0,0.0002777777777777778,0.04334537371492081,1.5463281,6.942749,0
0,PN2,CH1,2025-06-04 13:00:00,2025-06-04,0,0.0,0.0002778549597110308,3.2662163,13.125912,2
1,PN2,CH2,2025-06-04 13:00:00,2025-06-04,0,0.0,0.045012503473187,1.2108425,6.914139,0
0,PN2,CH1,2025-06-04 14:00:00,2025-06-04,0,0.0,0.0005557099194220616,3.2589173,12.05802,2
1,PN2,CH2,2025-06-04 14:00:00,2025-06-04,0,0.0,0.04723534315087524,1.7795638,8.087158,0
0,PN2,CH1,2025-06-04 15:00:00,2025-06-04,0,0.0,0.0005557099194220616,1.0381806,4.2712317,1
1,PN2,CH2,2025-06-04 15:00:00,2025-06-04,0,0.0,0.04667963323145318,0.9859396,5.464554,0
0,PN2,CH1,2025-06-04 16:00:00,2025-06-04,0,0.0,0.0013892747985551543,0.9905638,3.4071507,0
1,PN2,CH2,2025-06-04 16:00:00,2025-06-04,0,0.0,0.04028896915809947,0.73675627,4.014969,0
0,PN2,CH1,2025-06-04 17:00:00,2025-06-04,0,0.0,0.0002778549597110308,2.088132,8.443631,1
1,PN2,CH2,2025-06-04 17:00:00,2025-06-04,0,0.0,0.03306474020561267,1.4256012,5.979538,0
0,PN2,CH1,2025-06-04 18:00:00,2025-06-04,0,0.0,0.0008335648791330926,3.4899929,9.952858,1
1,PN2,CH2,2025-06-04 18:00:00,2025-06-04,0,0.0,0.027229786051681023,2.466171,9.374619,0
0,PN2,CH1,2025-06-04 19:00:00,2025-06-04,0,0.0,0.0,1.5568755,4.7950444,9
1,PN2,CH2,2025-06-04 19:00:00,2025-06-04,0,0.0,0.030841900527924425,0.6207886,2.2697449,0
0,PN2,CH1,2025-06-04 20:00:00,2025-06-04,0,0.0,0.0002778549597110308,1.5833322,5.54014,0
1,PN2,CH2,2025-06-04 20:00:00,2025-06-04,0,0.0,0.026118366212836898,0.44634143,2.6226044,0
0,PN2,CH1,2025-06-04 21:00:00,2025-06-04,0,0.0,0.0011114198388441233,2.947642,8.496902,2
1,PN2,CH2,2025-06-04 21:00:00,2025-06-04,0,0.0,0.03584328980272298,1.048788,3.5476685,0
0,PN2,CH1,2025-06-04 22:00:00,2025-06-04,0,0.0,0.0,0.88687164,3.1121826,0
1,PN2,CH2,2025-06-04 22:00:00,2025-06-04,0,0.0,0.027507641011392053,0.46127787,5.1498413,2
0,PN2,CH1,2025-06-04 23:00:00,2025-06-04,0,0.0,0.0002778549597110308,0.30311292,1.057684,0
1,PN2,CH2,2025-06-04 23:00:00,2025-06-04,0,0.0,0.03056404556821339,0.5139089,2.3841858,0
0,PN2,CH1,2025-06-05 00:00:01,2025-06-05,0,0.0002777777777777778,0.0002778549597110308,0.6047779,2.327115,2
1,PN2,CH2,2025-06-05 00:00:01,2025-06-05,0,0.0002777777777777778,0.02861906085023618,0.52263016,2.155304,0
0,PN2,CH1,2025-06-05 01:00:00,2025-06-05,0,0.0,0.0013892747985551543,0.8013967,2.9109793,2
1,PN2,CH2,2025-06-05 01:00:00,2025-06-05,0,0.0,0.03000833564879133,0.288552,1.3446808,0
0,PN2,CH1,2025-06-05 02:00:00,2025-06-05,0,0.0,0.0008335648791330926,0.29529548,1.096838,0
1,PN2,CH2,2025-06-05 02:00:00,2025-06-05,0,0.0,0.02278410669630453,0.17140771,0.93460083,0
0,PN2,CH1,2025-06-05 03:00:00,2025-06-05,0,0.0,0.0005557099194220616,0.60986644,2.4299335,0
1,PN2,CH2,2025-06-05 03:00:00,2025-06-05,0,0.0,0.025562656293414837,0.26284727,1.5735626,0
0,PN2,CH1,2025-06-05 04:00:00,2025-06-05,0,0.0,0.0008335648791330926,1.7498337,7.1183968,0
1,PN2,CH2,2025-06-05 04:00:00,2025-06-05,0,0.0,0.026951931091969993,1.1354979,4.310608,0
0,PN2,CH1,2025-06-05 05:00:00,2025-06-05,0,0.0,0.0002778549597110308,4.1536875,13.384819,0
1,PN2,CH2,2025-06-05 05:00:00,2025-06-05,0,0.0,0.025284801333703807,0.6191475,2.4223328,0
0,PN2,CH1,2025-06-05 06:00:00,2025-06-05,0,0.0,0.0008335648791330926,0.6668647,2.6162713,0
1,PN2,CH2,2025-06-05 06:00:00,2025-06-05,0,0.0,0.027229786051681023,0.675234,3.3283234,0
0,PN2,CH1,2025-06-05 07:00:00,2025-06-05,0,0.0,0.0008335648791330926,0.91789484,3.0086563,1
1,PN2,CH2,2025-06-05 07:00:00,2025-06-05,0,0.0,0.031119755487635455,1.8066487,10.4904175,0
0,PN2,CH1,2025-06-05 08:00:00,2025-06-05,0,0.0,0.0008335648791330926,1.4447141,4.852712,17
1,PN2,CH2,2025-06-05 08:00:00,2025-06-05,0,0.0,0.04556821339260906,1.0300064,4.501343,9
0,PN2,CH1,2025-06-05 09:00:00,2025-06-05,0,0.0,0.0005557099194220616,2.4330943,8.15723,0
1,PN2,CH2,2025-06-05 09:00:00,2025-06-05,0,0.0,0.04723534315087524,1.3063222,4.3964386,0
0,PN2,CH1,2025-06-05 10:00:00,2025-06-05,0,0.0,0.0,1.7983301,6.145462,0
1,PN2,CH2,2025-06-05 10:00:00,2025-06-05,0,0.0,0.0333425951653237,1.4203231,6.0653687,0
0,PN2,CH1,2025-06-05 11:00:00,2025-06-05,0,0.0002777777777777778,0.0016671297582661851,0.73054874,2.6367607,0
1,PN2,CH2,2025-06-05 11:00:00,2025-06-05,0,0.0002777777777777778,0.03584328980272298,1.6947193,6.7329407,0
0,PN2,CH1,2025-06-05 12:00:00,2025-06-05,0,0.0,0.0008335648791330926,0.81930715,4.0477133,1
1,PN2,CH2,2025-06-05 12:00:00,2025-06-05,0,0.0,0.038343984440122256,2.7121212,8.735657,0
0,PN2,CH1,2025-06-05 13:00:00,2025-06-05,0,0.0,0.0002778549597110308,1.7864165,6.434768,90
1,PN2,CH2,2025-06-05 13:00:00,2025-06-05,0,0.0,0.028063350930814114,1.9104685,7.1144104,0
0,PN2,CH1,2025-06-05 14:00:00,2025-06-05,0,0.0,0.0011114198388441233,6.9968476,89.32996,222
1,PN2,CH2,2025-06-05 14:00:00,2025-06-05,0,0.0,0.03306474020561267,22.329739,152.08244,84
0,PN2,CH1,2025-06-05 15:00:00,2025-06-05,0,0.0,0.0002778549597110308,3.7220383,14.610812,0
1,PN2,CH2,2025-06-05 15:00:00,2025-06-05,0,0.0,0.053348152264517924,1.7447234,8.182526,0
0,PN2,CH1,2025-06-05 16:00:00,2025-06-05,0,0.0,0.0,1.208095,3.8305297,0
1,PN2,CH2,2025-06-05 16:00:00,2025-06-05,0,0.0,0.04362322867463184,4.38982,12.94136,0
0,PN2,CH1,2025-06-05 17:00:00,2025-06-05,0,0.0,0.0011114198388441233,0.61201227,2.5931,0
1,PN2,CH2,2025-06-05 17:00:00,2025-06-05,0,0.0,0.041956098916365654,0.8496048,3.4046173,0
0,PN2,CH1,2025-06-05 18:00:00,2025-06-05,0,0.0,0.0002778549597110308,0.683239,2.9870124,0
1,PN2,CH2,2025-06-05 18:00:00,2025-06-05,0,0.0,0.051681022506251735,1.7900738,6.494522,0
0,PN2,CH1,2025-06-05 19:00:00,2025-06-05,0,0.0,0.0011114198388441233,0.65740013,2.5619192,1
1,PN2,CH2,2025-06-05 19:00:00,2025-06-05,0,0.0,0.05696026674076132,1.1159201,3.9291382,0
0,PN2,CH1,2025-06-05 20:00:00,2025-06-05,0,0.0,0.0008335648791330926,1.3518189,5.9054794,4
1,PN2,CH2,2025-06-05 20:00:00,2025-06-05,0,0.0,0.04723534315087524,0.8463365,3.7193298,0
0,PN2,CH1,2025-06-05 21:00:00,2025-06-05,0,0.0,0.0005557099194220616,1.9745948,8.2973385,11
1,PN2,CH2,2025-06-05 21:00:00,2025-06-05,0,0.0,0.03584328980272298,0.45376828,2.527237,0
0,PN2,CH1,2025-06-05 22:00:00,2025-06-05,0,0.0,0.0005557099194220616,0.49401414,1.6088039,1
1,PN2,CH2,2025-06-05 22:00:00,2025-06-05,0,0.0,0.03473186996387886,1.4707534,4.7779083,0
0,PN2,CH1,2025-06-05 23:00:00,2025-06-05,0,0.0002777777777777778,0.0016671297582661851,4.9222035,14.630296,1
1,PN2,CH2,2025-06-05 23:00:00,2025-06-05,0,0.0002777777777777778,0.04251180883578772,1.1534082,3.7002563,0
0,PN2,CH1,2025-06-06 00:00:00,2025-06-06,0,0.0,0.0008335648791330926,2.889267,9.863451,4
1,PN2,CH2,2025-06-06 00:00:00,2025-06-06,0,0.0,0.05362600722422895,0.15890941,0.98228455,0
0,PN2,CH1,2025-06-06 01:00:00,2025-06-06,0,0.0,0.0005557099194220616,1.4581047,4.68526,1
1,PN2,CH2,2025-06-06 01:00:00,2025-06-06,0,0.0,0.03862183939983329,0.28158337,1.335144,0
0,PN2,CH1,2025-06-06 02:00:00,2025-06-06,0,0.0,0.0011114198388441233,0.22266042,1.1263409,1
1,PN2,CH2,2025-06-06 02:00:00,2025-06-06,0,0.0,0.038343984440122256,0.10749268,0.5722046,0
0,PN2,CH1,2025-06-06 03:00:00,2025-06-06,0,0.0,0.0002778549597110308,0.38250977,1.5218182,0
1,PN2,CH2,2025-06-06 03:00:00,2025-06-06,0,0.0,0.03250903028619061,0.7588237,3.3569336,0
0,PN2,CH1,2025-06-06 04:00:00,2025-06-06,0,0.0,0.0008335648791330926,1.9372681,6.835908,0
1,PN2,CH2,2025-06-06 04:00:00,2025-06-06,0,0.0,0.03306474020561267,2.6723392,9.231567,0
0,PN2,CH1,2025-06-06 05:00:00,2025-06-06,0,0.0,0.0005557099194220616,3.4146354,10.613501,2
1,PN2,CH2,2025-06-06 05:00:00,2025-06-06,0,0.0,0.03528757988330092,2.6909382,9.374619,0
0,PN2,CH1,2025-06-06 06:00:00,2025-06-06,0,0.0,0.0016671297582661851,0.81424737,2.7864428,0
1,PN2,CH2,2025-06-06 06:00:00,2025-06-06,0,0.0,0.044178938594053904,0.90806925,3.3950806,0
0,PN2,CH1,2025-06-06 07:00:00,2025-06-06,0,0.0,0.0013892747985551543,0.39639792,2.5692205,1
1,PN2,CH2,2025-06-06 07:00:00,2025-06-06,0,0.0,0.05029174770769658,1.238846,4.9877167,0
0,PN2,CH1,2025-06-06 08:00:00,2025-06-06,0,0.0,0.0011114198388441233,2.3763597,7.5949736,0
1,PN2,CH2,2025-06-06 08:00:00,2025-06-06,0,0.0,0.05362600722422895,2.026196,8.897781,0
0,PN2,CH1,2025-06-06 09:00:00,2025-06-06,0,0.0,0.0011114198388441233,2.0891607,6.6418953,0
1,PN2,CH2,2025-06-06 09:00:00,2025-06-06,0,0.0,0.053903862183939985,1.8638911,8.640289,0
0,PN2,CH1,2025-06-06 10:00:00,2025-06-06,0,0.0,0.0011114198388441233,0.95666045,4.717037,8
1,PN2,CH2,2025-06-06 10:00:00,2025-06-06,0,0.0,0.05612670186162823,0.57253957,2.9087067,0
0,PN2,CH1,2025-06-06 11:00:00,2025-06-06,0,0.0,0.0,13.377942,109.91264,140
1,PN2,CH2,2025-06-06 11:00:00,2025-06-06,0,0.0,0.057515976660183384,1.2999449,5.2928925,3
0,PN2,CH1,2025-06-06 12:00:01,2025-06-06,0,0.0002777777777777778,0.0008335648791330926,3.5259683,10.211021,0
1,PN2,CH2,2025-06-06 12:00:01,2025-06-06,0,0.0002777777777777778,0.07196443456515698,1.708477,5.3215027,0
0,PN2,CH1,2025-06-06 13:00:00,2025-06-06,0,0.0,0.0008335648791330926,0.36771446,2.0405645,6
1,PN2,CH2,2025-06-06 13:00:00,2025-06-06,0,0.0,0.06890803000833565,0.7569991,3.1661987,0
0,PN2,CH1,2025-06-06 14:00:00,2025-06-06,0,0.0,0.0011114198388441233,1.3757317,4.269369,2
1,PN2,CH2,2025-06-06 14:00:00,2025-06-06,0,0.0,0.047513198110586276,1.1132121,4.1389465,0
0,PN2,CH1,2025-06-06 15:00:00,2025-06-06,0,0.0,0.0005557099194220616,2.7126813,7.8748913,2
1,PN2,CH2,2025-06-06 15:00:00,2025-06-06,0,0.0,0.04973603778827452,2.1350727,6.2656403,0
0,PN2,CH1,2025-06-06 16:00:00,2025-06-06,0,0.0,0.0005557099194220616,1.0965079,3.4853442,17
1,PN2,CH2,2025-06-06 16:00:00,2025-06-06,0,0.0,0.06474020561267019,2.9151278,8.955002,0
0,PN2,CH1,2025-06-06 17:00:00,2025-06-06,0,0.0,0.0013892747985551543,0.51526874,2.5792794,1
1,PN2,CH2,2025-06-06 17:00:00,2025-06-06,0,0.0,0.06251736593498194,0.7347547,3.2234192,0
0,PN2,CH1,2025-06-06 18:00:00,2025-06-06,0,0.0,0.0011114198388441233,1.3090565,4.48443,0
1,PN2,CH2,2025-06-06 18:00:00,2025-06-06,0,0.0,0.0666851903306474,1.1817453,5.4454803,0
0,PN2,CH1,2025-06-06 19:00:00,2025-06-06,0,0.0,0.0016671297582661851,1.2558279,4.006438,4
1,PN2,CH2,2025-06-06 19:00:00,2025-06-06,0,0.0,0.04973603778827452,1.3976349,5.9890747,0
0,PN2,CH1,2025-06-06 20:00:00,2025-06-06,0,0.0,0.0005557099194220616,0.6048662,2.1814184,0
1,PN2,CH2,2025-06-06 20:00:00,2025-06-06,0,0.0,0.04890247290914143,0.4126381,1.9931793,0
0,PN2,CH1,2025-06-06 21:00:00,2025-06-06,0,0.0,0.0011114198388441233,1.2221375,4.1855874,1
1,PN2,CH2,2025-06-06 21:00:00,2025-06-06,0,0.0,0.031397610447346486,0.8397871,2.6607513,0
0,PN2,CH1,2025-06-06 22:00:00,2025-06-06,0,0.0,0.0008335648791330926,4.8100715,15.000701,1
1,PN2,CH2,2025-06-06 22:00:00,2025-06-06,0,0.0,0.031953320366768546,0.95620507,3.3950806,0
0,PN2,CH1,2025-06-06 23:00:00,2025-06-06,0,0.0,0.001944984717977216,2.210028,9.302348,2
1,PN2,CH2,2025-06-06 23:00:00,2025-06-06,0,0.0,0.034176160044456796,0.5350349,2.0217896,0
0,PN2,CH1,2025-06-07 00:00:00,2025-06-07,3,0.0,0.0013892747985551543,1.3722583,5.19149,1
1,PN2,CH2,2025-06-07 00:00:00,2025-06-07,3,0.0,0.04556821339260906,0.6456204,4.2819977,0
0,PN2,CH1,2025-06-07 01:00:00,2025-06-07,3,0.0,0.001944984717977216,0.35032275,1.2045727,1
1,PN2,CH2,2025-06-07 01:00:00,2025-06-07,3,0.0,0.03612114476243401,1.0845598,4.644394,0
0,PN2,CH1,2025-06-07 02:00:00,2025-06-07,3,0.0,0.0002778549597110308,0.27955166,1.1302528,0
1,PN2,CH2,2025-06-07 02:00:00,2025-06-07,3,0.0,0.03584328980272298,3.1945357,13.771057,0
0,PN2,CH1,2025-06-07 03:00:00,2025-06-07,3,0.0,0.0016671297582661851,1.8776628,4.877224,1
1,PN2,CH2,2025-06-07 03:00:00,2025-06-07,3,0.0,0.04167824395665463,0.64831847,2.07901,0
0,PN2,CH1,2025-06-07 04:00:00,2025-06-07,3,0.0,0.0011114198388441233,1.5205821,5.0769367,0
1,PN2,CH2,2025-06-07 04:00:00,2025-06-07,3,0.0,0.04362322867463184,1.4752638,4.940033,0
0,PN2,CH1,2025-06-07 05:00:00,2025-06-07,3,0.0,0.0011114198388441233,1.8050013,5.2576885,0
1,PN2,CH2,2025-06-07 05:00:00,2025-06-07,3,0.0,0.06807446512920255,1.1985588,5.836487,0
0,PN2,CH1,2025-06-07 06:00:00,2025-06-07,3,0.0,0.0013892747985551543,2.476545,7.92548,1
1,PN2,CH2,2025-06-07 06:00:00,2025-06-07,3,0.0,0.05501528202278411,1.0847784,3.3569336,0
0,PN2,CH1,2025-06-07 07:00:00,2025-06-07,3,0.0,0.001944984717977216,0.60243744,2.2835655,2
1,PN2,CH2,2025-06-07 07:00:00,2025-06-07,3,0.0,0.07252014448457905,0.81036335,2.8705597,0
0,PN2,CH1,2025-06-07 08:00:00,2025-06-07,3,0.0,0.0013892747985551543,0.25620174,1.2664852,1
1,PN2,CH2,2025-06-07 08:00:00,2025-06-07,3,0.0,0.08196721311475409,0.2703098,1.2969971,0
0,PN2,CH1,2025-06-07 09:00:00,2025-06-07,3,0.0,0.0022228396776882466,0.639087,2.3964424,0
1,PN2,CH2,2025-06-07 09:00:00,2025-06-07,3,0.0,0.08280077799388719,0.6952151,2.4318695,0
0,PN2,CH1,2025-06-07 10:00:00,2025-06-07,3,0.0,0.0013892747985551543,4.2427187,83.28028,294
1,PN2,CH2,2025-06-07 10:00:00,2025-06-07,3,0.0,0.09919422061683801,0.89856136,20.933151,18
0,PN2,CH1,2025-06-07 11:00:00,2025-06-07,3,0.0,0.0013892747985551543,1.0139854,4.457794,23
1,PN2,CH2,2025-06-07 11:00:00,2025-06-07,3,0.0,0.14531814392886913,0.68602014,2.5463104,0
0,PN2,CH1,2025-06-07 12:00:00,2025-06-07,3,0.0,0.0002778549597110308,2.1746364,6.7753334,1
1,PN2,CH2,2025-06-07 12:00:00,2025-06-07,3,0.0,0.09863851069741594,1.0299687,3.9863586,0
0,PN2,CH1,2025-06-07 13:00:00,2025-06-07,3,0.0,0.0005557099194220616,1.1225314,3.5099316,0
1,PN2,CH2,2025-06-07 13:00:00,2025-06-07,3,0.0,0.06529591553209224,0.8441206,3.1089783,0
0,PN2,CH1,2025-06-07 14:00:00,2025-06-07,3,0.0,0.0033342595165323703,0.5937976,2.2325306,0
1,PN2,CH2,2025-06-07 14:00:00,2025-06-07,3,0.0,0.059183106418449566,0.8841193,2.632141,0
0,PN2,CH1,2025-06-07 15:00:00,2025-06-07,3,0.0,0.0002778549597110308,0.58288705,2.269968,1
1,PN2,CH2,2025-06-07 15:00:00,2025-06-07,3,0.0,0.07779938871908863,1.4008678,4.97818,0
0,PN2,CH1,2025-06-07 16:00:00,2025-06-07,3,0.0,0.0013892747985551543,2.6832068,11.253431,0
1,PN2,CH2,2025-06-07 16:00:00,2025-06-07,3,0.0,0.05779383161989442,1.2335814,4.6920776,0
0,PN2,CH1,2025-06-07 17:00:00,2025-06-07,3,0.0,0.0005557099194220616,1.4630339,4.800335,1
1,PN2,CH2,2025-06-07 17:00:00,2025-06-07,3,0.0,0.046957488191164215,1.4178042,4.606247,0
0,PN2,CH1,2025-06-07 18:00:00,2025-06-07,3,0.0,0.0002778549597110308,1.4689399,5.0248203,1
1,PN2,CH2,2025-06-07 18:00:00,2025-06-07,3,0.0,0.06057238121700472,0.8445278,3.3569336,0
0,PN2,CH1,2025-06-07 19:00:00,2025-06-07,3,0.0,0.0002778549597110308,0.60350823,2.0761795,0
1,PN2,CH2,2025-06-07 19:00:00,2025-06-07,3,0.0,0.052236732425673796,0.87365,2.937317,0
0,PN2,CH1,2025-06-07 20:00:00,2025-06-07,3,0.0,0.0005557099194220616,1.1871601,4.5443325,0
1,PN2,CH2,2025-06-07 20:00:00,2025-06-07,3,0.0,0.05612670186162823,0.8802111,2.670288,0
0,PN2,CH1,2025-06-07 21:00:00,2025-06-07,3,0.0,0.0005557099194220616,1.1736033,3.8440514,0
1,PN2,CH2,2025-06-07 21:00:00,2025-06-07,3,0.0,0.07224228952486803,0.78267074,2.7179718,1
0,PN2,CH1,2025-06-07 22:00:00,2025-06-07,3,0.0,0.0008335648791330926,0.955282,3.040062,0
1,PN2,CH2,2025-06-07 22:00:00,2025-06-07,3,0.0,0.05529313698249514,1.0622429,3.271103,0
0,PN2,CH1,2025-06-07 23:00:00,2025-06-07,3,0.0,0.0013892747985551543,0.09544498,0.43757248,0
1,PN2,CH2,2025-06-07 23:00:00,2025-06-07,3,0.0,0.053348152264517924,0.6237892,2.2602081,0
0,PN2,CH1,2025-06-08 00:00:00,2025-06-08,3,0.0,0.0002778549597110308,1.3609107,5.58585,9
1,PN2,CH2,2025-06-08 00:00:00,2025-06-08,3,0.0,0.04556821339260906,0.91340756,2.9468536,0
0,PN2,CH1,2025-06-08 01:00:00,2025-06-08,3,0.0,0.0002778549597110308,2.1040063,8.922741,0
1,PN2,CH2,2025-06-08 01:00:00,2025-06-08,3,0.0,0.07029730480689081,0.48989975,2.6512146,0
0,PN2,CH1,2025-06-08 02:00:00,2025-06-08,3,0.0,0.0002778549597110308,1.3730922,4.977436,0
1,PN2,CH2,2025-06-08 02:00:00,2025-06-08,3,0.0,0.060294526257293694,0.5298145,2.3841858,0
0,PN2,CH1,2025-06-08 03:00:00,2025-06-08,3,0.0,0.0005557099194220616,0.64357203,2.2232513,1
1,PN2,CH2,2025-06-08 03:00:00,2025-06-08,3,0.0,0.053903862183939985,0.6364713,2.6226044,0
0,PN2,CH1,2025-06-08 04:00:00,2025-06-08,3,0.0,0.0002778549597110308,2.2168224,7.811077,0
1,PN2,CH2,2025-06-08 04:00:00,2025-06-08,3,0.0,0.04362322867463184,0.5758336,2.5558472,0
0,PN2,CH1,2025-06-08 05:00:00,2025-06-08,3,0.0,0.0008335648791330926,3.9775977,12.411474,0
1,PN2,CH2,2025-06-08 05:00:00,2025-06-08,3,0.0,0.05307029730480689,2.3857217,20.542145,6
0,PN2,CH1,2025-06-08 06:00:00,2025-06-08,3,0.0,0.0002778549597110308,0.9501247,3.6487732,0
1,PN2,CH2,2025-06-08 06:00:00,2025-06-08,3,0.0,0.07224228952486803,0.86620784,3.2615662,0
0,PN2,CH1,2025-06-08 07:00:00,2025-06-08,3,0.0,0.0002778549597110308,2.7773468,8.246378,0
1,PN2,CH2,2025-06-08 07:00:00,2025-06-08,3,0.0,0.08613503751041957,0.7943451,2.9850006,0
0,PN2,CH1,2025-06-08 08:00:00,2025-06-08,3,0.0,0.0008335648791330926,1.185568,4.141032,0
1,PN2,CH2,2025-06-08 08:00:00,2025-06-08,3,0.0,0.06501806057238121,0.77938485,3.7193298,0
0,PN2,CH1,2025-06-08 09:00:00,2025-06-08,3,0.0,0.0011114198388441233,0.46076983,2.134367,0
1,PN2,CH2,2025-06-08 09:00:00,2025-06-08,3,0.0,0.07418727424284524,1.1387566,4.9591064,0
0,PN2,CH1,2025-06-08 10:00:00,2025-06-08,3,0.0,0.0002778549597110308,28.355602,410.35687,1243
1,PN2,CH2,2025-06-08 10:00:00,2025-06-08,3,0.0,0.06196165601555988,40.102722,410.2993,286
0,PN2,CH1,2025-06-08 11:00:00,2025-06-08,3,0.0,0.0011114198388441233,2.2154,6.6220016,1
1,PN2,CH2,2025-06-08 11:00:00,2025-06-08,3,0.0,0.07557654904140039,4.103421,12.664795,0
0,PN2,CH1,2025-06-08 12:00:01,2025-06-08,3,0.0002777777777777778,0.0008335648791330926,0.6778675,3.6397948,0
1,PN2,CH2,2025-06-08 12:00:01,2025-06-08,3,0.0002777777777777778,0.07168657960544596,1.5455806,6.0367584,0
0,PN2,CH1,2025-06-08 13:00:00,2025-06-08,3,0.0,0.0005557099194220616,1.4481945,4.951768,0
1,PN2,CH2,2025-06-08 13:00:00,2025-06-08,3,0.0,0.05029174770769658,3.6950803,13.961792,0
0,PN2,CH1,2025-06-08 14:00:00,2025-06-08,3,0.0,0.0,1.0433525,4.180297,1
1,PN2,CH2,2025-06-08 14:00:00,2025-06-08,3,0.0,0.04584606835232009,1.3138032,5.4073334,0
0,PN2,CH1,2025-06-08 15:00:00,2025-06-08,3,0.0,0.0016671297582661851,1.1768682,4.305951,0
1,PN2,CH2,2025-06-08 15:00:00,2025-06-08,3,0.0,0.040566824117810506,1.0171973,4.2915344,0
0,PN2,CH1,2025-06-08 16:00:00,2025-06-08,3,0.0,0.0,1.0454053,3.848784,0
1,PN2,CH2,2025-06-08 16:00:00,2025-06-08,3,0.0,0.038899694359544316,0.7679763,2.9850006,0
0,PN2,CH1,2025-06-08 17:00:00,2025-06-08,3,0.0,0.0005557099194220616,1.2428484,3.661439,0
1,PN2,CH2,2025-06-08 17:00:00,2025-06-08,3,0.0,0.040566824117810506,0.69703215,4.2533875,0
0,PN2,CH1,2025-06-08 18:00:00,2025-06-08,3,0.0,0.0002778549597110308,0.7140351,2.857223,0
1,PN2,CH2,2025-06-08 18:00:00,2025-06-08,3,0.0,0.040566824117810506,0.4380508,2.7370453,0
0,PN2,CH1,2025-06-08 19:00:00,2025-06-08,3,0.0,0.0005557099194220616,1.6233699,11.337921,21
1,PN2,CH2,2025-06-08 19:00:00,2025-06-08,3,0.0,0.03584328980272298,1.431953,5.5503845,0
0,PN2,CH1,2025-06-08 20:00:00,2025-06-08,3,0.0,0.0002778549597110308,0.65795887,2.5406475,3
1,PN2,CH2,2025-06-08 20:00:00,2025-06-08,3,0.0,0.027229786051681023,4.5142593,30.403137,5
0,PN2,CH1,2025-06-08 21:00:00,2025-06-08,3,0.0,0.0,0.9567612,11.144542,23
1,PN2,CH2,2025-06-08 21:00:00,2025-06-08,3,0.0,0.02361767157543762,1.799199,6.122589,0
0,PN2,CH1,2025-06-08 22:00:00,2025-06-08,3,0.0,0.0,1.6418629,8.064844,10
1,PN2,CH2,2025-06-08 22:00:00,2025-06-08,3,0.0,0.020283412058905253,0.28443268,1.2207031,0
0,PN2,CH1,2025-06-08 23:00:00,2025-06-08,3,0.0002777777777777778,0.0002778549597110308,0.6377398,2.3311377,1
1,PN2,CH2,2025-06-08 23:00:00,2025-06-08,3,0.0002777777777777778,0.031119755487635455,0.35554668,1.4972687,0
0,PN2,CH1,2025-06-09 00:00:00,2025-06-09,3,0.0,0.0005557099194220616,0.5899398,4.217997,9
1,PN2,CH2,2025-06-09 00:00:00,2025-06-09,3,0.0,0.02945262572936927,0.23577966,1.2779236,0
0,PN2,CH1,2025-06-09 01:00:00,2025-06-09,3,0.0,0.0002778549597110308,0.25263426,1.0491533,3
1,PN2,CH2,2025-06-09 01:00:00,2025-06-09,3,0.0,0.044178938594053904,0.72703326,2.9468536,0
0,PN2,CH1,2025-06-09 02:00:00,2025-06-09,3,0.0,0.0,0.38741755,1.531765,32
1,PN2,CH2,2025-06-09 02:00:00,2025-06-09,3,0.0,0.04362322867463184,0.5081364,2.4032593,0
0,PN2,CH1,2025-06-09 03:00:00,2025-06-09,3,0.0,0.0,0.45423245,1.7097588,19
1,PN2,CH2,2025-06-09 03:00:00,2025-06-09,3,0.0,0.031953320366768546,2.3349261,6.7710876,0
0,PN2,CH1,2025-06-09 04:00:00,2025-06-09,3,0.0,0.0,1.6893955,5.8864803,0
1,PN2,CH2,2025-06-09 04:00:00,2025-06-09,3,0.0,0.021116976938038344,2.6729007,8.115768,0
0,PN2,CH1,2025-06-09 05:00:00,2025-06-09,3,0.0,0.0002778549597110308,2.895953,9.569824,0
1,PN2,CH2,2025-06-09 05:00:00,2025-06-09,3,0.0,0.025840511253125868,0.57097095,2.2602081,0
0,PN2,CH1,2025-06-09 06:00:00,2025-06-09,3,0.0,0.0002778549597110308,0.3928933,1.6548858,0
1,PN2,CH2,2025-06-09 06:00:00,2025-06-09,3,0.0,0.025840511253125868,0.5063287,2.0885468,0
0,PN2,CH1,2025-06-09 07:00:00,2025-06-09,3,0.0,0.0002778549597110308,2.6387014,8.063875,4
1,PN2,CH2,2025-06-09 07:00:00,2025-06-09,3,0.0,0.035565434843011945,0.6845784,2.4223328,0
0,PN2,CH1,2025-06-09 08:00:00,2025-06-09,3,0.0,0.0005557099194220616,1.7507142,6.110594,4
1,PN2,CH2,2025-06-09 08:00:00,2025-06-09,3,0.0,0.06446235065295916,0.78149396,3.2997131,0
0,PN2,CH1,2025-06-09 09:00:00,2025-06-09,3,0.0,0.0016671297582661851,0.92065066,3.0915813,0
1,PN2,CH2,2025-06-09 09:00:00,2025-06-09,3,0.0,0.05501528202278411,0.98871636,3.0899048,0
0,PN2,CH1,2025-06-09 10:00:00,2025-06-09,3,0.0,0.0005557099194220616,1.0060468,3.782362,0
1,PN2,CH2,2025-06-09 10:00:00,2025-06-09,3,0.0,0.048346762989719363,0.29855433,1.4305115,0
0,PN2,CH1,2025-06-09 11:00:00,2025-06-09,3,0.0002777777777777778,0.0005557099194220616,0.5577425,3.1244755,2
1,PN2,CH2,2025-06-09 11:00:00,2025-06-09,3,0.0002777777777777778,0.051125312586829674,0.5241742,3.0994415,0
0,PN2,CH1,2025-06-09 12:00:00,2025-06-09,3,0.0,0.0005557099194220616,1.2751039,4.241988,0
1,PN2,CH2,2025-06-09 12:00:00,2025-06-09,3,0.0,0.059738816337871634,1.2240797,18.024445,3
0,PN2,CH1,2025-06-09 13:00:00,2025-06-09,3,0.0,0.0,0.71924865,2.6678286,0
1,PN2,CH2,2025-06-09 13:00:00,2025-06-09,3,0.0,0.051125312586829674,0.7408832,2.9754639,0
0,PN2,CH1,2025-06-09 14:00:00,2025-06-09,3,0.0,0.0013892747985551543,0.42146045,2.2643814,0
1,PN2,CH2,2025-06-09 14:00:00,2025-06-09,3,0.0,0.04584606835232009,0.58778906,2.6798248,0
0,PN2,CH1,2025-06-09 15:00:00,2025-06-09,3,0.0,0.0013892747985551543,1.0022326,3.5123158,1
1,PN2,CH2,2025-06-09 15:00:00,2025-06-09,3,0.0,0.04556821339260906,1.8905134,6.7329407,0
0,PN2,CH1,2025-06-09 16:00:00,2025-06-09,3,0.0,0.0002778549597110308,0.20268436,1.0129814,0
1,PN2,CH2,2025-06-09 16:00:00,2025-06-09,3,0.0,0.045012503473187,1.0355763,4.6253204,0
0,PN2,CH1,2025-06-09 17:00:00,2025-06-09,3,0.0,0.0013892747985551543,0.8671327,3.6251545,2
1,PN2,CH2,2025-06-09 17:00:00,2025-06-09,3,0.0,0.041122534037232567,0.53563994,2.4223328,0
0,PN2,CH1,2025-06-09 18:00:00,2025-06-09,3,0.0,0.0011114198388441233,1.015815,4.9084415,1
1,PN2,CH2,2025-06-09 18:00:00,2025-06-09,3,0.0,0.0333425951653237,0.60043144,2.6798248,0
0,PN2,CH1,2025-06-09 19:00:00,2025-06-09,3,0.0,0.0002778549597110308,1.7918057,8.515716,0
1,PN2,CH2,2025-06-09 19:00:00,2025-06-09,3,0.0,0.03056404556821339,0.7008843,3.4046173,0
0,PN2,CH1,2025-06-09 20:00:00,2025-06-09,3,0.0,0.0002778549597110308,1.3773311,5.431995,1
1,PN2,CH2,2025-06-09 20:00:00,2025-06-09,3,0.0,0.024173381494859682,0.7300066,2.9563904,0
0,PN2,CH1,2025-06-09 21:00:00,2025-06-09,3,0.0,0.0008335648791330926,0.5051598,2.5799875,0
1,PN2,CH2,2025-06-09 21:00:00,2025-06-09,3,0.0,0.021672686857460405,1.0946771,4.8828125,1
0,PN2,CH1,2025-06-09 22:00:00,2025-06-09,3,0.0,0.0002778549597110308,0.62250376,2.4307518,4
1,PN2,CH2,2025-06-09 22:00:00,2025-06-09,3,0.0,0.02306196165601556,0.90876865,3.1280518,0
0,PN2,CH1,2025-06-09 23:00:00,2025-06-09,3,0.0002777777777777778,0.0005557099194220616,0.6308769,1.8115339,0
1,PN2,CH2,2025-06-09 23:00:00,2025-06-09,3,0.0002777777777777778,0.024729091414281746,1.3007668,4.558563,1
0,PN2,CH1,2025-06-10 00:00:00,2025-06-10,3,0.0,0.0008335648791330926,0.35391384,1.3259048,0
1,PN2,CH2,2025-06-10 00:00:00,2025-06-10,3,0.0,0.04556821339260906,0.5675719,2.2888184,0
0,PN2,CH1,2025-06-10 01:00:00,2025-06-10,3,0.0,0.0005557099194220616,0.14386009,1.4164305,15
1,PN2,CH2,2025-06-10 01:00:00,2025-06-10,3,0.0,0.03306474020561267,0.74396384,2.6130676,0
0,PN2,CH1,2025-06-10 02:00:00,2025-06-10,3,0.0,0.0011114198388441233,0.21310945,0.8033962,0
1,PN2,CH2,2025-06-10 02:00:00,2025-06-10,3,0.0,0.05001389274798555,1.8854159,5.302429,0
0,PN2,CH1,2025-06-10 03:00:00,2025-06-10,3,0.0,0.0013892747985551543,0.17958985,0.70508575,1
1,PN2,CH2,2025-06-10 03:00:00,2025-06-10,3,0.0,0.04918032786885246,1.4657521,4.425049,0
0,PN2,CH1,2025-06-10 04:00:00,2025-06-10,3,0.0,0.0005557099194220616,0.9510755,2.8227644,0
1,PN2,CH2,2025-06-10 04:00:00,2025-06-10,3,0.0,0.02278410669630453,1.6176125,6.0653687,0
0,PN2,CH1,2025-06-10 05:00:00,2025-06-10,3,0.0,0.0013892747985551543,2.042959,7.7220793,0
1,PN2,CH2,2025-06-10 05:00:00,2025-06-10,3,0.0,0.025284801333703807,0.32684076,1.9264221,0
0,PN2,CH1,2025-06-10 06:00:00,2025-06-10,3,0.0,0.0013892747985551543,2.1731167,7.7710667,0
1,PN2,CH2,2025-06-10 06:00:00,2025-06-10,3,0.0,0.02389552653514865,0.24839652,1.7929077,0
0,PN2,CH1,2025-06-10 07:00:00,2025-06-10,3,0.0,0.0016671297582661851,1.8918082,6.3044586,0
1,PN2,CH2,2025-06-10 07:00:00,2025-06-10,3,0.0,0.027229786051681023,0.32746285,1.3542175,0
0,PN2,CH1,2025-06-10 08:00:00,2025-06-10,3,0.0,0.0013892747985551543,0.995767,3.4905224,0
1,PN2,CH2,2025-06-10 08:00:00,2025-06-10,3,0.0,0.03584328980272298,0.9986892,10.175705,3
0,PN2,CH1,2025-06-10 09:00:00,2025-06-10,3,0.0,0.0005557099194220616,1.0532335,3.532135,0
1,PN2,CH2,2025-06-10 09:00:00,2025-06-10,3,0.0,0.04362322867463184,1.0770583,4.5681,0
0,PN2,CH1,2025-06-10 10:00:00,2025-06-10,3,0.0,0.0005557099194220616,0.70689297,2.5046616,0
1,PN2,CH2,2025-06-10 10:00:00,2025-06-10,3,0.0,0.03973325923867741,0.37042153,1.7356873,0
0,PN2,CH1,2025-06-10 11:00:00,2025-06-10,3,0.0002777777777777778,0.0008335648791330926,0.48170367,1.658947,1
1,PN2,CH2,2025-06-10 11:00:00,2025-06-10,3,0.0002777777777777778,0.045290358432898026,0.41967797,2.117157,0
0,PN2,CH1,2025-06-10 12:00:00,2025-06-10,3,0.0,0.0002778549597110308,1.0762647,17.378479,170
1,PN2,CH2,2025-06-10 12:00:00,2025-06-10,3,0.0,0.045290358432898026,0.7018381,3.0994415,0
0,PN2,CH1,2025-06-10 13:00:00,2025-06-10,3,0.0,0.0,0.3298282,2.3395538,400
1,PN2,CH2,2025-06-10 13:00:00,2025-06-10,3,0.0,0.04445679355376494,1.2102002,4.501343,0
0,PN2,CH1,2025-06-10 14:00:00,2025-06-10,3,0.0,0.0011114198388441233,0.63566154,4.204586,22
1,PN2,CH2,2025-06-10 14:00:00,2025-06-10,3,0.0,0.04584606835232009,1.2389791,5.41687,0
0,PN2,CH1,2025-06-10 15:00:00,2025-06-10,3,0.0,0.0022228396776882466,2.8960457,9.646416,0
1,PN2,CH2,2025-06-10 15:00:00,2025-06-10,3,0.0,0.037788274520700195,1.1460261,3.9863586,0
0,PN2,CH1,2025-06-10 16:00:00,2025-06-10,3,0.0,0.0008335648791330926,7.295591,19.426346,1
1,PN2,CH2,2025-06-10 16:00:00,2025-06-10,3,0.0,0.037788274520700195,0.35489964,1.9645691,0
0,PN2,CH1,2025-06-10 17:00:00,2025-06-10,3,0.0,0.0,0.40594566,1.5071039,0
1,PN2,CH2,2025-06-10 17:00:00,2025-06-10,3,0.0,0.031953320366768546,2.0254734,6.1035156,0
0,PN2,CH1,2025-06-10 18:00:00,2025-06-10,3,0.0,0.0005557099194220616,1.0266057,3.340989,1
1,PN2,CH2,2025-06-10 18:00:00,2025-06-10,3,0.0,0.027229786051681023,0.5041123,2.2602081,0
0,PN2,CH1,2025-06-10 19:00:00,2025-06-10,3,0.0,0.0002778549597110308,1.4302968,5.11758,0
1,PN2,CH2,2025-06-10 19:00:00,2025-06-10,3,0.0,0.024729091414281746,1.0807796,4.3678284,0
0,PN2,CH1,2025-06-10 20:00:00,2025-06-10,3,0.0,0.0008335648791330926,1.1675447,4.479475,0
1,PN2,CH2,2025-06-10 20:00:00,2025-06-10,3,0.0,0.025840511253125868,0.34611678,2.07901,0
0,PN2,CH1,2025-06-10 21:00:00,2025-06-10,3,0.0,0.0005557099194220616,1.416877,4.240088,0
1,PN2,CH2,2025-06-10 21:00:00,2025-06-10,3,0.0,0.020283412058905253,0.5563396,2.6226044,0
0,PN2,CH1,2025-06-10 22:00:00,2025-06-10,3,0.0,0.0008335648791330926,2.5826519,7.713288,1
1,PN2,CH2,2025-06-10 22:00:00,2025-06-10,3,0.0,0.024173381494859682,2.3808832,8.306503,0
0,PN2,CH1,2025-06-10 23:00:00,2025-06-10,3,0.0,0.001944984717977216,0.32230955,1.7303233,1
1,PN2,CH2,2025-06-10 23:00:00,2025-06-10,3,0.0,0.021116976938038344,1.451167,5.2928925,0
0,PN2,CH1,2025-06-11 00:00:00,2025-06-11,3,0.0,0.001944984717977216,0.20727381,0.7624178,0
1,PN2,CH2,2025-06-11 00:00:00,2025-06-11,3,0.0,0.02278410669630453,0.7274815,2.822876,0
0,PN2,CH1,2025-06-11 01:00:00,2025-06-11,3,0.0,0.0011114198388441233,0.61031604,1.9223242,0
1,PN2,CH2,2025-06-11 01:00:00,2025-06-11,3,0.0,0.034176160044456796,0.18920611,1.0681152,0
0,PN2,CH1,2025-06-11 02:00:00,2025-06-11,3,0.0,0.0016671297582661851,0.21640123,0.7662182,2
1,PN2,CH2,2025-06-11 02:00:00,2025-06-11,3,0.0,0.03473186996387886,0.16359599,0.8583069,0
0,PN2,CH1,2025-06-11 03:00:00,2025-06-11,3,0.0,0.0011114198388441233,0.590512,2.4631996,21
1,PN2,CH2,2025-06-11 03:00:00,2025-06-11,3,0.0,0.04084467907752153,0.3636736,1.7929077,0
0,PN2,CH1,2025-06-11 04:00:00,2025-06-11,3,0.0,0.0002778549597110308,0.42414132,1.628995,16
1,PN2,CH2,2025-06-11 04:00:00,2025-06-11,3,0.0,0.024173381494859682,0.6471771,3.2234192,0
0,PN2,CH1,2025-06-11 05:00:00,2025-06-11,3,0.0,0.0008335648791330926,2.8643262,8.802563,0
1,PN2,CH2,2025-06-11 05:00:00,2025-06-11,3,0.0,0.021950541817171435,1.2088269,4.091263,0
0,PN2,CH1,2025-06-11 06:00:00,2025-06-11,3,0.0,0.0002778549597110308,3.2774773,11.052266,1
1,PN2,CH2,2025-06-11 06:00:00,2025-06-11,3,0.0,0.021394831897749374,2.3067284,7.2288513,0
0,PN2,CH1,2025-06-11 07:00:00,2025-06-11,3,0.0,0.0005557099194220616,1.2039309,4.461445,0
1,PN2,CH2,2025-06-11 07:00:00,2025-06-11,3,0.0,0.025562656293414837,0.5027038,2.4223328,0
0,PN2,CH1,2025-06-11 08:00:00,2025-06-11,3,0.0,0.0016671297582661851,0.7904288,3.5063934,1
1,PN2,CH2,2025-06-11 08:00:00,2025-06-11,3,0.0,0.037232564601278134,1.4374199,6.170273,0
0,PN2,CH1,2025-06-11 09:00:00,2025-06-11,3,0.0,0.0013892747985551543,0.28475448,1.4916801,1
1,PN2,CH2,2025-06-11 09:00:00,2025-06-11,3,0.0,0.03667685468185607,1.190796,4.9877167,0
0,PN2,CH1,2025-06-11 10:00:00,2025-06-11,3,0.0,0.0008335648791330926,0.58864844,2.3127346,0
1,PN2,CH2,2025-06-11 10:00:00,2025-06-11,3,0.0,0.031397610447346486,1.0724664,5.8555603,1
0,PN2,CH1,2025-06-11 11:00:00,2025-06-11,3,0.0,0.0002778549597110308,0.30293393,1.5652924,2
1,PN2,CH2,2025-06-11 11:00:00,2025-06-11,3,0.0,0.03250903028619061,1.026085,5.5503845,0
0,PN2,CH1,2025-06-11 12:00:00,2025-06-11,3,0.0,0.0008335648791330926,0.30422464,1.4956303,0
1,PN2,CH2,2025-06-11 12:00:00,2025-06-11,3,0.0,0.038899694359544316,0.7313493,3.862381,0
0,PN2,CH1,2025-06-11 13:00:00,2025-06-11,3,0.0,0.0011114198388441233,0.40171745,2.48909,2
1,PN2,CH2,2025-06-11 13:00:00,2025-06-11,3,0.0,0.03917754931925535,1.3460912,5.502701,0
0,PN2,CH1,2025-06-11 14:00:00,2025-06-11,3,0.0,0.0008335648791330926,0.51527107,3.1841545,115
1,PN2,CH2,2025-06-11 14:00:00,2025-06-11,3,0.0,0.037232564601278134,2.9134345,8.716583,0
0,PN2,CH1,2025-06-11 15:00:00,2025-06-11,3,0.0,0.0002778549597110308,0.6112134,2.3999805,0
1,PN2,CH2,2025-06-11 15:00:00,2025-06-11,3,0.0,0.04167824395665463,1.5627776,6.6280365,0
0,PN2,CH1,2025-06-11 16:00:00,2025-06-11,3,0.0,0.0011114198388441233,0.4083286,2.3816166,1
1,PN2,CH2,2025-06-11 16:00:00,2025-06-11,3,0.0,0.0333425951653237,0.8753159,3.9482117,0
0,PN2,CH1,2025-06-11 17:00:00,2025-06-11,3,0.0,0.0013892747985551543,0.7083187,2.4733696,0
1,PN2,CH2,2025-06-11 17:00:00,2025-06-11,3,0.0,0.03223117532647958,0.964784,4.348755,1
0,PN2,CH1,2025-06-11 18:00:00,2025-06-11,3,0.0,0.0011114198388441233,3.0908017,10.561942,0
1,PN2,CH2,2025-06-11 18:00:00,2025-06-11,3,0.0,0.026674076132258962,1.2040521,4.835129,0
0,PN2,CH1,2025-06-11 19:00:00,2025-06-11,3,0.0,0.0002778549597110308,1.4039658,4.3799357,1
1,PN2,CH2,2025-06-11 19:00:00,2025-06-11,3,0.0,0.021116976938038344,1.0610213,4.3201447,0
0,PN2,CH1,2025-06-11 20:00:00,2025-06-11,3,0.0,0.0005557099194220616,2.2524672,6.896257,0
1,PN2,CH2,2025-06-11 20:00:00,2025-06-11,3,0.0,0.018060572381217006,0.9224034,4.9877167,0
0,PN2,CH1,2025-06-11 21:00:00,2025-06-11,3,0.0,0.0005557099194220616,0.40927494,1.5573196,0
1,PN2,CH2,2025-06-11 21:00:00,2025-06-11,3,0.0,0.01694915254237288,3.3508515,10.77652,0
0,PN2,CH1,2025-06-11 22:00:00,2025-06-11,3,0.0,0.0005557099194220616,0.21303515,0.93411636,0
1,PN2,CH2,2025-06-11 22:00:00,2025-06-11,3,0.0,0.013337038066129481,1.5941854,11.806488,1
0,PN2,CH1,2025-06-11 23:00:00,2025-06-11,3,0.0,0.0002778549597110308,0.6435532,2.2479887,0
1,PN2,CH2,2025-06-11 23:00:00,2025-06-11,3,0.0,0.015004167824395665,0.6150088,2.8896332,0
0,PN2,CH1,2025-06-12 00:00:01,2025-06-12,3,0.0002777777777777778,0.0022228396776882466,0.39010182,1.4917555,2
1,PN2,CH2,2025-06-12 00:00:01,2025-06-12,3,0.0002777777777777778,0.014726312864684635,0.6295634,2.4986267,0
0,PN2,CH1,2025-06-12 01:00:00,2025-06-12,3,0.0,0.0027785495971103086,0.12050097,0.58714294,0
1,PN2,CH2,2025-06-12 01:00:00,2025-06-12,3,0.0,0.021950541817171435,0.28227645,1.373291,0
0,PN2,CH1,2025-06-12 02:00:00,2025-06-12,3,0.0,0.0002778549597110308,0.1517898,0.66067886,3
1,PN2,CH2,2025-06-12 02:00:00,2025-06-12,3,0.0,0.018338427340928037,0.35084108,1.707077,0
0,PN2,CH1,2025-06-12 03:00:00,2025-06-12,3,0.0,0.0005557099194220616,0.090522766,1.2323647,45
1,PN2,CH2,2025-06-12 03:00:00,2025-06-12,3,0.0,0.02278410669630453,0.71077037,2.9087067,0
0,PN2,CH1,2025-06-12 04:00:00,2025-06-12,3,0.0,0.0,0.54126805,2.6327372,119
1,PN2,CH2,2025-06-12 04:00:00,2025-06-12,3,0.0,0.011669908307863295,1.5301331,4.8446655,0
0,PN2,CH1,2025-06-12 05:00:00,2025-06-12,3,0.0,0.0008335648791330926,0.45605227,3.7227955,34
1,PN2,CH2,2025-06-12 05:00:00,2025-06-12,3,0.0,0.013892747985551542,1.149457,4.2533875,0
0,PN2,CH1,2025-06-12 06:00:00,2025-06-12,3,0.0,0.0013892747985551543,0.5476935,2.2385273,67
1,PN2,CH2,2025-06-12 06:00:00,2025-06-12,3,0.0,0.01639344262295082,0.8221506,3.4809113,0
0,PN2,CH1,2025-06-12 07:00:00,2025-06-12,3,0.0,0.0008335648791330926,1.244659,4.6123943,17
1,PN2,CH2,2025-06-12 07:00:00,2025-06-12,3,0.0,0.018616282300639067,1.6928709,6.866455,0
0,PN2,CH1,2025-06-12 08:00:00,2025-06-12,3,0.0,0.0008335648791330926,0.8394911,3.433526,7
1,PN2,CH2,2025-06-12 08:00:00,2025-06-12,3,0.0,0.03028619060850236,0.867764,4.15802,0
0,PN2,CH1,2025-06-12 09:00:00,2025-06-12,3,0.0,0.0002778549597110308,1.3378916,4.9315763,2
1,PN2,CH2,2025-06-12 09:00:00,2025-06-12,3,0.0,0.026951931091969993,0.6066342,2.9754639,0
0,PN2,CH1,2025-06-12 10:00:00,2025-06-12,3,0.0,0.0011114198388441233,0.49059883,2.4014711,3
1,PN2,CH2,2025-06-12 10:00:00,2025-06-12,3,0.0,0.02861906085023618,0.7170512,2.937317,0
0,PN2,CH1,2025-06-12 11:00:00,2025-06-12,3,0.0,0.0025006946373992774,0.9870043,3.6951902,2
1,PN2,CH2,2025-06-12 11:00:00,2025-06-12,3,0.0,0.026674076132258962,0.6424545,3.4332275,0
0,PN2,CH1,2025-06-12 12:00:00,2025-06-12,3,0.0,0.0011114198388441233,0.27037618,2.0322204,5
1,PN2,CH2,2025-06-12 12:00:00,2025-06-12,3,0.0,0.03167546540705751,0.47804904,2.9087067,0
0,PN2,CH1,2025-06-12 13:00:00,2025-06-12,3,0.0,0.0030564045568213394,8.816149,57.51178,150
1,PN2,CH2,2025-06-12 13:00:00,2025-06-12,3,0.0,0.031953320366768546,7.147904,42.800903,50
0,PN2,CH1,2025-06-12 14:00:00,2025-06-12,3,0.0,0.0005557099194220616,1.0427667,21.537468,28
1,PN2,CH2,2025-06-12 14:00:00,2025-06-12,3,0.0,0.03167546540705751,2.1479218,47.912598,16
0,PN2,CH1,2025-06-12 15:00:00,2025-06-12,3,0.0,0.0011114198388441233,0.28420904,1.5471131,3
1,PN2,CH2,2025-06-12 15:00:00,2025-06-12,3,0.0,0.028341205890525144,0.36588147,2.193451,0
0,PN2,CH1,2025-06-12 16:00:00,2025-06-12,3,0.0,0.0005557099194220616,0.28525022,1.2125447,0
1,PN2,CH2,2025-06-12 16:00:00,2025-06-12,3,0.0,0.03167546540705751,1.7917244,6.6566467,0
0,PN2,CH1,2025-06-12 17:00:00,2025-06-12,3,0.0,0.0008335648791330926,0.36324605,1.6245246,0
1,PN2,CH2,2025-06-12 17:00:00,2025-06-12,3,0.0,0.026951931091969993,1.4327,5.464554,0
0,PN2,CH1,2025-06-12 18:00:00,2025-06-12,3,0.0,0.0011114198388441233,0.5133163,2.310127,1
1,PN2,CH2,2025-06-12 18:00:00,2025-06-12,3,0.0,0.026674076132258962,0.66066515,3.2234192,0
0,PN2,CH1,2025-06-12 19:00:00,2025-06-12,3,0.0,0.0002778549597110308,0.3578227,1.4751405,0
1,PN2,CH2,2025-06-12 19:00:00,2025-06-12,3,0.0,0.02361767157543762,1.818834,8.487701,0
0,PN2,CH1,2025-06-12 20:00:00,2025-06-12,3,0.0,0.0002778549597110308,0.57486236,3.1121075,0
1,PN2,CH2,2025-06-12 20:00:00,2025-06-12,3,0.0,0.017504862461794942,0.55973446,2.822876,0
0,PN2,CH1,2025-06-12 21:00:00,2025-06-12,3,0.0,0.0011114198388441233,0.8280213,2.7636065,0
1,PN2,CH2,2025-06-12 21:00:00,2025-06-12,3,0.0,0.017504862461794942,3.1857464,10.814667,0
0,PN2,CH1,2025-06-12 22:00:00,2025-06-12,3,0.0,0.0,0.5753833,2.5552511,0
1,PN2,CH2,2025-06-12 22:00:00,2025-06-12,3,0.0,0.017782717421505972,0.7943166,3.9672852,0
0,PN2,CH1,2025-06-12 23:00:00,2025-06-12,3,0.0,0.0011114198388441233,0.41864187,2.6823583,0
1,PN2,CH2,2025-06-12 23:00:00,2025-06-12,3,0.0,0.02000555709919422,0.38102368,2.2888184,0
0,PN2,CH1,2025-06-13 00:00:01,2025-06-13,3,0.0002777777777777778,0.0008335648791330926,0.8585583,2.5682898,5
1,PN2,CH2,2025-06-13 00:00:01,2025-06-13,3,0.0002777777777777778,0.021672686857460405,0.83715945,3.3187866,0
0,PN2,CH1,2025-06-13 01:00:00,2025-06-13,3,0.0,0.0016671297582661851,0.336877,1.7381088,8
1,PN2,CH2,2025-06-13 01:00:00,2025-06-13,3,0.0,0.018338427340928037,1.023777,4.0626526,0
0,PN2,CH1,2025-06-13 02:00:00,2025-06-13,3,0.0,0.0002778549597110308,0.78715104,3.7145615,92
1,PN2,CH2,2025-06-13 02:00:00,2025-06-13,3,0.0,0.02861906085023618,0.64581364,3.0517578,0
0,PN2,CH1,2025-06-13 03:00:00,2025-06-13,3,0.0,0.0013892747985551543,0.24800836,1.325123,73
1,PN2,CH2,2025-06-13 03:00:00,2025-06-13,3,0.0,0.02333981661572659,0.53914464,2.6893616,0
0,PN2,CH1,2025-06-13 04:00:00,2025-06-13,3,0.0,0.001944984717977216,0.36304563,1.4228373,9
1,PN2,CH2,2025-06-13 04:00:00,2025-06-13,3,0.0,0.024451236454570716,0.67101365,2.9468536,0
0,PN2,CH1,2025-06-13 05:00:00,2025-06-13,3,0.0,0.0005557099194220616,0.18606266,1.2648478,0
1,PN2,CH2,2025-06-13 05:00:00,2025-06-13,3,0.0,0.011947763267574326,0.59465617,2.336502,0
0,PN2,CH1,2025-06-13 06:00:00,2025-06-13,3,0.0,0.0008335648791330926,0.33883235,1.5871599,1
1,PN2,CH2,2025-06-13 06:00:00,2025-06-13,3,0.0,0.01611558766323979,1.514661,5.2452087,0
0,PN2,CH1,2025-06-13 07:00:00,2025-06-13,3,0.0,0.0005557099194220616,0.4308859,1.6077237,0
1,PN2,CH2,2025-06-13 07:00:00,2025-06-13,3,0.0,0.013614893025840511,1.6744995,6.3323975,0
0,PN2,CH1,2025-06-13 08:00:00,2025-06-13,3,0.0,0.0016671297582661851,0.8787669,2.9486418,0
1,PN2,CH2,2025-06-13 08:00:00,2025-06-13,3,0.0,0.02333981661572659,1.2644825,4.930496,0
0,PN2,CH1,2025-06-13 09:00:00,2025-06-13,3,0.0,0.0005557099194220616,0.7316255,2.7260928,0
1,PN2,CH2,2025-06-13 09:00:00,2025-06-13,3,0.0,0.035009724923589884,0.51615053,2.8324127,0
0,PN2,CH1,2025-06-13 10:00:00,2025-06-13,3,0.0,0.0013892747985551543,0.56299645,2.2030623,0
1,PN2,CH2,2025-06-13 10:00:00,2025-06-13,3,0.0,0.025562656293414837,0.5286261,2.7656555,0
0,PN2,CH1,2025-06-13 11:00:00,2025-06-13,3,0.0002777777777777778,0.0008335648791330926,0.4995724,2.994165,5
1,PN2,CH2,2025-06-13 11:00:00,2025-06-13,3,0.0002777777777777778,0.03306474020561267,0.49315622,2.9659271,0
0,PN2,CH1,2025-06-13 12:00:00,2025-06-13,3,0.0,0.0008335648791330926,1.6066043,5.600378,2
1,PN2,CH2,2025-06-13 12:00:00,2025-06-13,3,0.0,0.0297304806890803,1.755979,6.9713593,0
0,PN2,CH1,2025-06-13 13:00:00,2025-06-13,3,0.0,0.0005557099194220616,21.966185,110.062325,126
1,PN2,CH2,2025-06-13 13:00:00,2025-06-13,3,0.0,0.03167546540705751,18.66364,66.08963,35
0,PN2,CH1,2025-06-13 14:00:00,2025-06-13,3,0.0,0.0008335648791330926,6.641456,25.000536,0
1,PN2,CH2,2025-06-13 14:00:00,2025-06-13,3,0.0,0.030841900527924425,3.0593133,12.521744,0
0,PN2,CH1,2025-06-13 15:00:00,2025-06-13,3,0.0,0.0005557099194220616,1.9263519,6.611496,0
1,PN2,CH2,2025-06-13 15:00:00,2025-06-13,3,0.0,0.03806612948041123,2.1039033,8.735657,0
0,PN2,CH1,2025-06-13 16:00:00,2025-06-13,3,0.0,0.0005557099194220616,0.35944876,1.6349554,0
1,PN2,CH2,2025-06-13 16:00:00,2025-06-13,3,0.0,0.03473186996387886,1.2556608,4.758835,0
0,PN2,CH1,2025-06-13 17:00:00,2025-06-13,3,0.0,0.0011114198388441233,0.3161729,1.5109787,0
1,PN2,CH2,2025-06-13 17:00:00,2025-06-13,3,0.0,0.041122534037232567,0.9218321,4.2915344,0
0,PN2,CH1,2025-06-13 18:00:00,2025-06-13,3,0.0,0.0005557099194220616,0.47472748,2.6952477,0
1,PN2,CH2,2025-06-13 18:00:00,2025-06-13,3,0.0,0.038899694359544316,0.5902675,3.1280518,0
0,PN2,CH1,2025-06-13 19:00:00,2025-06-13,3,0.0,0.0011114198388441233,0.71305394,2.3873901,0
1,PN2,CH2,2025-06-13 19:00:00,2025-06-13,3,0.0,0.028063350930814114,0.4061918,2.2029877,0
0,PN2,CH1,2025-06-13 20:00:00,2025-06-13,3,0.0,0.0002778549597110308,0.3466184,2.398305,0
1,PN2,CH2,2025-06-13 20:00:00,2025-06-13,3,0.0,0.025562656293414837,0.44220462,2.5558472,0
0,PN2,CH1,2025-06-13 21:00:00,2025-06-13,3,0.0,0.0002778549597110308,0.48312333,1.9669161,0
1,PN2,CH2,2025-06-13 21:00:00,2025-06-13,3,0.0,0.017782717421505972,0.3377133,1.9454956,0
0,PN2,CH1,2025-06-13 22:00:00,2025-06-13,3,0.0,0.0005557099194220616,0.7524729,2.6410441,0
1,PN2,CH2,2025-06-13 22:00:00,2025-06-13,3,0.0,0.013614893025840511,2.3626063,8.25882,0
0,PN2,CH1,2025-06-13 23:00:00,2025-06-13,3,0.0002777777777777778,0.0,0.17514457,0.8033962,0
1,PN2,CH2,2025-06-13 23:00:00,2025-06-13,3,0.0002777777777777778,0.02917477076965824,1.1434592,4.2915344,0
0,PN2,CH1,2025-06-14 00:00:00,2025-06-14,3,0.0,0.0,0.12033516,0.5582719,0
1,PN2,CH2,2025-06-14 00:00:00,2025-06-14,3,0.0,0.017782717421505972,0.8765256,3.7384033,0
0,PN2,CH1,2025-06-14 01:00:00,2025-06-14,3,0.0,0.0002778549597110308,0.5359199,1.9078331,0
1,PN2,CH2,2025-06-14 01:00:00,2025-06-14,3,0.0,0.019171992220061128,0.5679707,2.3937225,0
0,PN2,CH1,2025-06-14 02:00:00,2025-06-14,3,0.0,0.0005557099194220616,0.37400335,1.5904751,0
1,PN2,CH2,2025-06-14 02:00:00,2025-06-14,3,0.0,0.020839121978327314,0.5256079,2.3841858,0
0,PN2,CH1,2025-06-14 03:00:00,2025-06-14,3,0.0,0.0011114198388441233,0.5758345,2.0859022,6
1,PN2,CH2,2025-06-14 03:00:00,2025-06-14,3,0.0,0.02306196165601556,0.31241435,1.5830994,0
0,PN2,CH1,2025-06-14 04:00:00,2025-06-14,3,0.0,0.0,0.30411586,1.2657413,50
1,PN2,CH2,2025-06-14 04:00:00,2025-06-14,3,0.0,0.02361767157543762,0.4115038,2.2506714,0
0,PN2,CH1,2025-06-14 05:00:00,2025-06-14,3,0.0,0.0002778549597110308,0.16063167,1.1486559,10
1,PN2,CH2,2025-06-14 05:00:00,2025-06-14,3,0.0,0.01639344262295082,0.45176947,2.0313263,0
0,PN2,CH1,2025-06-14 06:00:00,2025-06-14,3,0.0,0.0008335648791330926,0.23039703,1.8153343,5
1,PN2,CH2,2025-06-14 06:00:00,2025-06-14,3,0.0,0.013892747985551542,1.4182898,5.5599213,0
0,PN2,CH1,2025-06-14 07:00:00,2025-06-14,3,0.0,0.0011114198388441233,0.16867627,0.7251644,0
1,PN2,CH2,2025-06-14 07:00:00,2025-06-14,3,0.0,0.018060572381217006,1.0025239,3.709793,0
0,PN2,CH1,2025-06-14 08:00:00,2025-06-14,3,0.0,0.001944984717977216,0.8393069,3.4800167,0
1,PN2,CH2,2025-06-14 08:00:00,2025-06-14,3,0.0,0.028063350930814114,2.3871233,10.433197,0
0,PN2,CH1,2025-06-14 09:00:00,2025-06-14,3,0.0,0.0013892747985551543,0.24556156,1.1284275,0
1,PN2,CH2,2025-06-14 09:00:00,2025-06-14,3,0.0,0.027229786051681023,1.0447037,4.787445,0
0,PN2,CH1,2025-06-14 10:00:00,2025-06-14,3,0.0,0.0005557099194220616,0.47248775,2.1592531,0
1,PN2,CH2,2025-06-14 10:00:00,2025-06-14,3,0.0,0.03056404556821339,0.47312394,2.8705597,0
0,PN2,CH1,2025-06-14 11:00:00,2025-06-14,3,0.0002777777777777778,0.0008335648791330926,0.34775192,2.0204487,3
1,PN2,CH2,2025-06-14 11:00:00,2025-06-14,3,0.0002777777777777778,0.030841900527924425,0.96651256,4.9972534,0
0,PN2,CH1,2025-06-14 12:00:00,2025-06-14,3,0.0,0.0002778549597110308,1.0254868,4.6553464,6
1,PN2,CH2,2025-06-14 12:00:00,2025-06-14,3,0.0,0.04140038899694359,1.5483966,6.875992,0
0,PN2,CH1,2025-06-14 13:00:00,2025-06-14,3,0.0,0.0005557099194220616,0.5622631,2.6576223,1
1,PN2,CH2,2025-06-14 13:00:00,2025-06-14,3,0.0,0.03667685468185607,2.8396568,9.822845,0
0,PN2,CH1,2025-06-14 14:00:00,2025-06-14,3,0.0,0.0008335648791330926,2.655001,115.14895,74
1,PN2,CH2,2025-06-14 14:00:00,2025-06-14,3,0.0,0.03306474020561267,1.1355832,18.320084,16
0,PN2,CH1,2025-06-14 15:00:00,2025-06-14,3,0.0,0.0002778549597110308,0.37811154,1.7807631,1
1,PN2,CH2,2025-06-14 15:00:00,2025-06-14,3,0.0,0.03445401500416782,1.6783309,6.7710876,0
0,PN2,CH1,2025-06-14 16:00:00,2025-06-14,3,0.0,0.0008335648791330926,0.2055903,1.0947138,0
1,PN2,CH2,2025-06-14 16:00:00,2025-06-14,3,0.0,0.02945262572936927,0.6163262,3.7002563,1
0,PN2,CH1,2025-06-14 17:00:00,2025-06-14,3,0.0,0.0002778549597110308,0.62710726,2.662502,0
1,PN2,CH2,2025-06-14 17:00:00,2025-06-14,3,0.0,0.037232564601278134,2.1058002,8.735657,0
0,PN2,CH1,2025-06-14 18:00:00,2025-06-14,3,0.0,0.0002778549597110308,0.37036753,2.0781903,1
1,PN2,CH2,2025-06-14 18:00:00,2025-06-14,3,0.0,0.04306751875520978,0.43505564,2.2506714,0
0,PN2,CH1,2025-06-14 19:00:00,2025-06-14,3,0.0,0.0013892747985551543,0.24359623,1.4143438,0
1,PN2,CH2,2025-06-14 19:00:00,2025-06-14,3,0.0,0.03806612948041123,1.4838861,6.875992,0
0,PN2,CH1,2025-06-14 20:00:00,2025-06-14,3,0.0,0.0013892747985551543,0.45899576,2.2584572,0
1,PN2,CH2,2025-06-14 20:00:00,2025-06-14,3,0.0,0.03028619060850236,0.49397433,2.2888184,0
0,PN2,CH1,2025-06-14 21:00:00,2025-06-14,3,0.0,0.0008335648791330926,0.6131806,2.4752693,0
1,PN2,CH2,2025-06-14 21:00:00,2025-06-14,3,0.0,0.02861906085023618,1.5183246,4.825592,0
0,PN2,CH1,2025-06-14 22:00:00,2025-06-14,3,0.0,0.0011114198388441233,1.0484912,3.7276373,0
1,PN2,CH2,2025-06-14 22:00:00,2025-06-14,3,0.0,0.019171992220061128,1.3591605,4.4441223,0
0,PN2,CH1,2025-06-14 23:00:00,2025-06-14,3,0.0002777777777777778,0.0002778549597110308,0.21538776,0.82354975,0
1,PN2,CH2,2025-06-14 23:00:00,2025-06-14,3,0.0002777777777777778,0.019171992220061128,0.4476566,2.231598,0
0,PN2,CH1,2025-06-15 00:00:00,2025-06-15,3,0.0,0.0,0.1520998,0.6075578,0
1,PN2,CH2,2025-06-15 00:00:00,2025-06-15,3,0.0,0.01972770213948319,0.36765957,1.707077,0
0,PN2,CH1,2025-06-15 01:00:00,2025-06-15,3,0.0,0.0002778549597110308,0.24930641,0.88479376,0
1,PN2,CH2,2025-06-15 01:00:00,2025-06-15,3,0.0,0.01667129758266185,0.3997805,1.5830994,0
0,PN2,CH1,2025-06-15 02:00:00,2025-06-15,3,0.0,0.0002778549597110308,0.26969007,1.0650606,0
1,PN2,CH2,2025-06-15 02:00:00,2025-06-15,3,0.0,0.01694915254237288,0.2924321,1.3828278,0
0,PN2,CH1,2025-06-15 03:00:00,2025-06-15,3,0.0,0.0005557099194220616,0.47208866,1.7712264,0
1,PN2,CH2,2025-06-15 03:00:00,2025-06-15,3,0.0,0.02000555709919422,0.24330242,1.5354156,0
0,PN2,CH1,2025-06-15 04:00:00,2025-06-15,3,0.0,0.0005557099194220616,0.7033662,2.3955097,1
1,PN2,CH2,2025-06-15 04:00:00,2025-06-15,3,0.0,0.018060572381217006,0.92677146,4.1007996,0
0,PN2,CH1,2025-06-15 05:00:00,2025-06-15,3,0.0,0.0008335648791330926,0.21744752,1.0322037,31
1,PN2,CH2,2025-06-15 05:00:00,2025-06-15,3,0.0,0.01639344262295082,0.56987923,2.8896332,0
0,PN2,CH1,2025-06-15 06:00:00,2025-06-15,3,0.0,0.0005557099194220616,0.23056878,1.4053278,0
1,PN2,CH2,2025-06-15 06:00:00,2025-06-15,3,0.0,0.026951931091969993,0.8174825,4.0245056,0
0,PN2,CH1,2025-06-15 07:00:00,2025-06-15,3,0.0,0.0,0.931863,4.6228247,0
1,PN2,CH2,2025-06-15 07:00:00,2025-06-15,3,0.0,0.02639622117254793,0.9967728,3.9100647,0
0,PN2,CH1,2025-06-15 08:00:00,2025-06-15,3,0.0,0.0011114198388441233,0.6880176,3.039278,0
1,PN2,CH2,2025-06-15 08:00:00,2025-06-15,3,0.0,0.03250903028619061,1.1318275,5.00679,0
0,PN2,CH1,2025-06-15 09:00:00,2025-06-15,3,0.0,0.001944984717977216,0.62487435,2.9934568,0
1,PN2,CH2,2025-06-15 09:00:00,2025-06-15,3,0.0,0.0297304806890803,0.9730754,4.7779083,0
0,PN2,CH1,2025-06-15 10:00:00,2025-06-15,3,0.0,0.0008335648791330926,0.86409986,3.2948704,0
1,PN2,CH2,2025-06-15 10:00:00,2025-06-15,3,0.0,0.03223117532647958,0.8106832,4.2152405,0
0,PN2,CH1,2025-06-15 11:00:00,2025-06-15,3,0.0002777777777777778,0.0013892747985551543,0.9744396,3.381446,0
1,PN2,CH2,2025-06-15 11:00:00,2025-06-15,3,0.0002777777777777778,0.024173381494859682,0.9194276,3.7288666,0
0,PN2,CH1,2025-06-15 12:00:00,2025-06-15,3,0.0,0.0011114198388441233,0.8476643,3.7115445,0
1,PN2,CH2,2025-06-15 12:00:00,2025-06-15,3,0.0,0.03278688524590164,1.2627707,5.6266785,0
0,PN2,CH1,2025-06-15 13:00:00,2025-06-15,3,0.0,0.0005557099194220616,3.1077812,13.203062,24
1,PN2,CH2,2025-06-15 13:00:00,2025-06-15,3,0.0,0.03667685468185607,2.4978979,11.27243,4
0,PN2,CH1,2025-06-15 14:00:00,2025-06-15,3,0.0,0.0002778549597110308,0.5401359,2.4770947,0
1,PN2,CH2,2025-06-15 14:00:00,2025-06-15,3,0.0,0.03528757988330092,0.68381625,5.083084,3
0,PN2,CH1,2025-06-15 15:00:00,2025-06-15,3,0.0,0.0,0.54210573,4.6899166,25
1,PN2,CH2,2025-06-15 15:00:00,2025-06-15,3,0.0,0.041122534037232567,1.1964206,4.8542023,1
0,PN2,CH1,2025-06-15 16:00:00,2025-06-15,3,0.0,0.0005557099194220616,0.3872418,2.872236,7
1,PN2,CH2,2025-06-15 16:00:00,2025-06-15,3,0.0,0.04167824395665463,0.85616106,4.8732758,4
0,PN2,CH1,2025-06-15 17:00:00,2025-06-15,3,0.0,0.0008335648791330926,1.4662074,5.664155,15
1,PN2,CH2,2025-06-15 17:00:00,2025-06-15,3,0.0,0.026674076132258962,5.0969043,17.09938,0
0,PN2,CH1,2025-06-15 18:00:00,2025-06-15,3,0.0,0.0005557099194220616,0.88458854,3.0501556,2
1,PN2,CH2,2025-06-15 18:00:00,2025-06-15,3,0.0,0.025562656293414837,1.2871405,5.493164,0
0,PN2,CH1,2025-06-15 19:00:00,2025-06-15,3,0.0,0.0005557099194220616,0.92530626,3.7175417,2
1,PN2,CH2,2025-06-15 19:00:00,2025-06-15,3,0.0,0.0225062517365935,1.4187733,5.9890747,0
0,PN2,CH1,2025-06-15 20:00:00,2025-06-15,3,0.0,0.0,0.858741,3.2738595,0
1,PN2,CH2,2025-06-15 20:00:00,2025-06-15,3,0.0,0.017504862461794942,0.7434015,3.0231476,0
0,PN2,CH1,2025-06-15 21:00:00,2025-06-15,3,0.0,0.001944984717977216,1.9859765,7.0252643,0
1,PN2,CH2,2025-06-15 21:00:00,2025-06-15,3,0.0,0.013337038066129481,0.45606226,2.1457672,0
0,PN2,CH1,2025-06-15 22:00:00,2025-06-15,3,0.0,0.0005557099194220616,1.368952,4.674979,80
1,PN2,CH2,2025-06-15 22:00:00,2025-06-15,3,0.0,0.02361767157543762,0.25906876,2.0217896,1
0,PN2,CH1,2025-06-15 23:00:00,2025-06-15,3,0.0,0.0,0.8946997,4.9187613,330
1,PN2,CH2,2025-06-15 23:00:00,2025-06-15,3,0.0,0.021116976938038344,0.5942279,2.8514862,0
0,PN2,CH1,2025-06-16 00:00:00,2025-06-16,3,0.0,0.0,0.31095704,1.6687059,64
1,PN2,CH2,2025-06-16 00:00:00,2025-06-16,3,0.0,0.028063350930814114,0.34242943,1.8882751,0
0,PN2,CH1,2025-06-16 01:00:00,2025-06-16,3,0.0,0.0002778549597110308,0.20665415,2.2805853,142
1,PN2,CH2,2025-06-16 01:00:00,2025-06-16,3,0.0,0.024451236454570716,0.5645089,2.8896332,1
0,PN2,CH1,2025-06-16 02:00:00,2025-06-16,3,0.0,0.0002778549597110308,0.13763325,2.0449982,226
1,PN2,CH2,2025-06-16 02:00:00,2025-06-16,3,0.0,0.028063350930814114,0.27533954,1.7929077,0
0,PN2,CH1,2025-06-16 03:00:00,2025-06-16,3,0.0,0.0005557099194220616,0.73614633,3.3052263,113
1,PN2,CH2,2025-06-16 03:00:00,2025-06-16,3,0.0,0.03362045012503473,0.78971756,3.7002563,0
0,PN2,CH1,2025-06-16 04:00:00,2025-06-16,3,0.0,0.0002778549597110308,0.46066234,2.5314837,53
1,PN2,CH2,2025-06-16 04:00:00,2025-06-16,3,0.0,0.021950541817171435,0.4645296,3.1280518,0
0,PN2,CH1,2025-06-16 05:00:00,2025-06-16,3,0.0,0.0002778549597110308,0.23073295,1.6817455,14
1,PN2,CH2,2025-06-16 05:00:00,2025-06-16,3,0.0,0.017782717421505972,1.0826862,3.9577484,0
0,PN2,CH1,2025-06-16 06:00:00,2025-06-16,3,0.0,0.0016671297582661851,0.5743317,2.813861,20
1,PN2,CH2,2025-06-16 06:00:00,2025-06-16,3,0.0,0.018060572381217006,0.5943567,2.374649,1
0,PN2,CH1,2025-06-16 07:00:00,2025-06-16,3,0.0,0.0022228396776882466,0.31245017,1.4637041,17
1,PN2,CH2,2025-06-16 07:00:00,2025-06-16,3,0.0,0.02000555709919422,0.429177,2.336502,0
0,PN2,CH1,2025-06-16 08:00:00,2025-06-16,3,0.0,0.0008335648791330926,0.2616617,1.5909595,2
1,PN2,CH2,2025-06-16 08:00:00,2025-06-16,3,0.0,0.02222839677688247,0.27991953,1.449585,0
0,PN2,CH1,2025-06-16 09:00:00,2025-06-16,3,0.0,0.0016671297582661851,0.4176919,2.0640345,1
1,PN2,CH2,2025-06-16 09:00:00,2025-06-16,3,0.0,0.02639622117254793,0.5873851,3.0994415,0
0,PN2,CH1,2025-06-16 10:00:00,2025-06-16,3,0.0,0.0005557099194220616,0.4763809,1.648962,1
1,PN2,CH2,2025-06-16 10:00:00,2025-06-16,3,0.0,0.02389552653514865,0.69397205,3.2138824,0
0,PN2,CH1,2025-06-16 11:00:00,2025-06-16,3,0.0,0.0008335648791330926,0.7641065,4.4748936,12
1,PN2,CH2,2025-06-16 11:00:00,2025-06-16,3,0.0,0.025284801333703807,0.6462675,3.9100647,0
0,PN2,CH1,2025-06-16 12:00:01,2025-06-16,3,0.0002777777777777778,0.0005557099194220616,0.7457061,8.244739,32
1,PN2,CH2,2025-06-16 12:00:01,2025-06-16,3,0.0002777777777777778,0.038899694359544316,0.8734655,4.12941,0
0,PN2,CH1,2025-06-16 13:00:00,2025-06-16,3,0.0,0.0,0.59849364,5.686805,37
1,PN2,CH2,2025-06-16 13:00:00,2025-06-16,3,0.0,0.04167824395665463,0.8381268,4.463196,0
0,PN2,CH1,2025-06-16 14:00:00,2025-06-16,3,0.0,0.0002778549597110308,0.8611016,5.8828664,28
1,PN2,CH2,2025-06-16 14:00:00,2025-06-16,3,0.0,0.0486246179494304,2.0625932,7.4768066,0
0,PN2,CH1,2025-06-16 15:00:00,2025-06-16,3,0.0,0.0013892747985551543,0.86310273,4.2194877,8
1,PN2,CH2,2025-06-16 15:00:00,2025-06-16,3,0.0,0.04556821339260906,0.91984415,5.569458,0
0,PN2,CH1,2025-06-16 16:00:00,2025-06-16,3,0.0,0.0008335648791330926,0.4757237,6.443933,28
1,PN2,CH2,2025-06-16 16:00:00,2025-06-16,3,0.0,0.04334537371492081,0.7407326,5.912781,3
0,PN2,CH1,2025-06-16 17:00:00,2025-06-16,3,0.0,0.0,0.70618683,6.2621017,38
1,PN2,CH2,2025-06-16 17:00:00,2025-06-16,3,0.0,0.03473186996387886,1.0010554,8.335114,2
0,PN2,CH1,2025-06-16 18:00:00,2025-06-16,3,0.0,0.0002778549597110308,0.4661786,2.8978662,7
1,PN2,CH2,2025-06-16 18:00:00,2025-06-16,3,0.0,0.05001389274798555,0.77546215,6.456375,0
0,PN2,CH1,2025-06-16 19:00:00,2025-06-16,3,0.0,0.0005557099194220616,0.75236386,4.0894,10
1,PN2,CH2,2025-06-16 19:00:00,2025-06-16,3,0.0,0.03917754931925535,1.776463,6.5994263,0
0,PN2,CH1,2025-06-16 20:00:00,2025-06-16,3,0.0,0.0008335648791330926,0.4175874,2.043769,2
1,PN2,CH2,2025-06-16 20:00:00,2025-06-16,3,0.0,0.03612114476243401,0.7441685,4.301071,0
0,PN2,CH1,2025-06-16 21:00:00,2025-06-16,3,0.0,0.0011114198388441233,2.302584,7.3779383,3
1,PN2,CH2,2025-06-16 21:00:00,2025-06-16,3,0.0,0.040566824117810506,0.5581321,4.8828125,0
0,PN2,CH1,2025-06-16 22:00:00,2025-06-16,3,0.0,0.0008335648791330926,1.4886533,5.592181,0
1,PN2,CH2,2025-06-16 22:00:00,2025-06-16,3,0.0,0.027507641011392053,0.95611835,6.5517426,1
0,PN2,CH1,2025-06-16 23:00:00,2025-06-16,3,0.0,0.0016671297582661851,1.3319325,4.2647867,0
1,PN2,CH2,2025-06-16 23:00:00,2025-06-16,3,0.0,0.04918032786885246,0.53386927,2.2125244,0
0,PN2,CH1,2025-06-17 00:00:00,2025-06-17,3,0.0,0.0011114198388441233,0.2991708,1.4734268,1
1,PN2,CH2,2025-06-17 00:00:00,2025-06-17,3,0.0,0.0486246179494304,0.45845813,1.8501282,0
0,PN2,CH1,2025-06-17 01:00:00,2025-06-17,3,0.0,0.0022228396776882466,0.40387172,1.3847647,0
1,PN2,CH2,2025-06-17 01:00:00,2025-06-17,3,0.0,0.04584606835232009,0.17679155,1.2588501,0
0,PN2,CH1,2025-06-17 02:00:00,2025-06-17,3,0.0,0.0013892747985551543,0.59782517,2.1109734,0
1,PN2,CH2,2025-06-17 02:00:00,2025-06-17,3,0.0,0.07557654904140039,0.16347349,0.8010864,0
0,PN2,CH1,2025-06-17 03:00:00,2025-06-17,3,0.0,0.001944984717977216,0.13898559,1.1785698,1
1,PN2,CH2,2025-06-17 03:00:00,2025-06-17,3,0.0,0.05418171714365101,0.14843032,0.78201294,0
0,PN2,CH1,2025-06-17 04:00:00,2025-06-17,3,0.0,0.0008335648791330926,0.27387077,1.6238918,0
1,PN2,CH2,2025-06-17 04:00:00,2025-06-17,3,0.0,0.03389830508474576,0.44659758,1.9168854,0
0,PN2,CH1,2025-06-17 05:00:00,2025-06-17,3,0.0,0.0008335648791330926,0.58576465,1.8755713,1
1,PN2,CH2,2025-06-17 05:00:00,2025-06-17,3,0.0,0.03167546540705751,0.6127713,2.2506714,0
0,PN2,CH1,2025-06-17 06:00:00,2025-06-17,3,0.0,0.0005557099194220616,0.20416868,0.91344166,0
1,PN2,CH2,2025-06-17 06:00:00,2025-06-17,3,0.0,0.02861906085023618,1.092344,3.7765503,0
0,PN2,CH1,2025-06-17 07:00:00,2025-06-17,3,0.0,0.0,1.0795529,4.162304,0
1,PN2,CH2,2025-06-17 07:00:00,2025-06-17,3,0.0,0.03250903028619061,1.1961359,5.8460236,0
0,PN2,CH1,2025-06-17 08:00:00,2025-06-17,3,0.0,0.0002778549597110308,1.1122226,3.8150692,0
1,PN2,CH2,2025-06-17 08:00:00,2025-06-17,3,0.0,0.046957488191164215,2.9096413,10.528564,1
0,PN2,CH1,2025-06-17 09:00:00,2025-06-17,3,0.0,0.0013892747985551543,1.034535,3.416687,1
1,PN2,CH2,2025-06-17 09:00:00,2025-06-17,3,0.0,0.06446235065295916,1.9798478,7.87735,0
0,PN2,CH1,2025-06-17 10:00:00,2025-06-17,3,0.0,0.0002778549597110308,0.45183685,2.0010767,5
1,PN2,CH2,2025-06-17 10:00:00,2025-06-17,3,0.0,0.04918032786885246,0.71517104,4.081726,2
0,PN2,CH1,2025-06-17 11:00:00,2025-06-17,3,0.0002777777777777778,0.0002778549597110308,0.49048066,4.3407087,15
1,PN2,CH2,2025-06-17 11:00:00,2025-06-17,3,0.0002777777777777778,0.05251458738538483,0.5971317,6.1130524,1
0,PN2,CH1,2025-06-17 12:00:00,2025-06-17,3,0.0,0.0,0.47847277,2.456009,16
1,PN2,CH2,2025-06-17 12:00:00,2025-06-17,3,0.0,0.0486246179494304,1.0258495,6.761551,1
0,PN2,CH1,2025-06-17 13:00:00,2025-06-17,3,0.0,0.0008335648791330926,0.98721534,21.41919,82
1,PN2,CH2,2025-06-17 13:00:00,2025-06-17,3,0.0,0.03917754931925535,1.2755984,13.141632,6
0,PN2,CH1,2025-06-17 14:00:00,2025-06-17,3,0.0,0.0,0.76787096,3.2448769,27
1,PN2,CH2,2025-06-17 14:00:00,2025-06-17,3,0.0,0.041956098916365654,0.90539926,7.009506,6
0,PN2,CH1,2025-06-17 15:00:00,2025-06-17,3,0.0,0.0002778549597110308,0.29209843,3.0653925,20
1,PN2,CH2,2025-06-17 15:00:00,2025-06-17,3,0.0,0.04918032786885246,1.2217065,7.8582764,4
0,PN2,CH1,2025-06-17 16:00:00,2025-06-17,3,0.0,0.0005557099194220616,0.2354243,1.7557292,21
1,PN2,CH2,2025-06-17 16:00:00,2025-06-17,3,0.0,0.05279244234509586,0.7936975,5.5122375,5
0,PN2,CH1,2025-06-17 17:00:00,2025-06-17,3,0.0,0.0002778549597110308,0.47710305,2.6553125,14
1,PN2,CH2,2025-06-17 17:00:00,2025-06-17,3,0.0,0.053348152264517924,0.70698905,3.8719177,1
0,PN2,CH1,2025-06-17 18:00:00,2025-06-17,3,0.0,0.0002778549597110308,1.3061943,4.6234207,13
1,PN2,CH2,2025-06-17 18:00:00,2025-06-17,3,0.0,0.0486246179494304,1.7129508,8.230209,42
0,PN2,CH1,2025-06-17 19:00:00,2025-06-17,3,0.0,0.0011114198388441233,0.5220451,3.0855093,1
1,PN2,CH2,2025-06-17 19:00:00,2025-06-17,3,0.0,0.04251180883578772,1.2053971,6.580353,29
0,PN2,CH1,2025-06-17 20:00:00,2025-06-17,3,0.0,0.0008335648791330926,0.51899713,3.0944862,2
1,PN2,CH2,2025-06-17 20:00:00,2025-06-17,3,0.0,0.051681022506251735,2.039001,8.945465,15
0,PN2,CH1,2025-06-17 21:00:00,2025-06-17,3,0.0,0.0002778549597110308,1.6992983,4.90483,0
1,PN2,CH2,2025-06-17 21:00:00,2025-06-17,3,0.0,0.05029174770769658,0.76886487,7.6770782,5
0,PN2,CH1,2025-06-17 22:00:00,2025-06-17,3,0.0,0.0002778549597110308,1.2378198,4.3281164,2
1,PN2,CH2,2025-06-17 22:00:00,2025-06-17,3,0.0,0.044734648513475965,0.93254304,6.904602,7
0,PN2,CH1,2025-06-17 23:00:00,2025-06-17,3,0.0,0.0008335648791330926,0.121269666,0.8457155,1
1,PN2,CH2,2025-06-17 23:00:00,2025-06-17,3,0.0,0.05723812170047236,0.76656944,3.6144257,1
0,PN2,CH1,2025-06-18 00:00:01,2025-06-18,3,0.0002777777777777778,0.0013892747985551543,0.15731545,0.8873644,0
1,PN2,CH2,2025-06-18 00:00:01,2025-06-18,3,0.0002777777777777778,0.07140872464573493,0.5774395,2.8800964,2
0,PN2,CH1,2025-06-18 01:00:00,2025-06-18,3,0.0,0.0,0.32547733,1.9913168,2
1,PN2,CH2,2025-06-18 01:00:00,2025-06-18,3,0.0,0.0775215337593776,0.71254635,5.865097,4
0,PN2,CH1,2025-06-18 02:00:00,2025-06-18,3,0.0,0.0013892747985551543,0.3763333,1.3534718,2
1,PN2,CH2,2025-06-18 02:00:00,2025-06-18,3,0.0,0.0955821061405946,0.31440473,1.6021729,0
0,PN2,CH1,2025-06-18 03:00:00,2025-06-18,3,0.0,0.0005557099194220616,0.15017945,0.6775551,2
1,PN2,CH2,2025-06-18 03:00:00,2025-06-18,3,0.0,0.10336204501250347,0.4957224,3.9863586,2
0,PN2,CH1,2025-06-18 04:00:00,2025-06-18,3,0.0,0.001944984717977216,0.74904484,2.2606926,0
1,PN2,CH2,2025-06-18 04:00:00,2025-06-18,3,0.0,0.063073075854404,0.4489101,2.4223328,1
0,PN2,CH1,2025-06-18 05:00:00,2025-06-18,3,0.0,0.0008335648791330926,0.87503064,10.156483,27
1,PN2,CH2,2025-06-18 05:00:00,2025-06-18,3,0.0,0.04334537371492081,0.751806,4.8160553,2
0,PN2,CH1,2025-06-18 06:00:00,2025-06-18,3,0.0,0.0002778549597110308,0.29285273,2.7279558,5
1,PN2,CH2,2025-06-18 06:00:00,2025-06-18,3,0.0,0.038343984440122256,1.5820825,5.2833557,1
0,PN2,CH1,2025-06-18 07:00:00,2025-06-18,3,0.0,0.0005557099194220616,1.1256309,4.304387,8
1,PN2,CH2,2025-06-18 07:00:00,2025-06-18,3,0.0,0.06223951097527091,1.2836834,6.828308,5
0,PN2,CH1,2025-06-18 08:00:00,2025-06-18,3,0.0,0.0,1.0466459,3.9344282,6
1,PN2,CH2,2025-06-18 08:00:00,2025-06-18,3,0.0,0.05779383161989442,1.7632476,9.92775,4
0,PN2,CH1,2025-06-18 09:00:00,2025-06-18,3,0.0,0.0,1.007362,7.8947477,46
1,PN2,CH2,2025-06-18 09:00:00,2025-06-18,3,0.0,0.05890525145873854,0.9237379,9.880066,53
0,PN2,CH1,2025-06-18 10:00:00,2025-06-18,3,0.0,0.0011114198388441233,0.59720296,3.165677,12
1,PN2,CH2,2025-06-18 10:00:00,2025-06-18,3,0.0,0.040566824117810506,1.7923074,9.899139,46
0,PN2,CH1,2025-06-18 11:00:00,2025-06-18,3,0.0,0.0,0.8067267,3.9535017,21
1,PN2,CH2,2025-06-18 11:00:00,2025-06-18,3,0.0,0.05640455682133926,1.3648508,13.990402,75
0,PN2,CH1,2025-06-18 12:00:00,2025-06-18,3,0.0,0.0002778549597110308,0.35691044,2.1632018,45
1,PN2,CH2,2025-06-18 12:00:00,2025-06-18,3,0.0,0.0477910530702973,1.4442554,15.325546,57
0,PN2,CH1,2025-06-18 13:00:00,2025-06-18,3,0.0,0.0002778549597110308,1.0901766,11.217483,74
1,PN2,CH2,2025-06-18 13:00:00,2025-06-18,3,0.0,0.040566824117810506,0.9628195,13.2751465,44
0,PN2,CH1,2025-06-18 14:00:00,2025-06-18,3,0.0,0.0,0.43124676,3.0839438,41
1,PN2,CH2,2025-06-18 14:00:00,2025-06-18,3,0.0,0.04167824395665463,1.1333665,11.758804,9
0,PN2,CH1,2025-06-18 15:00:00,2025-06-18,3,0.0,0.0,0.67067957,3.462658,42
1,PN2,CH2,2025-06-18 15:00:00,2025-06-18,3,0.0,0.05029174770769658,0.9481718,5.054474,3
0,PN2,CH1,2025-06-18 16:00:00,2025-06-18,3,0.0,0.0008335648791330926,0.3878451,3.7818031,24
1,PN2,CH2,2025-06-18 16:00:00,2025-06-18,3,0.0,0.06279522089469297,1.1078213,5.79834,3
0,PN2,CH1,2025-06-18 17:00:00,2025-06-18,3,0.0,0.0002778549597110308,0.43023044,2.2356958,8
1,PN2,CH2,2025-06-18 17:00:00,2025-06-18,3,0.0,0.05529313698249514,0.8520871,5.5122375,1
0,PN2,CH1,2025-06-18 18:00:00,2025-06-18,3,0.0,0.0005557099194220616,1.1513282,4.624874,11
1,PN2,CH2,2025-06-18 18:00:00,2025-06-18,3,0.0,0.05362600722422895,2.0697825,10.967255,5
0,PN2,CH1,2025-06-18 19:00:00,2025-06-18,3,0.0,0.0,0.90214,4.325286,15
1,PN2,CH2,2025-06-18 19:00:00,2025-06-18,3,0.0,0.05696026674076132,0.8777486,5.9509277,3
0,PN2,CH1,2025-06-18 20:00:00,2025-06-18,3,0.0,0.0008335648791330926,0.9481089,4.9845505,8
1,PN2,CH2,2025-06-18 20:00:00,2025-06-18,3,0.0,0.04167824395665463,1.9689155,10.070801,3
0,PN2,CH1,2025-06-18 21:00:00,2025-06-18,3,0.0,0.0008335648791330926,1.9831021,5.512349,3
1,PN2,CH2,2025-06-18 21:00:00,2025-06-18,3,0.0,0.037232564601278134,0.9542447,4.8065186,1
0,PN2,CH1,2025-06-18 22:00:00,2025-06-18,3,0.0,0.0008335648791330926,1.2322417,7.5368586,40
1,PN2,CH2,2025-06-18 22:00:00,2025-06-18,3,0.0,0.03862183939983329,4.7935333,65.70816,25
0,PN2,CH1,2025-06-18 23:00:00,2025-06-18,3,0.0,0.0002778549597110308,0.7402007,3.1323738,3
1,PN2,CH2,2025-06-18 23:00:00,2025-06-18,3,0.0,0.044178938594053904,0.86443335,4.014969,0
0,PN2,CH1,2025-06-19 00:00:00,2025-06-19,1,0.0,0.0,0.31544304,1.5001755,30
1,PN2,CH2,2025-06-19 00:00:00,2025-06-19,1,0.0,0.04723534315087524,1.7533381,7.2288513,0
0,PN2,CH1,2025-06-19 01:00:00,2025-06-19,1,0.0,0.0008335648791330926,0.3474356,2.1615257,43
1,PN2,CH2,2025-06-19 01:00:00,2025-06-19,1,0.0,0.041122534037232567,1.6973234,6.093979,1
0,PN2,CH1,2025-06-19 02:00:00,2025-06-19,1,0.0,0.0016671297582661851,0.33743432,2.9135494,53
1,PN2,CH2,2025-06-19 02:00:00,2025-06-19,1,0.0,0.04028896915809947,0.7473703,3.0136108,0
0,PN2,CH1,2025-06-19 03:00:00,2025-06-19,1,0.0,0.0005557099194220616,0.22590263,1.1993942,86
1,PN2,CH2,2025-06-19 03:00:00,2025-06-19,1,0.0,0.038343984440122256,0.68205225,3.0517578,0
0,PN2,CH1,2025-06-19 04:00:00,2025-06-19,1,0.0,0.0005557099194220616,0.29215863,1.6281757,72
1,PN2,CH2,2025-06-19 04:00:00,2025-06-19,1,0.0,0.03167546540705751,2.4824634,9.393692,0
0,PN2,CH1,2025-06-19 05:00:00,2025-06-19,1,0.0,0.0013892747985551543,0.26226977,1.5959892,18
1,PN2,CH2,2025-06-19 05:00:00,2025-06-19,1,0.0,0.02917477076965824,2.1611595,10.643005,2
0,PN2,CH1,2025-06-19 06:00:00,2025-06-19,1,0.0,0.0002778549597110308,0.2740567,1.8470001,8
1,PN2,CH2,2025-06-19 06:00:00,2025-06-19,1,0.0,0.0225062517365935,0.4888745,3.2424927,2
0,PN2,CH1,2025-06-19 07:00:00,2025-06-19,1,0.0,0.0,1.6482292,6.2095375,14
1,PN2,CH2,2025-06-19 07:00:00,2025-06-19,1,0.0,0.03278688524590164,1.7715484,6.837845,2
0,PN2,CH1,2025-06-19 08:00:00,2025-06-19,1,0.0,0.0,1.0528927,4.437043,14
1,PN2,CH2,2025-06-19 08:00:00,2025-06-19,1,0.0,0.04556821339260906,3.1882331,10.766983,3
0,PN2,CH1,2025-06-19 09:00:00,2025-06-19,1,0.0,0.0002778549597110308,0.90403235,3.9275732,34
1,PN2,CH2,2025-06-19 09:00:00,2025-06-19,1,0.0,0.04640177827174215,2.0756862,14.820099,4
0,PN2,CH1,2025-06-19 10:00:00,2025-06-19,1,0.0,0.0005557099194220616,0.91454804,4.7149124,40
1,PN2,CH2,2025-06-19 10:00:00,2025-06-19,1,0.0,0.03223117532647958,41.216076,449.78143,225
0,PN2,CH1,2025-06-19 11:00:00,2025-06-19,1,0.0,0.0,22.330307,202.085,564
1,PN2,CH2,2025-06-19 11:00:00,2025-06-19,1,0.0,0.02639622117254793,85.437065,503.39697,625
0,PN2,CH1,2025-06-19 12:00:00,2025-06-19,1,0.0,0.0005557099194220616,2.11922,38.29345,126
1,PN2,CH2,2025-06-19 12:00:00,2025-06-19,1,0.0,0.028341205890525144,25.592878,248.37494,128
0,PN2,CH1,2025-06-19 13:00:00,2025-06-19,1,0.0,0.0,0.8882439,7.385388,118
1,PN2,CH2,2025-06-19 13:00:00,2025-06-19,1,0.0,0.025840511253125868,7.420801,51.689148,306
0,PN2,CH1,2025-06-19 14:00:00,2025-06-19,1,0.0,0.0008335648791330926,0.43038628,4.583746,78
1,PN2,CH2,2025-06-19 14:00:00,2025-06-19,1,0.0,0.03056404556821339,5.03351,42.54341,121
0,PN2,CH1,2025-06-19 15:00:00,2025-06-19,1,0.0,0.0,0.594769,3.1058493,44
1,PN2,CH2,2025-06-19 15:00:00,2025-06-19,1,0.0,0.03667685468185607,1.4118671,9.851456,12
0,PN2,CH1,2025-06-19 16:00:00,2025-06-19,1,0.0,0.0002778549597110308,0.44611305,4.0890274,69
1,PN2,CH2,2025-06-19 16:00:00,2025-06-19,1,0.0,0.03667685468185607,3.8639443,55.322647,43
0,PN2,CH1,2025-06-19 17:00:00,2025-06-19,1,0.0,0.0002778549597110308,0.44741836,4.4670706,45
1,PN2,CH2,2025-06-19 17:00:00,2025-06-19,1,0.0,0.03306474020561267,7.1369934,88.25302,300
0,PN2,CH1,2025-06-19 18:00:00,2025-06-19,1,0.0,0.0,0.57018125,3.0076504,20
1,PN2,CH2,2025-06-19 18:00:00,2025-06-19,1,0.0,0.021672686857460405,6.688601,74.09096,149
0,PN2,CH1,2025-06-19 19:00:00,2025-06-19,1,0.0,0.0005557099194220616,0.5609462,3.5834684,23
1,PN2,CH2,2025-06-19 19:00:00,2025-06-19,1,0.0,0.025562656293414837,1.785682,38.85269,68
0,PN2,CH1,2025-06-19 20:00:00,2025-06-19,1,0.0,0.0008335648791330926,0.7581641,4.1064997,18
1,PN2,CH2,2025-06-19 20:00:00,2025-06-19,1,0.0,0.025006946373992776,2.0777702,31.661987,58
0,PN2,CH1,2025-06-19 21:00:00,2025-06-19,1,0.0,0.0002778549597110308,1.667377,7.52166,36
1,PN2,CH2,2025-06-19 21:00:00,2025-06-19,1,0.0,0.015559877743817728,1.8339561,44.298172,37
0,PN2,CH1,2025-06-19 22:00:00,2025-06-19,1,0.0,0.0008335648791330926,0.60484827,3.111661,20
1,PN2,CH2,2025-06-19 22:00:00,2025-06-19,1,0.0,0.01694915254237288,26.949505,209.39827,299
0,PN2,CH1,2025-06-19 23:00:00,2025-06-19,1,0.0002777777777777778,0.0008335648791330926,1.1671335,5.0692635,11
1,PN2,CH2,2025-06-19 23:00:00,2025-06-19,1,0.0002777777777777778,0.008891358710752986,32.971405,164.98566,1241
0,PN2,CH1,2025-06-20 00:00:00,2025-06-20,1,0.0,0.0013892747985551543,0.4206915,2.3178759,9
1,PN2,CH2,2025-06-20 00:00:00,2025-06-20,1,0.0,0.017504862461794942,2.8145025,44.765472,260
0,PN2,CH1,2025-06-20 01:00:00,2025-06-20,1,0.0,0.0002778549597110308,0.56497186,1.8201761,15
1,PN2,CH2,2025-06-20 01:00:00,2025-06-20,1,0.0,0.010280633509308142,5.011707,91.47644,911
0,PN2,CH1,2025-06-20 02:00:00,2025-06-20,1,0.0,0.0011114198388441233,0.63017285,4.0156765,8
1,PN2,CH2,2025-06-20 02:00:00,2025-06-20,1,0.0,0.02222839677688247,2.106571,135.86044,121
0,PN2,CH1,2025-06-20 03:00:00,2025-06-20,1,0.0,0.0008335648791330926,4.4534554,75.62734,245
1,PN2,CH2,2025-06-20 03:00:00,2025-06-20,1,0.0,0.004167824395665463,43.301266,640.92633,1547
0,PN2,CH1,2025-06-20 04:00:00,2025-06-20,1,0.0,0.0002778549597110308,6.827912,50.759018,2051
1,PN2,CH2,2025-06-20 04:00:00,2025-06-20,1,0.0,0.0,95.18273,579.9484,3088
0,PN2,CH1,2025-06-20 05:00:00,2025-06-20,1,0.0,0.0,5.9594994,89.15037,2701
1,PN2,CH2,2025-06-20 05:00:00,2025-06-20,1,0.0,0.0011114198388441233,33.035122,339.4127,3272
0,PN2,CH1,2025-06-20 06:00:00,2025-06-20,1,0.0,0.0002778549597110308,1.9186398,43.179916,2134
1,PN2,CH2,2025-06-20 06:00:00,2025-06-20,1,0.0,0.0008335648791330926,12.3947525,273.44702,3001
0,PN2,CH1,2025-06-20 07:00:00,2025-06-20,1,0.0,0.0,1.4388226,22.171288,1933
1,PN2,CH2,2025-06-20 07:00:00,2025-06-20,1,0.0,0.0008335648791330926,10.314564,237.27417,2858
0,PN2,CH1,2025-06-20 08:00:00,2025-06-20,1,0.0,0.0002778549597110308,0.9303448,5.4814663,543
1,PN2,CH2,2025-06-20 08:00:00,2025-06-20,1,0.0,0.0005557099194220616,8.100929,63.467026,2739
0,PN2,CH1,2025-06-20 09:00:00,2025-06-20,1,0.0,0.0,2.2533977,30.941517,504
1,PN2,CH2,2025-06-20 09:00:00,2025-06-20,1,0.0,0.0008335648791330926,54.55134,327.816,2849
0,PN2,CH1,2025-06-20 10:00:00,2025-06-20,1,0.0,0.0002778549597110308,0.97838986,17.364399,222
1,PN2,CH2,2025-06-20 10:00:00,2025-06-20,1,0.0,0.0011114198388441233,11.301572,441.8659,2755
0,PN2,CH1,2025-06-20 11:00:00,2025-06-20,1,0.0002777777777777778,0.0002778549597110308,0.6230216,8.129701,145
1,PN2,CH2,2025-06-20 11:00:00,2025-06-20,1,0.0002777777777777778,0.0016671297582661851,5.573605,167.26494,2736
0,PN2,CH1,2025-06-20 12:00:00,2025-06-20,1,0.0,0.0002778549597110308,1.1070575,5.9724603,85
1,PN2,CH2,2025-06-20 12:00:00,2025-06-20,1,0.0,0.0011114198388441233,3.854114,47.14966,2714
0,PN2,CH1,2025-06-20 13:00:00,2025-06-20,1,0.0,0.0,1.8460289,29.194841,323
1,PN2,CH2,2025-06-20 13:00:00,2025-06-20,1,0.0,0.0005557099194220616,6.317548,94.1658,2524
0,PN2,CH1,2025-06-20 14:00:00,2025-06-20,1,0.0,0.0,0.6963566,4.2983885,134
1,PN2,CH2,2025-06-20 14:00:00,2025-06-20,1,0.0,0.014170602945262572,6.1591253,34.065247,1120
0,PN2,CH1,2025-06-20 15:00:00,2025-06-20,1,0.0,0.0002778549597110308,0.5498032,3.9522347,93
1,PN2,CH2,2025-06-20 15:00:00,2025-06-20,1,0.0,0.038899694359544316,3.138761,71.24901,23
0,PN2,CH1,2025-06-20 16:00:00,2025-06-20,1,0.0,0.0002778549597110308,0.34402972,1.9948931,29
1,PN2,CH2,2025-06-20 16:00:00,2025-06-20,1,0.0,0.03528757988330092,1.6112447,7.839203,7
0,PN2,CH1,2025-06-20 17:00:00,2025-06-20,1,0.0,0.0002778549597110308,0.40764353,5.544797,47
1,PN2,CH2,2025-06-20 17:00:00,2025-06-20,1,0.0,0.03445401500416782,2.0464284,7.0381165,0
0,PN2,CH1,2025-06-20 18:00:00,2025-06-20,1,0.0,0.0002778549597110308,0.68506753,3.347434,38
1,PN2,CH2,2025-06-20 18:00:00,2025-06-20,1,0.0,0.04945818282856349,1.5901499,7.801056,0
0,PN2,CH1,2025-06-20 19:00:00,2025-06-20,1,0.0,0.0002778549597110308,0.52562577,2.5089083,32
1,PN2,CH2,2025-06-20 19:00:00,2025-06-20,1,0.0,0.04640177827174215,1.471226,5.493164,0
0,PN2,CH1,2025-06-20 20:00:00,2025-06-20,1,0.0,0.0002778549597110308,0.83277506,4.3706236,7
1,PN2,CH2,2025-06-20 20:00:00,2025-06-20,1,0.0,0.03973325923867741,1.1865294,4.491806,2
0,PN2,CH1,2025-06-20 21:00:00,2025-06-20,1,0.0,0.0002778549597110308,3.074138,13.801232,54
1,PN2,CH2,2025-06-20 21:00:00,2025-06-20,1,0.0,0.024451236454570716,1.3540174,5.6171417,1
0,PN2,CH1,2025-06-20 22:00:00,2025-06-20,1,0.0,0.0002778549597110308,0.68260115,7.0069733,42
1,PN2,CH2,2025-06-20 22:00:00,2025-06-20,1,0.0,0.026951931091969993,0.48516724,3.0994415,1
0,PN2,CH1,2025-06-20 23:00:00,2025-06-20,1,0.0002777777777777778,0.0005557099194220616,0.27111286,3.0626354,3
1,PN2,CH2,2025-06-20 23:00:00,2025-06-20,1,0.0002777777777777778,0.03056404556821339,0.8440882,3.2806396,0
0,PN2,CH1,2025-06-21 00:00:00,2025-06-21,1,0.0,0.0005557099194220616,0.13930613,1.0029602,4
1,PN2,CH2,2025-06-21 00:00:00,2025-06-21,1,0.0,0.03584328980272298,0.42425498,1.7356873,0
0,PN2,CH1,2025-06-21 01:00:00,2025-06-21,1,0.0,0.0002778549597110308,0.48198178,2.0311775,1
1,PN2,CH2,2025-06-21 01:00:00,2025-06-21,1,0.0,0.040566824117810506,1.0077374,3.33786,0
0,PN2,CH1,2025-06-21 02:00:00,2025-06-21,1,0.0,0.0008335648791330926,0.18797527,3.1349068,6
1,PN2,CH2,2025-06-21 02:00:00,2025-06-21,1,0.0,0.04278966379549875,1.220162,4.7302246,1
0,PN2,CH1,2025-06-21 03:00:00,2025-06-21,1,0.0,0.0005557099194220616,0.26288077,1.2768803,1
1,PN2,CH2,2025-06-21 03:00:00,2025-06-21,1,0.0,0.05279244234509586,0.3280546,1.6403198,0
0,PN2,CH1,2025-06-21 04:00:00,2025-06-21,1,0.0,0.0002778549597110308,0.29083073,2.4025888,5
1,PN2,CH2,2025-06-21 04:00:00,2025-06-21,1,0.0,0.03306474020561267,0.3629188,1.7929077,0
0,PN2,CH1,2025-06-21 05:00:00,2025-06-21,1,0.0,0.0005557099194220616,0.19804896,1.8131361,4
1,PN2,CH2,2025-06-21 05:00:00,2025-06-21,1,0.0,0.02889691580994721,0.6973923,5.3691864,0
0,PN2,CH1,2025-06-21 06:00:00,2025-06-21,1,0.0,0.0005557099194220616,0.20286855,1.1109562,9
1,PN2,CH2,2025-06-21 06:00:00,2025-06-21,1,0.0,0.03056404556821339,0.50676644,2.0694733,0
0,PN2,CH1,2025-06-21 07:00:00,2025-06-21,1,0.0,0.0005557099194220616,1.485886,6.9982557,8
1,PN2,CH2,2025-06-21 07:00:00,2025-06-21,1,0.0,0.037232564601278134,0.87258494,4.7683716,0
0,PN2,CH1,2025-06-21 08:00:00,2025-06-21,1,0.0,0.0,2.1999977,14.360622,40
1,PN2,CH2,2025-06-21 08:00:00,2025-06-21,1,0.0,0.05195887746596277,2.712883,8.649826,4
0,PN2,CH1,2025-06-21 09:00:00,2025-06-21,1,0.0,0.0005557099194220616,1.4712204,5.36032,36
1,PN2,CH2,2025-06-21 09:00:00,2025-06-21,1,0.0,0.05834954153931648,1.0943956,4.749298,2
0,PN2,CH1,2025-06-21 10:00:00,2025-06-21,1,0.0,0.0002778549597110308,0.91097087,4.902855,42
1,PN2,CH2,2025-06-21 10:00:00,2025-06-21,1,0.0,0.06001667129758266,3.538397,12.9032135,4
0,PN2,CH1,2025-06-21 11:00:00,2025-06-21,1,0.0,0.0002778549597110308,0.58540523,3.5709896,48
1,PN2,CH2,2025-06-21 11:00:00,2025-06-21,1,0.0,0.06335093081411503,0.4044331,2.9468536,1
0,PN2,CH1,2025-06-21 12:00:01,2025-06-21,1,0.0002777777777777778,0.0002778549597110308,0.7285083,3.9600577,68
1,PN2,CH2,2025-06-21 12:00:01,2025-06-21,1,0.0002777777777777778,0.06557377049180328,0.904851,4.711151,1
0,PN2,CH1,2025-06-21 13:00:00,2025-06-21,1,0.0,0.0,0.87650627,5.1994247,184
1,PN2,CH2,2025-06-21 13:00:00,2025-06-21,1,0.0,0.058071686579605444,0.8558579,4.2152405,0
0,PN2,CH1,2025-06-21 14:00:00,2025-06-21,1,0.0,0.0,1.144058,7.812455,122
1,PN2,CH2,2025-06-21 14:00:00,2025-06-21,1,0.0,0.06196165601555988,1.1326522,5.607605,0
0,PN2,CH1,2025-06-21 15:00:00,2025-06-21,1,0.0,0.0,0.53824604,3.3510475,40
1,PN2,CH2,2025-06-21 15:00:00,2025-06-21,1,0.0,0.07418727424284524,2.094474,8.525848,0
0,PN2,CH1,2025-06-21 16:00:00,2025-06-21,1,0.0,0.0002778549597110308,0.39617524,2.6181345,24
1,PN2,CH2,2025-06-21 16:00:00,2025-06-21,1,0.0,0.08446790775215338,2.1663973,6.570816,0
0,PN2,CH1,2025-06-21 17:00:00,2025-06-21,1,0.0,0.0002778549597110308,0.41167113,5.062558,43
1,PN2,CH2,2025-06-21 17:00:00,2025-06-21,1,0.0,0.09030286190608502,0.987433,4.3296814,0
0,PN2,CH1,2025-06-21 18:00:00,2025-06-21,1,0.0,0.0002778549597110308,0.7826658,3.9347258,25
1,PN2,CH2,2025-06-21 18:00:00,2025-06-21,1,0.0,0.1386496248958044,0.83129436,3.0517578,0
0,PN2,CH1,2025-06-21 19:00:00,2025-06-21,1,0.0,0.0008335648791330926,0.5708228,3.145337,24
1,PN2,CH2,2025-06-21 19:00:00,2025-06-21,1,0.0,0.12392331203111975,2.2831886,9.422302,5
0,PN2,CH1,2025-06-21 20:00:00,2025-06-21,1,0.0,0.0,0.842652,4.167817,6
1,PN2,CH2,2025-06-21 20:00:00,2025-06-21,1,0.0,0.06251736593498194,1.0990521,4.4441223,0
0,PN2,CH1,2025-06-21 21:00:00,2025-06-21,1,0.0,0.0008335648791330926,1.8813491,6.0283394,4
1,PN2,CH2,2025-06-21 21:00:00,2025-06-21,1,0.0,0.059183106418449566,0.6708769,4.005432,8
0,PN2,CH1,2025-06-21 22:00:00,2025-06-21,1,0.0,0.0,1.0892301,7.981285,56
1,PN2,CH2,2025-06-21 22:00:00,2025-06-21,1,0.0,0.048346762989719363,0.8145885,5.0258636,6
0,PN2,CH1,2025-06-21 23:00:00,2025-06-21,1,0.016666666666666666,0.0008335648791330926,0.9230905,2.868064,3
1,PN2,CH2,2025-06-21 23:00:00,2025-06-21,1,0.016666666666666666,0.0783550986385107,2.6124828,11.138916,7
2,PN5,CH1,2025-06-04 00:00:00,2025-06-04,0,0.0,0.0,0.38347295,1.7677612,1
3,PN5,CH2,2025-06-04 00:00:00,2025-06-04,0,0.0,0.0002778549597110308,0.83298063,5.8419266,0
2,PN5,CH1,2025-06-04 01:00:00,2025-06-04,0,0.0,0.0002778549597110308,0.72657114,3.2128391,4
3,PN5,CH2,2025-06-04 01:00:00,2025-06-04,0,0.0,0.0002778549597110308,0.29343545,1.2732658,0
2,PN5,CH1,2025-06-04 02:00:00,2025-06-04,0,0.0,0.0,0.35068622,1.8800049,0
3,PN5,CH2,2025-06-04 02:00:00,2025-06-04,0,0.0,0.0002778549597110308,0.11481407,0.63456726,0
2,PN5,CH1,2025-06-04 03:00:00,2025-06-04,0,0.0,0.0002778549597110308,0.23660779,1.175478,0
3,PN5,CH2,2025-06-04 03:00:00,2025-06-04,0,0.0,0.0002778549597110308,0.625399,2.769867,0
2,PN5,CH1,2025-06-04 04:00:00,2025-06-04,0,0.0,0.0002778549597110308,0.7518201,3.0473614,0
3,PN5,CH2,2025-06-04 04:00:00,2025-06-04,0,0.0,0.0,0.33293185,1.6173744,0
2,PN5,CH1,2025-06-04 05:00:00,2025-06-04,0,0.0,0.0,1.3715754,4.569702,0
3,PN5,CH2,2025-06-04 05:00:00,2025-06-04,0,0.0,0.0,1.0305512,3.6719055,0
2,PN5,CH1,2025-06-04 06:00:00,2025-06-04,0,0.0,0.0,0.8318434,3.6709023,0
3,PN5,CH2,2025-06-04 06:00:00,2025-06-04,0,0.0,0.0,0.469022,2.4440155,0
2,PN5,CH1,2025-06-04 07:00:00,2025-06-04,0,0.0,0.0,0.92710257,16.871243,30
3,PN5,CH2,2025-06-04 07:00:00,2025-06-04,0,0.0,0.0,4.0622153,56.66189,18
2,PN5,CH1,2025-06-04 08:00:00,2025-06-04,0,0.0,0.0002778549597110308,1.3647097,5.9571114,16
3,PN5,CH2,2025-06-04 08:00:00,2025-06-04,0,0.0,0.0,2.2064538,8.341408,1
2,PN5,CH1,2025-06-04 09:00:00,2025-06-04,0,0.0,0.0,0.7494591,3.3528366,0
3,PN5,CH2,2025-06-04 09:00:00,2025-06-04,0,0.0,0.0002778549597110308,0.45664313,2.069584,0
2,PN5,CH1,2025-06-04 10:00:00,2025-06-04,0,0.0,0.0,1.0822337,4.5081596,16
3,PN5,CH2,2025-06-04 10:00:00,2025-06-04,0,0.0,0.0005557099194220616,7.9685764,21.20905,0
2,PN5,CH1,2025-06-04 11:00:00,2025-06-04,0,0.0,0.0,0.75477105,3.8416672,1
3,PN5,CH2,2025-06-04 11:00:00,2025-06-04,0,0.0,0.0008335648791330926,1.6372243,6.758049,0
2,PN5,CH1,2025-06-04 12:00:00,2025-06-04,0,0.0,0.0,1.1716466,5.356819,0
3,PN5,CH2,2025-06-04 12:00:00,2025-06-04,0,0.0,0.0,3.7454257,12.349487,0
2,PN5,CH1,2025-06-04 13:00:00,2025-06-04,0,0.0,0.0,1.2500275,5.9489536,0
3,PN5,CH2,2025-06-04 13:00:00,2025-06-04,0,0.0,0.0,2.3374023,9.664667,0
2,PN5,CH1,2025-06-04 14:00:00,2025-06-04,0,0.0,0.0,1.3350898,6.750971,0
3,PN5,CH2,2025-06-04 14:00:00,2025-06-04,0,0.0,0.0002778549597110308,3.124291,19.963682,0
2,PN5,CH1,2025-06-04 15:00:00,2025-06-04,0,0.0,0.0005557099194220616,1.3374475,5.8556347,0
3,PN5,CH2,2025-06-04 15:00:00,2025-06-04,0,0.0,0.0,4.2469797,16.822369,0
2,PN5,CH1,2025-06-04 16:00:00,2025-06-04,0,0.0,0.0005557099194220616,1.3920085,5.901531,0
3,PN5,CH2,2025-06-04 16:00:00,2025-06-04,0,0.0,0.0,1.7925314,6.0016294,0
2,PN5,CH1,2025-06-04 17:00:00,2025-06-04,0,0.0,0.0002778549597110308,0.9487849,4.4240055,0
3,PN5,CH2,2025-06-04 17:00:00,2025-06-04,0,0.0,0.0002778549597110308,2.6091392,8.702427,0
2,PN5,CH1,2025-06-04 18:00:00,2025-06-04,0,0.0,0.0002778549597110308,2.4916012,10.189302,0
3,PN5,CH2,2025-06-04 18:00:00,2025-06-04,0,0.0,0.0,3.5542123,12.167543,0
2,PN5,CH1,2025-06-04 19:00:00,2025-06-04,0,0.0,0.0002778549597110308,1.0414443,4.0078907,0
3,PN5,CH2,2025-06-04 19:00:00,2025-06-04,0,0.0,0.0,4.326908,14.494209,0
2,PN5,CH1,2025-06-04 20:00:00,2025-06-04,0,0.0,0.0002778549597110308,1.0212168,4.4746704,0
3,PN5,CH2,2025-06-04 20:00:00,2025-06-04,0,0.0,0.0008335648791330926,0.5190595,2.1033726,0
2,PN5,CH1,2025-06-04 21:00:00,2025-06-04,0,0.0,0.0,2.129554,7.9038754,0
3,PN5,CH2,2025-06-04 21:00:00,2025-06-04,0,0.0,0.0,2.248811,13.354942,8
2,PN5,CH1,2025-06-04 22:00:00,2025-06-04,0,0.0,0.0008335648791330926,0.6876734,3.0661755,0
3,PN5,CH2,2025-06-04 22:00:00,2025-06-04,0,0.0,0.0,1.1589406,3.6511936,0
2,PN5,CH1,2025-06-04 23:00:00,2025-06-04,0,0.0002777777777777778,0.0,0.47689912,1.8642101,0
3,PN5,CH2,2025-06-04 23:00:00,2025-06-04,0,0.0002777777777777778,0.0002778549597110308,0.7080589,2.1097794,0
2,PN5,CH1,2025-06-05 00:00:00,2025-06-05,0,0.0,0.0002778549597110308,0.67875236,2.7961292,1
3,PN5,CH2,2025-06-05 00:00:00,2025-06-05,0,0.0,0.0,2.4032536,6.6435337,0
2,PN5,CH1,2025-06-05 01:00:00,2025-06-05,0,0.0,0.0,0.4695968,2.3879108,0
3,PN5,CH2,2025-06-05 01:00:00,2025-06-05,0,0.0,0.0002778549597110308,1.0091742,3.939084,0
2,PN5,CH1,2025-06-05 02:00:00,2025-06-05,0,0.0,0.0002778549597110308,0.2924542,1.3200569,0
3,PN5,CH2,2025-06-05 02:00:00,2025-06-05,0,0.0,0.0,0.9849394,6.9649525,3
2,PN5,CH1,2025-06-05 03:00:00,2025-06-05,0,0.0,0.0005557099194220616,1.2623855,4.438162,0
3,PN5,CH2,2025-06-05 03:00:00,2025-06-05,0,0.0,0.0,1.1645657,4.0142984,0
2,PN5,CH1,2025-06-05 04:00:00,2025-06-05,0,0.0,0.0,0.55020046,2.4298573,0
3,PN5,CH2,2025-06-05 04:00:00,2025-06-05,0,0.0,0.0,0.62002057,4.4745207,1
2,PN5,CH1,2025-06-05 05:00:00,2025-06-05,0,0.0,0.0,1.2394332,4.4976177,0
3,PN5,CH2,2025-06-05 05:00:00,2025-06-05,0,0.0,0.0,0.6500496,3.133267,0
2,PN5,CH1,2025-06-05 06:00:00,2025-06-05,0,0.0,0.0002778549597110308,0.52739877,3.3896427,0
3,PN5,CH2,2025-06-05 06:00:00,2025-06-05,0,0.0,0.0002778549597110308,1.0016211,3.6605453,0
2,PN5,CH1,2025-06-05 07:00:00,2025-06-05,0,0.0,0.0,1.5785393,6.2529755,2
3,PN5,CH2,2025-06-05 07:00:00,2025-06-05,0,0.0,0.0,2.202528,8.393303,0
2,PN5,CH1,2025-06-05 08:00:00,2025-06-05,0,0.0,0.0,1.2002549,32.847076,43
3,PN5,CH2,2025-06-05 08:00:00,2025-06-05,0,0.0,0.0002778549597110308,1.5039005,6.1562657,1
2,PN5,CH1,2025-06-05 09:00:00,2025-06-05,0,0.0,0.0002778549597110308,1.8699534,6.106125,1
3,PN5,CH2,2025-06-05 09:00:00,2025-06-05,0,0.0,0.0002778549597110308,0.96296513,4.9347434,0
2,PN5,CH1,2025-06-05 10:00:00,2025-06-05,0,0.0,0.0005557099194220616,1.4517511,5.3439674,0
3,PN5,CH2,2025-06-05 10:00:00,2025-06-05,0,0.0,0.0002778549597110308,2.6152296,8.554161,0
2,PN5,CH1,2025-06-05 11:00:00,2025-06-05,0,0.0,0.0002778549597110308,0.6605392,3.863388,0
3,PN5,CH2,2025-06-05 11:00:00,2025-06-05,0,0.0,0.0,0.5434659,3.1246996,0
2,PN5,CH1,2025-06-05 12:00:00,2025-06-05,0,0.0,0.0002778549597110308,2.3098738,8.30587,0
3,PN5,CH2,2025-06-05 12:00:00,2025-06-05,0,0.0,0.0002778549597110308,6.521017,19.158348,0
2,PN5,CH1,2025-06-05 13:00:00,2025-06-05,0,0.0,0.0,3.0882335,32.06879,229
3,PN5,CH2,2025-06-05 13:00:00,2025-06-05,0,0.0,0.0002778549597110308,10.401968,56.191605,11
2,PN5,CH1,2025-06-05 14:00:00,2025-06-05,0,0.0,0.0,10.381052,109.51855,164
3,PN5,CH2,2025-06-05 14:00:00,2025-06-05,0,0.0,0.0002778549597110308,1.7968498,18.609165,17
2,PN5,CH1,2025-06-05 15:00:00,2025-06-05,0,0.0,0.0002778549597110308,3.0560205,9.449645,1
3,PN5,CH2,2025-06-05 15:00:00,2025-06-05,0,0.0,0.0,0.6406836,3.3627825,0
2,PN5,CH1,2025-06-05 16:00:00,2025-06-05,0,0.0,0.0005557099194220616,2.4234068,8.548201,0
3,PN5,CH2,2025-06-05 16:00:00,2025-06-05,0,0.0,0.0011114198388441233,1.3384999,5.9847536,0
2,PN5,CH1,2025-06-05 17:00:00,2025-06-05,0,0.0,0.0002778549597110308,1.6737093,5.9136004,0
3,PN5,CH2,2025-06-05 17:00:00,2025-06-05,0,0.0,0.0002778549597110308,5.1275587,15.767068,0
2,PN5,CH1,2025-06-05 18:00:00,2025-06-05,0,0.0,0.0,0.79744005,3.561489,0
3,PN5,CH2,2025-06-05 18:00:00,2025-06-05,0,0.0,0.0002778549597110308,0.88056856,3.8450584,0
2,PN5,CH1,2025-06-05 19:00:00,2025-06-05,0,0.0,0.0008335648791330926,1.2333139,5.0209465,0
3,PN5,CH2,2025-06-05 19:00:00,2025-06-05,0,0.0,0.0002778549597110308,0.37952715,2.2605057,1
2,PN5,CH1,2025-06-05 20:00:00,2025-06-05,0,0.0,0.0,1.0160409,6.438047,0
3,PN5,CH2,2025-06-05 20:00:00,2025-06-05,0,0.0,0.0,2.4026532,8.948893,0
2,PN5,CH1,2025-06-05 21:00:00,2025-06-05,0,0.0,0.0,0.6082412,2.196282,0
3,PN5,CH2,2025-06-05 21:00:00,2025-06-05,0,0.0,0.0,6.705509,20.598991,0
2,PN5,CH1,2025-06-05 22:00:00,2025-06-05,0,0.0,0.0005557099194220616,0.57656306,2.6518853,0
3,PN5,CH2,2025-06-05 22:00:00,2025-06-05,0,0.0,0.0,1.3111933,4.93981,0
2,PN5,CH1,2025-06-05 23:00:00,2025-06-05,0,0.0,0.0,0.7921439,2.7468057,0
3,PN5,CH2,2025-06-05 23:00:00,2025-06-05,0,0.0,0.0002778549597110308,2.5734124,8.749142,0
2,PN5,CH1,2025-06-06 00:00:01,2025-06-06,0,0.0002777777777777778,0.0,0.8137083,2.699308,0
3,PN5,CH2,2025-06-06 00:00:01,2025-06-06,0,0.0002777777777777778,0.0,1.6912329,5.458519,0
2,PN5,CH1,2025-06-06 01:00:00,2025-06-06,0,0.0,0.0,0.53794366,3.6824121,0
3,PN5,CH2,2025-06-06 01:00:00,2025-06-06,0,0.0,0.0,0.4981284,2.6695051,0
2,PN5,CH1,2025-06-06 02:00:00,2025-06-06,0,0.0,0.0,0.4951016,1.9207964,0
3,PN5,CH2,2025-06-06 02:00:00,2025-06-06,0,0.0,0.0,1.9944031,8.504391,0
2,PN5,CH1,2025-06-06 03:00:00,2025-06-06,0,0.0,0.0005557099194220616,0.8580145,3.1645603,0
3,PN5,CH2,2025-06-06 03:00:00,2025-06-06,0,0.0,0.0,1.8128722,7.5505304,0
2,PN5,CH1,2025-06-06 04:00:00,2025-06-06,0,0.0,0.0002778549597110308,0.49694434,2.1624193,0
3,PN5,CH2,2025-06-06 04:00:00,2025-06-06,0,0.0,0.0,4.755021,15.394798,0
2,PN5,CH1,2025-06-06 05:00:00,2025-06-06,0,0.0,0.0002778549597110308,0.48530635,2.6350832,0
3,PN5,CH2,2025-06-06 05:00:00,2025-06-06,0,0.0,0.0,1.7456992,7.724464,0
2,PN5,CH1,2025-06-06 06:00:00,2025-06-06,0,0.0,0.0005557099194220616,0.8454603,3.244133,0
3,PN5,CH2,2025-06-06 06:00:00,2025-06-06,0,0.0,0.0,3.9846745,12.218058,0
2,PN5,CH1,2025-06-06 07:00:00,2025-06-06,0,0.0,0.0,0.37243387,2.1449852,1
3,PN5,CH2,2025-06-06 07:00:00,2025-06-06,0,0.0,0.0008335648791330926,0.69845945,2.776161,0
2,PN5,CH1,2025-06-06 08:00:00,2025-06-06,0,0.0,0.0002778549597110308,1.5344626,6.4900894,1
3,PN5,CH2,2025-06-06 08:00:00,2025-06-06,0,0.0,0.0,1.2964411,7.174238,0
2,PN5,CH1,2025-06-06 09:00:00,2025-06-06,0,0.0,0.0002778549597110308,2.2996008,8.753464,0
3,PN5,CH2,2025-06-06 09:00:00,2025-06-06,0,0.0,0.0,1.3499161,7.3080883,0
2,PN5,CH1,2025-06-06 10:00:00,2025-06-06,0,0.0,0.0002778549597110308,0.8856161,4.0273366,2
3,PN5,CH2,2025-06-06 10:00:00,2025-06-06,0,0.0,0.0,2.2619755,7.727556,0
2,PN5,CH1,2025-06-06 11:00:00,2025-06-06,0,0.0,0.0,3.6908326,76.19046,95
3,PN5,CH2,2025-06-06 11:00:00,2025-06-06,0,0.0,0.0002778549597110308,4.713292,53.44592,26
2,PN5,CH1,2025-06-06 12:00:01,2025-06-06,0,0.0002777777777777778,0.0005557099194220616,2.8521175,9.502097,0
3,PN5,CH2,2025-06-06 12:00:01,2025-06-06,0,0.0002777777777777778,0.0002778549597110308,3.7523115,13.855398,0
2,PN5,CH1,2025-06-06 13:00:00,2025-06-06,0,0.0,0.0002778549597110308,0.45547208,2.478919,0
3,PN5,CH2,2025-06-06 13:00:00,2025-06-06,0,0.0,0.0,1.3241732,7.4484196,0
2,PN5,CH1,2025-06-06 14:00:00,2025-06-06,0,0.0,0.0008335648791330926,0.8731278,4.1032953,0
3,PN5,CH2,2025-06-06 14:00:00,2025-06-06,0,0.0,0.0,2.6878142,9.8312645,0
2,PN5,CH1,2025-06-06 15:00:00,2025-06-06,0,0.0,0.0002778549597110308,2.615252,9.303242,1
3,PN5,CH2,2025-06-06 15:00:00,2025-06-06,0,0.0,0.0,2.869782,11.870041,0
2,PN5,CH1,2025-06-06 16:00:00,2025-06-06,0,0.0,0.0002778549597110308,1.3985823,6.3154087,0
3,PN5,CH2,2025-06-06 16:00:00,2025-06-06,0,0.0,0.0005557099194220616,2.5672047,9.591951,0
2,PN5,CH1,2025-06-06 17:00:00,2025-06-06,0,0.0,0.0002778549597110308,2.0761912,7.0901585,0
3,PN5,CH2,2025-06-06 17:00:00,2025-06-06,0,0.0,0.0,1.1786891,5.840063,0
2,PN5,CH1,2025-06-06 18:00:00,2025-06-06,0,0.0,0.0005557099194220616,2.6700315,12.510791,8
3,PN5,CH2,2025-06-06 18:00:00,2025-06-06,0,0.0,0.0,2.7335129,10.709987,0
2,PN5,CH1,2025-06-06 19:00:00,2025-06-06,0,0.0,0.0002778549597110308,2.076096,6.5821037,1
3,PN5,CH2,2025-06-06 19:00:00,2025-06-06,0,0.0,0.0,3.8405504,14.847927,0
2,PN5,CH1,2025-06-06 20:00:00,2025-06-06,0,0.0,0.0002778549597110308,1.3980125,21.68741,29
3,PN5,CH2,2025-06-06 20:00:00,2025-06-06,0,0.0,0.0,0.51824445,2.3405995,0
2,PN5,CH1,2025-06-06 21:00:00,2025-06-06,0,0.0,0.0,1.2914785,5.487874,0
3,PN5,CH2,2025-06-06 21:00:00,2025-06-06,0,0.0,0.0,1.1208625,4.153922,0
2,PN5,CH1,2025-06-06 22:00:00,2025-06-06,0,0.0,0.0008335648791330926,0.4045433,1.8635397,0
3,PN5,CH2,2025-06-06 22:00:00,2025-06-06,0,0.0,0.0002778549597110308,4.887454,14.945715,0
2,PN5,CH1,2025-06-06 23:00:00,2025-06-06,0,0.0,0.0,0.39122903,1.6094751,0
3,PN5,CH2,2025-06-06 23:00:00,2025-06-06,0,0.0,0.0,1.4723209,4.8217926,0
2,PN5,CH1,2025-06-07 00:00:01,2025-06-07,3,0.0002777777777777778,0.0008335648791330926,0.1659326,0.82634354,0
3,PN5,CH2,2025-06-07 00:00:01,2025-06-07,3,0.0002777777777777778,0.0,0.6207617,2.1988897,0
2,PN5,CH1,2025-06-07 01:00:00,2025-06-07,3,0.0,0.0008335648791330926,0.32340917,1.2766571,0
3,PN5,CH2,2025-06-07 01:00:00,2025-06-07,3,0.0,0.0,1.4592324,5.1286073,0
2,PN5,CH1,2025-06-07 02:00:00,2025-06-07,3,0.0,0.0002778549597110308,0.3578342,1.2616816,0
3,PN5,CH2,2025-06-07 02:00:00,2025-06-07,3,0.0,0.0002778549597110308,1.4518694,5.1165,0
2,PN5,CH1,2025-06-07 03:00:00,2025-06-07,3,0.0,0.001944984717977216,0.28914118,1.2998657,0
3,PN5,CH2,2025-06-07 03:00:00,2025-06-07,3,0.0,0.0,0.9994148,3.6478786,0
2,PN5,CH1,2025-06-07 04:00:00,2025-06-07,3,0.0,0.0005557099194220616,0.44099957,1.87289,0
3,PN5,CH2,2025-06-07 04:00:00,2025-06-07,3,0.0,0.0,0.8370476,3.3465776,0
2,PN5,CH1,2025-06-07 05:00:00,2025-06-07,3,0.0,0.0,0.76218367,3.1243267,0
3,PN5,CH2,2025-06-07 05:00:00,2025-06-07,3,0.0,0.0,2.0931435,6.3072143,0
2,PN5,CH1,2025-06-07 06:00:00,2025-06-07,3,0.0,0.0,0.4407348,1.9212065,0
3,PN5,CH2,2025-06-07 06:00:00,2025-06-07,3,0.0,0.0,0.55708116,2.7921057,0
2,PN5,CH1,2025-06-07 07:00:00,2025-06-07,3,0.0,0.0,0.4591763,2.250895,0
3,PN5,CH2,2025-06-07 07:00:00,2025-06-07,3,0.0,0.0002778549597110308,1.8259668,5.316287,0
2,PN5,CH1,2025-06-07 08:00:00,2025-06-07,3,0.0,0.0002778549597110308,0.43281305,2.1147351,0
3,PN5,CH2,2025-06-07 08:00:00,2025-06-07,3,0.0,0.0002778549597110308,1.305734,4.402548,0
2,PN5,CH1,2025-06-07 09:00:00,2025-06-07,3,0.0,0.0,0.8059992,3.193915,0
3,PN5,CH2,2025-06-07 09:00:00,2025-06-07,3,0.0,0.0002778549597110308,1.4835391,5.343706,0
2,PN5,CH1,2025-06-07 10:00:00,2025-06-07,3,0.0,0.0005557099194220616,3.2941809,100.57643,109
3,PN5,CH2,2025-06-07 10:00:00,2025-06-07,3,0.0,0.0008335648791330926,3.1367526,45.281536,21
2,PN5,CH1,2025-06-07 11:00:00,2025-06-07,3,0.0,0.0005557099194220616,1.3616492,4.6256933,3
3,PN5,CH2,2025-06-07 11:00:00,2025-06-07,3,0.0,0.0002778549597110308,2.4996288,8.118452,0
2,PN5,CH1,2025-06-07 12:00:01,2025-06-07,3,0.0002777777777777778,0.0002778549597110308,1.4589641,5.169139,0
3,PN5,CH2,2025-06-07 12:00:01,2025-06-07,3,0.0002777777777777778,0.0,1.7736336,7.4491653,0
2,PN5,CH1,2025-06-07 13:00:00,2025-06-07,3,0.0,0.0002778549597110308,0.8028859,3.2087412,0
3,PN5,CH2,2025-06-07 13:00:00,2025-06-07,3,0.0,0.0002778549597110308,0.658861,3.154354,0
2,PN5,CH1,2025-06-07 14:00:00,2025-06-07,3,0.0,0.0016671297582661851,0.5799352,3.0436363,0
3,PN5,CH2,2025-06-07 14:00:00,2025-06-07,3,0.0,0.0002778549597110308,0.7501339,2.6445465,0
2,PN5,CH1,2025-06-07 15:00:00,2025-06-07,3,0.0,0.0002778549597110308,0.9889833,4.0528183,0
3,PN5,CH2,2025-06-07 15:00:00,2025-06-07,3,0.0,0.0,2.3020124,6.4619255,0
2,PN5,CH1,2025-06-07 16:00:00,2025-06-07,3,0.0,0.0002778549597110308,1.0355954,4.007966,0
3,PN5,CH2,2025-06-07 16:00:00,2025-06-07,3,0.0,0.0,1.1866595,5.2686806,0
2,PN5,CH1,2025-06-07 17:00:00,2025-06-07,3,0.0,0.0008335648791330926,1.3332651,5.119256,2
3,PN5,CH2,2025-06-07 17:00:00,2025-06-07,3,0.0,0.0002778549597110308,0.640282,2.4776878,0
2,PN5,CH1,2025-06-07 18:00:00,2025-06-07,3,0.0,0.0002778549597110308,0.58448905,2.5663528,0
3,PN5,CH2,2025-06-07 18:00:00,2025-06-07,3,0.0,0.0,1.2585582,5.3836403,0
2,PN5,CH1,2025-06-07 19:00:00,2025-06-07,3,0.0,0.0002778549597110308,0.55873644,2.7850647,0
3,PN5,CH2,2025-06-07 19:00:00,2025-06-07,3,0.0,0.0,5.083611,16.33808,0
2,PN5,CH1,2025-06-07 20:00:00,2025-06-07,3,0.0,0.0,1.0655056,4.996844,0
3,PN5,CH2,2025-06-07 20:00:00,2025-06-07,3,0.0,0.0,1.0416028,3.7120285,0
2,PN5,CH1,2025-06-07 21:00:00,2025-06-07,3,0.0,0.0,0.61565316,2.8304014,0
3,PN5,CH2,2025-06-07 21:00:00,2025-06-07,3,0.0,0.0005557099194220616,1.2385437,4.97192,0
2,PN5,CH1,2025-06-07 22:00:00,2025-06-07,3,0.0,0.0,0.7798576,2.7508287,0
3,PN5,CH2,2025-06-07 22:00:00,2025-06-07,3,0.0,0.0,2.6316671,8.491573,0
2,PN5,CH1,2025-06-07 23:00:00,2025-06-07,3,0.0,0.0002778549597110308,1.345039,4.1167808,0
3,PN5,CH2,2025-06-07 23:00:00,2025-06-07,3,0.0,0.0002778549597110308,2.1790223,10.490601,0
2,PN5,CH1,2025-06-08 00:00:01,2025-06-08,3,0.0002777777777777778,0.0005557099194220616,0.85177815,2.9151888,0
3,PN5,CH2,2025-06-08 00:00:01,2025-06-08,3,0.0002777777777777778,0.0002778549597110308,3.7496006,11.285095,0
2,PN5,CH1,2025-06-08 01:00:00,2025-06-08,3,0.0,0.0002778549597110308,0.9400654,3.0487032,0
3,PN5,CH2,2025-06-08 01:00:00,2025-06-08,3,0.0,0.0,1.7127254,5.1994247,0
2,PN5,CH1,2025-06-08 02:00:00,2025-06-08,3,0.0,0.0,0.868751,3.1407924,0
3,PN5,CH2,2025-06-08 02:00:00,2025-06-08,3,0.0,0.0,1.2002007,4.5507393,0
2,PN5,CH1,2025-06-08 03:00:00,2025-06-08,3,0.0,0.0,0.55884504,2.2473931,0
3,PN5,CH2,2025-06-08 03:00:00,2025-06-08,3,0.0,0.0,1.5943007,6.5448875,0
2,PN5,CH1,2025-06-08 04:00:00,2025-06-08,3,0.0,0.0002778549597110308,0.27945253,1.2080371,0
3,PN5,CH2,2025-06-08 04:00:00,2025-06-08,3,0.0,0.0002778549597110308,2.9450445,10.32926,0
2,PN5,CH1,2025-06-08 05:00:00,2025-06-08,3,0.0,0.0002778549597110308,2.5083523,10.5291605,9
3,PN5,CH2,2025-06-08 05:00:00,2025-06-08,3,0.0,0.0002778549597110308,4.470241,12.59893,0
2,PN5,CH1,2025-06-08 06:00:00,2025-06-08,3,0.0,0.0002778549597110308,1.2264361,4.0706244,0
3,PN5,CH2,2025-06-08 06:00:00,2025-06-08,3,0.0,0.0,1.0398135,4.271454,0
2,PN5,CH1,2025-06-08 07:00:00,2025-06-08,3,0.0,0.0,0.4226927,2.1760912,0
3,PN5,CH2,2025-06-08 07:00:00,2025-06-08,3,0.0,0.0,1.7204149,7.846094,0
2,PN5,CH1,2025-06-08 08:00:00,2025-06-08,3,0.0,0.0005557099194220616,0.929238,4.792735,0
3,PN5,CH2,2025-06-08 08:00:00,2025-06-08,3,0.0,0.0002778549597110308,1.7925435,7.281973,0
2,PN5,CH1,2025-06-08 09:00:00,2025-06-08,3,0.0,0.0,1.4067764,6.2920156,0
3,PN5,CH2,2025-06-08 09:00:00,2025-06-08,3,0.0,0.0,3.4203014,11.85812,0
2,PN5,CH1,2025-06-08 10:00:00,2025-06-08,3,0.0,0.0,21.83255,499.27844,677
3,PN5,CH2,2025-06-08 10:00:00,2025-06-08,3,0.0,0.0005557099194220616,16.890392,449.59268,231
2,PN5,CH1,2025-06-08 11:00:00,2025-06-08,3,0.0,0.0005557099194220616,1.0473276,4.9434986,5
3,PN5,CH2,2025-06-08 11:00:00,2025-06-08,3,0.0,0.0002778549597110308,2.853564,9.492226,0
2,PN5,CH1,2025-06-08 12:00:00,2025-06-08,3,0.0,0.0,0.7944062,4.0602684,15
3,PN5,CH2,2025-06-08 12:00:00,2025-06-08,3,0.0,0.0008335648791330926,3.6636922,11.937878,2
2,PN5,CH1,2025-06-08 13:00:00,2025-06-08,3,0.0,0.0005557099194220616,3.5679672,12.748686,1
3,PN5,CH2,2025-06-08 13:00:00,2025-06-08,3,0.0,0.0,2.1935816,7.575527,0
2,PN5,CH1,2025-06-08 14:00:00,2025-06-08,3,0.0,0.0005557099194220616,1.4446044,7.2459145,8
3,PN5,CH2,2025-06-08 14:00:00,2025-06-08,3,0.0,0.0002778549597110308,1.0084187,4.7765656,0
2,PN5,CH1,2025-06-08 15:00:00,2025-06-08,3,0.0,0.0008335648791330926,1.8701384,7.696003,6
3,PN5,CH2,2025-06-08 15:00:00,2025-06-08,3,0.0,0.0,1.621381,6.717148,0
2,PN5,CH1,2025-06-08 16:00:00,2025-06-08,3,0.0,0.0002778549597110308,1.5465963,7.0822983,3
3,PN5,CH2,2025-06-08 16:00:00,2025-06-08,3,0.0,0.0,1.9662814,6.9700184,0
2,PN5,CH1,2025-06-08 17:00:00,2025-06-08,3,0.0,0.0,1.0086174,4.363655,0
3,PN5,CH2,2025-06-08 17:00:00,2025-06-08,3,0.0,0.0002778549597110308,1.8695164,7.383526,0
2,PN5,CH1,2025-06-08 18:00:00,2025-06-08,3,0.0,0.0011114198388441233,2.3054965,10.073559,2
3,PN5,CH2,2025-06-08 18:00:00,2025-06-08,3,0.0,0.0002778549597110308,1.960402,7.066578,0
2,PN5,CH1,2025-06-08 19:00:00,2025-06-08,3,0.0,0.0002778549597110308,2.1317804,10.268129,3
3,PN5,CH2,2025-06-08 19:00:00,2025-06-08,3,0.0,0.0002778549597110308,2.1102648,10.097883,0
2,PN5,CH1,2025-06-08 20:00:00,2025-06-08,3,0.0,0.0011114198388441233,0.30694744,2.1512794,0
3,PN5,CH2,2025-06-08 20:00:00,2025-06-08,3,0.0,0.0008335648791330926,1.3454423,5.6892624,0
2,PN5,CH1,2025-06-08 21:00:00,2025-06-08,3,0.0,0.0008335648791330926,0.59295017,3.6955986,1
3,PN5,CH2,2025-06-08 21:00:00,2025-06-08,3,0.0,0.0002778549597110308,1.3742678,4.158205,0
2,PN5,CH1,2025-06-08 22:00:00,2025-06-08,3,0.0,0.0011114198388441233,0.8059868,3.7517414,2
3,PN5,CH2,2025-06-08 22:00:00,2025-06-08,3,0.0,0.0002778549597110308,1.443768,6.112382,0
2,PN5,CH1,2025-06-08 23:00:00,2025-06-08,3,0.0,0.0008335648791330926,0.3507419,1.6420326,0
3,PN5,CH2,2025-06-08 23:00:00,2025-06-08,3,0.0,0.0,0.72213006,2.9503536,0
2,PN5,CH1,2025-06-09 00:00:01,2025-06-09,3,0.0002777777777777778,0.0008335648791330926,0.44100523,3.3118591,0
3,PN5,CH2,2025-06-09 00:00:01,2025-06-09,3,0.0002777777777777778,0.0005557099194220616,1.06335,3.344715,0
2,PN5,CH1,2025-06-09 01:00:00,2025-06-09,3,0.0,0.0002778549597110308,0.7211922,2.5870266,0
3,PN5,CH2,2025-06-09 01:00:00,2025-06-09,3,0.0,0.0,0.27956256,1.0702019,0
2,PN5,CH1,2025-06-09 02:00:00,2025-06-09,3,0.0,0.0002778549597110308,0.2020556,1.0402126,0
3,PN5,CH2,2025-06-09 02:00:00,2025-06-09,3,0.0,0.0,0.7645928,3.4661226,0
2,PN5,CH1,2025-06-09 03:00:00,2025-06-09,3,0.0,0.0,0.22480871,1.7301369,2
3,PN5,CH2,2025-06-09 03:00:00,2025-06-09,3,0.0,0.0002778549597110308,1.7677579,5.758628,0
2,PN5,CH1,2025-06-09 04:00:00,2025-06-09,3,0.0,0.0011114198388441233,1.2486624,4.914551,0
3,PN5,CH2,2025-06-09 04:00:00,2025-06-09,3,0.0,0.0002778549597110308,2.0245955,5.758816,0
2,PN5,CH1,2025-06-09 05:00:00,2025-06-09,3,0.0,0.0005557099194220616,0.29661226,1.5910721,0
3,PN5,CH2,2025-06-09 05:00:00,2025-06-09,3,0.0,0.0005557099194220616,0.9626153,3.0887127,0
2,PN5,CH1,2025-06-09 06:00:00,2025-06-09,3,0.0,0.0008335648791330926,0.31510618,1.7101688,0
3,PN5,CH2,2025-06-09 06:00:00,2025-06-09,3,0.0,0.0,0.39852935,1.65835,0
2,PN5,CH1,2025-06-09 07:00:00,2025-06-09,3,0.0,0.0002778549597110308,2.0541914,6.703808,0
3,PN5,CH2,2025-06-09 07:00:00,2025-06-09,3,0.0,0.0002778549597110308,1.9267865,7.199421,0
2,PN5,CH1,2025-06-09 08:00:00,2025-06-09,3,0.0,0.0,2.3132892,7.494688,2
3,PN5,CH2,2025-06-09 08:00:00,2025-06-09,3,0.0,0.0002778549597110308,1.8187054,7.845276,0
2,PN5,CH1,2025-06-09 09:00:00,2025-06-09,3,0.0,0.0005557099194220616,0.5813211,3.3981724,0
3,PN5,CH2,2025-06-09 09:00:00,2025-06-09,3,0.0,0.0,2.7915375,8.909143,0
2,PN5,CH1,2025-06-09 10:00:00,2025-06-09,3,0.0,0.0005557099194220616,0.6009182,3.4195557,0
3,PN5,CH2,2025-06-09 10:00:00,2025-06-09,3,0.0,0.0,0.3340396,2.0515919,0
2,PN5,CH1,2025-06-09 11:00:00,2025-06-09,3,0.0,0.0002778549597110308,0.7816341,3.3317509,0
3,PN5,CH2,2025-06-09 11:00:00,2025-06-09,3,0.0,0.0002778549597110308,0.67399305,2.6854877,0
2,PN5,CH1,2025-06-09 12:00:00,2025-06-09,3,0.0,0.0002778549597110308,0.5864211,3.2872696,0
3,PN5,CH2,2025-06-09 12:00:00,2025-06-09,3,0.0,0.0002778549597110308,1.7432315,6.413311,0
2,PN5,CH1,2025-06-09 13:00:00,2025-06-09,3,0.0,0.0002778549597110308,3.246543,10.455772,0
3,PN5,CH2,2025-06-09 13:00:00,2025-06-09,3,0.0,0.0002778549597110308,0.3938863,1.7676868,0
2,PN5,CH1,2025-06-09 14:00:00,2025-06-09,3,0.0,0.0005557099194220616,1.1449567,4.463791,0
3,PN5,CH2,2025-06-09 14:00:00,2025-06-09,3,0.0,0.0002778549597110308,1.2917291,5.7066975,0
2,PN5,CH1,2025-06-09 15:00:00,2025-06-09,3,0.0,0.0005557099194220616,1.0282277,4.091488,0
3,PN5,CH2,2025-06-09 15:00:00,2025-06-09,3,0.0,0.0,0.4718112,2.4358559,0
2,PN5,CH1,2025-06-09 16:00:00,2025-06-09,3,0.0,0.0002778549597110308,0.9449359,4.0749474,0
3,PN5,CH2,2025-06-09 16:00:00,2025-06-09,3,0.0,0.0002778549597110308,1.4093194,4.6404457,0
2,PN5,CH1,2025-06-09 17:00:00,2025-06-09,3,0.0,0.0002778549597110308,1.194524,5.0921726,0
3,PN5,CH2,2025-06-09 17:00:00,2025-06-09,3,0.0,0.0,1.0374358,5.189106,0
2,PN5,CH1,2025-06-09 18:00:00,2025-06-09,3,0.0,0.0,1.9568901,8.433796,0
3,PN5,CH2,2025-06-09 18:00:00,2025-06-09,3,0.0,0.0,1.2675315,5.532131,0
2,PN5,CH1,2025-06-09 19:00:00,2025-06-09,3,0.0,0.0,1.5564317,7.4767323,0
3,PN5,CH2,2025-06-09 19:00:00,2025-06-09,3,0.0,0.0002778549597110308,2.2664201,9.9778185,0
2,PN5,CH1,2025-06-09 20:00:00,2025-06-09,3,0.0,0.0,1.1605917,4.4270983,0
3,PN5,CH2,2025-06-09 20:00:00,2025-06-09,3,0.0,0.0005557099194220616,1.9377307,6.818548,0
2,PN5,CH1,2025-06-09 21:00:00,2025-06-09,3,0.0,0.0005557099194220616,1.3188527,4.603714,0
3,PN5,CH2,2025-06-09 21:00:00,2025-06-09,3,0.0,0.0002778549597110308,3.0632157,8.81128,0
2,PN5,CH1,2025-06-09 22:00:00,2025-06-09,3,0.0,0.0005557099194220616,0.83896387,3.6672497,2
3,PN5,CH2,2025-06-09 22:00:00,2025-06-09,3,0.0,0.0,2.8839943,8.732416,0
2,PN5,CH1,2025-06-09 23:00:00,2025-06-09,3,0.0,0.0005557099194220616,0.56643736,2.392046,0
3,PN5,CH2,2025-06-09 23:00:00,2025-06-09,3,0.0,0.0002778549597110308,0.9029971,2.90554,0
2,PN5,CH1,2025-06-10 00:00:00,2025-06-10,3,0.0,0.0005557099194220616,0.29068914,2.296938,0
3,PN5,CH2,2025-06-10 00:00:00,2025-06-10,3,0.0,0.0002778549597110308,0.8361624,2.7041883,0
2,PN5,CH1,2025-06-10 01:00:00,2025-06-10,3,0.0,0.0,0.5536685,3.7094955,9
3,PN5,CH2,2025-06-10 01:00:00,2025-06-10,3,0.0,0.0005557099194220616,2.6242034,7.534288,1
2,PN5,CH1,2025-06-10 02:00:00,2025-06-10,3,0.0,0.0005557099194220616,0.21076448,1.0959053,0
3,PN5,CH2,2025-06-10 02:00:00,2025-06-10,3,0.0,0.0002778549597110308,1.1336634,4.4447184,0
2,PN5,CH1,2025-06-10 03:00:00,2025-06-10,3,0.0,0.0005557099194220616,0.6496327,2.2561474,0
3,PN5,CH2,2025-06-10 03:00:00,2025-06-10,3,0.0,0.0,0.27694756,1.4940648,0
2,PN5,CH1,2025-06-10 04:00:00,2025-06-10,3,0.0,0.0002778549597110308,2.0982082,7.390975,0
3,PN5,CH2,2025-06-10 04:00:00,2025-06-10,3,0.0,0.0002778549597110308,2.8916905,9.717122,0
2,PN5,CH1,2025-06-10 05:00:00,2025-06-10,3,0.0,0.0008335648791330926,1.6595044,4.9780684,1
3,PN5,CH2,2025-06-10 05:00:00,2025-06-10,3,0.0,0.0,2.9539719,8.88817,0
2,PN5,CH1,2025-06-10 06:00:00,2025-06-10,3,0.0,0.0,0.18509415,1.4815483,0
3,PN5,CH2,2025-06-10 06:00:00,2025-06-10,3,0.0,0.0,0.32243097,1.2128057,0
2,PN5,CH1,2025-06-10 07:00:00,2025-06-10,3,0.0,0.0002778549597110308,1.6597126,5.940981,0
3,PN5,CH2,2025-06-10 07:00:00,2025-06-10,3,0.0,0.0002778549597110308,0.4563677,2.5448947,0
2,PN5,CH1,2025-06-10 08:00:00,2025-06-10,3,0.0,0.0005557099194220616,1.7013212,6.5693626,0
3,PN5,CH2,2025-06-10 08:00:00,2025-06-10,3,0.0,0.0,1.6131313,6.6953154,0
2,PN5,CH1,2025-06-10 09:00:00,2025-06-10,3,0.0,0.0005557099194220616,0.6526915,3.160797,1
3,PN5,CH2,2025-06-10 09:00:00,2025-06-10,3,0.0,0.0,1.9265146,7.2233753,0
2,PN5,CH1,2025-06-10 10:00:00,2025-06-10,3,0.0,0.0002778549597110308,0.57652766,2.7289238,0
3,PN5,CH2,2025-06-10 10:00:00,2025-06-10,3,0.0,0.0,0.30198535,1.4198198,0
2,PN5,CH1,2025-06-10 11:00:00,2025-06-10,3,0.0002777777777777778,0.0,0.48576266,2.5543938,0
3,PN5,CH2,2025-06-10 11:00:00,2025-06-10,3,0.0002777777777777778,0.0,0.6903024,3.257431,0
2,PN5,CH1,2025-06-10 12:00:00,2025-06-10,3,0.0,0.0,1.3620292,24.329424,92
3,PN5,CH2,2025-06-10 12:00:00,2025-06-10,3,0.0,0.0,1.0394707,6.721615,3
2,PN5,CH1,2025-06-10 13:00:00,2025-06-10,3,0.0,0.0,3.421829,18.186234,87
3,PN5,CH2,2025-06-10 13:00:00,2025-06-10,3,0.0,0.0002778549597110308,1.1741049,6.202795,0
2,PN5,CH1,2025-06-10 14:00:00,2025-06-10,3,0.0,0.0011114198388441233,2.0203335,8.089095,0
3,PN5,CH2,2025-06-10 14:00:00,2025-06-10,3,0.0,0.0002778549597110308,2.6609478,9.897203,0
2,PN5,CH1,2025-06-10 15:00:00,2025-06-10,3,0.0,0.0002778549597110308,0.85231334,4.1792536,0
3,PN5,CH2,2025-06-10 15:00:00,2025-06-10,3,0.0,0.0,0.8366871,3.1436234,0
2,PN5,CH1,2025-06-10 16:00:00,2025-06-10,3,0.0,0.0002778549597110308,0.5050712,2.496429,0
3,PN5,CH2,2025-06-10 16:00:00,2025-06-10,3,0.0,0.0002778549597110308,0.5686567,2.6061392,0
2,PN5,CH1,2025-06-10 17:00:00,2025-06-10,3,0.0,0.0002778549597110308,1.0724621,4.929155,0
3,PN5,CH2,2025-06-10 17:00:00,2025-06-10,3,0.0,0.0,2.7758107,10.451563,0
2,PN5,CH1,2025-06-10 18:00:00,2025-06-10,3,0.0,0.0005557099194220616,0.84323883,3.622733,0
3,PN5,CH2,2025-06-10 18:00:00,2025-06-10,3,0.0,0.0,0.61223257,2.662652,0
2,PN5,CH1,2025-06-10 19:00:00,2025-06-10,3,0.0,0.0005557099194220616,1.1951131,4.4780226,0
3,PN5,CH2,2025-06-10 19:00:00,2025-06-10,3,0.0,0.0005557099194220616,1.216433,4.321783,0
2,PN5,CH1,2025-06-10 20:00:00,2025-06-10,3,0.0,0.0002778549597110308,0.86482537,4.6399603,0
3,PN5,CH2,2025-06-10 20:00:00,2025-06-10,3,0.0,0.0002778549597110308,2.1263738,7.211603,0
2,PN5,CH1,2025-06-10 21:00:00,2025-06-10,3,0.0,0.0,1.729572,5.6532774,0
3,PN5,CH2,2025-06-10 21:00:00,2025-06-10,3,0.0,0.0005557099194220616,2.7458982,10.07501,0
2,PN5,CH1,2025-06-10 22:00:00,2025-06-10,3,0.0,0.0005557099194220616,2.5420766,8.790567,0
3,PN5,CH2,2025-06-10 22:00:00,2025-06-10,3,0.0,0.0,3.6196926,12.651979,0
2,PN5,CH1,2025-06-10 23:00:00,2025-06-10,3,0.0,0.0005557099194220616,0.48073947,2.199933,0
3,PN5,CH2,2025-06-10 23:00:00,2025-06-10,3,0.0,0.0,1.099601,4.1659184,0
2,PN5,CH1,2025-06-11 00:00:00,2025-06-11,3,0.0,0.0005557099194220616,0.61632156,2.3065133,0
3,PN5,CH2,2025-06-11 00:00:00,2025-06-11,3,0.0,0.0002778549597110308,0.26468828,1.2633209,0
2,PN5,CH1,2025-06-11 01:00:00,2025-06-11,3,0.0,0.0002778549597110308,0.89416397,3.4845247,1
3,PN5,CH2,2025-06-11 01:00:00,2025-06-11,3,0.0,0.0,0.50025696,2.0022697,0
2,PN5,CH1,2025-06-11 02:00:00,2025-06-11,3,0.0,0.0005557099194220616,0.79602116,3.1526756,0
3,PN5,CH2,2025-06-11 02:00:00,2025-06-11,3,0.0,0.0005557099194220616,0.62045467,2.3307648,0
2,PN5,CH1,2025-06-11 03:00:00,2025-06-11,3,0.0,0.0002778549597110308,0.24468553,1.0720644,0
3,PN5,CH2,2025-06-11 03:00:00,2025-06-11,3,0.0,0.0,0.22690062,1.096426,0
2,PN5,CH1,2025-06-11 04:00:00,2025-06-11,3,0.0,0.0008335648791330926,1.5305587,5.508177,0
3,PN5,CH2,2025-06-11 04:00:00,2025-06-11,3,0.0,0.0002778549597110308,0.55079204,2.7201328,0
2,PN5,CH1,2025-06-11 05:00:00,2025-06-11,3,0.0,0.0,0.5621876,2.8132648,1
3,PN5,CH2,2025-06-11 05:00:00,2025-06-11,3,0.0,0.0002778549597110308,0.23219272,2.740919,0
2,PN5,CH1,2025-06-11 06:00:00,2025-06-11,3,0.0,0.0008335648791330926,0.2954692,1.5179806,0
3,PN5,CH2,2025-06-11 06:00:00,2025-06-11,3,0.0,0.0002778549597110308,0.9148514,3.2826881,0
2,PN5,CH1,2025-06-11 07:00:00,2025-06-11,3,0.0,0.0002778549597110308,1.4653045,6.0355673,0
3,PN5,CH2,2025-06-11 07:00:00,2025-06-11,3,0.0,0.0002778549597110308,2.90821,9.97953,0
2,PN5,CH1,2025-06-11 08:00:00,2025-06-11,3,0.0,0.0,1.5959003,8.367523,17
3,PN5,CH2,2025-06-11 08:00:00,2025-06-11,3,0.0,0.0,0.833712,6.451792,1
2,PN5,CH1,2025-06-11 09:00:00,2025-06-11,3,0.0,0.0005557099194220616,1.5939666,5.934015,1
3,PN5,CH2,2025-06-11 09:00:00,2025-06-11,3,0.0,0.0002778549597110308,0.97420895,4.519596,0
2,PN5,CH1,2025-06-11 10:00:00,2025-06-11,3,0.0,0.0,0.78276443,5.88093,7
3,PN5,CH2,2025-06-11 10:00:00,2025-06-11,3,0.0,0.0,0.9857085,6.2297287,2
2,PN5,CH1,2025-06-11 11:00:00,2025-06-11,3,0.0,0.0005557099194220616,0.8701752,5.6392694,6
3,PN5,CH2,2025-06-11 11:00:00,2025-06-11,3,0.0,0.0,0.5351725,3.2501297,0
2,PN5,CH1,2025-06-11 12:00:01,2025-06-11,3,0.0002777777777777778,0.0002778549597110308,1.3590618,6.417669,9
3,PN5,CH2,2025-06-11 12:00:01,2025-06-11,3,0.0002777777777777778,0.0,0.791624,3.6725025,0
2,PN5,CH1,2025-06-11 13:00:00,2025-06-11,3,0.0,0.0005557099194220616,3.024253,12.915805,0
3,PN5,CH2,2025-06-11 13:00:00,2025-06-11,3,0.0,0.0005557099194220616,1.3062638,5.239771,1
2,PN5,CH1,2025-06-11 14:00:00,2025-06-11,3,0.0,0.0008335648791330926,1.9441527,8.007883,78
3,PN5,CH2,2025-06-11 14:00:00,2025-06-11,3,0.0,0.0002778549597110308,0.7867329,3.7756195,1
2,PN5,CH1,2025-06-11 15:00:00,2025-06-11,3,0.0,0.0,1.7669014,7.5697155,0
3,PN5,CH2,2025-06-11 15:00:00,2025-06-11,3,0.0,0.0002778549597110308,0.41887414,2.6040897,0
2,PN5,CH1,2025-06-11 16:00:00,2025-06-11,3,0.0,0.0002778549597110308,0.61193043,2.663322,0
3,PN5,CH2,2025-06-11 16:00:00,2025-06-11,3,0.0,0.0,1.0752983,4.6227875,1
2,PN5,CH1,2025-06-11 17:00:00,2025-06-11,3,0.0,0.0,1.3960516,5.978495,0
3,PN5,CH2,2025-06-11 17:00:00,2025-06-11,3,0.0,0.0002778549597110308,2.353059,8.026771,0
2,PN5,CH1,2025-06-11 18:00:00,2025-06-11,3,0.0,0.0,3.3890717,12.765526,0
3,PN5,CH2,2025-06-11 18:00:00,2025-06-11,3,0.0,0.0002778549597110308,1.3752723,6.319211,0
2,PN5,CH1,2025-06-11 19:00:00,2025-06-11,3,0.0,0.0,5.6289725,19.467808,0
3,PN5,CH2,2025-06-11 19:00:00,2025-06-11,3,0.0,0.0,1.1469699,4.419648,0
2,PN5,CH1,2025-06-11 20:00:00,2025-06-11,3,0.0,0.0008335648791330926,2.1880372,8.906349,0
3,PN5,CH2,2025-06-11 20:00:00,2025-06-11,3,0.0,0.0,0.59750223,3.055893,0
2,PN5,CH1,2025-06-11 21:00:00,2025-06-11,3,0.0,0.0005557099194220616,2.1902437,8.073002,0
3,PN5,CH2,2025-06-11 21:00:00,2025-06-11,3,0.0,0.0002778549597110308,0.4859656,2.1367512,0
2,PN5,CH1,2025-06-11 22:00:00,2025-06-11,3,0.0,0.0005557099194220616,3.8402238,13.1654,0
3,PN5,CH2,2025-06-11 22:00:00,2025-06-11,3,0.0,0.0,1.4033586,12.716501,0
2,PN5,CH1,2025-06-11 23:00:00,2025-06-11,3,0.0,0.0005557099194220616,0.44195965,2.592802,0
3,PN5,CH2,2025-06-11 23:00:00,2025-06-11,3,0.0,0.0,0.77999324,3.7904453,0
2,PN5,CH1,2025-06-12 00:00:00,2025-06-12,3,0.0,0.0,1.0413345,4.1512775,0
3,PN5,CH2,2025-06-12 00:00:00,2025-06-12,3,0.0,0.0008335648791330926,0.5787341,2.7407703,0
2,PN5,CH1,2025-06-12 01:00:00,2025-06-12,3,0.0,0.0005557099194220616,0.60008585,2.380907,0
3,PN5,CH2,2025-06-12 01:00:00,2025-06-12,3,0.0,0.0002778549597110308,0.29643187,1.3751173,0
2,PN5,CH1,2025-06-12 02:00:00,2025-06-12,3,0.0,0.0005557099194220616,0.24448587,1.458004,0
3,PN5,CH2,2025-06-12 02:00:00,2025-06-12,3,0.0,0.0,0.11910964,0.6739416,0
2,PN5,CH1,2025-06-12 03:00:00,2025-06-12,3,0.0,0.0002778549597110308,0.3241092,2.6052446,23
3,PN5,CH2,2025-06-12 03:00:00,2025-06-12,3,0.0,0.0002778549597110308,0.50666356,1.7929449,0
2,PN5,CH1,2025-06-12 04:00:00,2025-06-12,3,0.0,0.0002778549597110308,0.70090306,3.3627453,66
3,PN5,CH2,2025-06-12 04:00:00,2025-06-12,3,0.0,0.0002778549597110308,0.84632605,2.9240541,0
2,PN5,CH1,2025-06-12 05:00:00,2025-06-12,3,0.0,0.0005557099194220616,0.4989958,2.6486073,17
3,PN5,CH2,2025-06-12 05:00:00,2025-06-12,3,0.0,0.0,1.8631326,7.2923307,0
2,PN5,CH1,2025-06-12 06:00:00,2025-06-12,3,0.0,0.0,0.785498,3.2829123,27
3,PN5,CH2,2025-06-12 06:00:00,2025-06-12,3,0.0,0.0005557099194220616,0.46755508,2.1541119,0
2,PN5,CH1,2025-06-12 07:00:00,2025-06-12,3,0.0,0.0002778549597110308,1.3048325,6.6073236,6
3,PN5,CH2,2025-06-12 07:00:00,2025-06-12,3,0.0,0.0,1.2055584,5.045198,1
2,PN5,CH1,2025-06-12 08:00:00,2025-06-12,3,0.0,0.0002778549597110308,1.0531967,5.563721,15
3,PN5,CH2,2025-06-12 08:00:00,2025-06-12,3,0.0,0.0002778549597110308,2.34382,10.101721,0
2,PN5,CH1,2025-06-12 09:00:00,2025-06-12,3,0.0,0.0,2.4674487,10.485388,8
3,PN5,CH2,2025-06-12 09:00:00,2025-06-12,3,0.0,0.0,1.5768327,5.185381,0
2,PN5,CH1,2025-06-12 10:00:00,2025-06-12,3,0.0,0.0005557099194220616,0.48111355,2.692528,2
3,PN5,CH2,2025-06-12 10:00:00,2025-06-12,3,0.0,0.0002778549597110308,1.3043245,5.253516,0
2,PN5,CH1,2025-06-12 11:00:00,2025-06-12,3,0.0,0.0005557099194220616,0.6343251,4.5237694,5
3,PN5,CH2,2025-06-12 11:00:00,2025-06-12,3,0.0,0.0,0.6028349,3.767908,0
2,PN5,CH1,2025-06-12 12:00:01,2025-06-12,3,0.0002777777777777778,0.0,0.85403,5.4624677,12
3,PN5,CH2,2025-06-12 12:00:01,2025-06-12,3,0.0002777777777777778,0.0002778549597110308,0.4918509,4.0299816,0
2,PN5,CH1,2025-06-12 13:00:00,2025-06-12,3,0.0,0.0,1.496496,32.10064,118
3,PN5,CH2,2025-06-12 13:00:00,2025-06-12,3,0.0,0.0002778549597110308,1.110003,26.653336,13
2,PN5,CH1,2025-06-12 14:00:00,2025-06-12,3,0.0,0.0002778549597110308,0.7880859,17.89663,51
3,PN5,CH2,2025-06-12 14:00:00,2025-06-12,3,0.0,0.0,1.6285704,6.5691776,0
2,PN5,CH1,2025-06-12 15:00:00,2025-06-12,3,0.0,0.0002778549597110308,1.0693151,4.8387055,1
3,PN5,CH2,2025-06-12 15:00:00,2025-06-12,3,0.0,0.0002778549597110308,0.9012795,3.7760286,0
2,PN5,CH1,2025-06-12 16:00:00,2025-06-12,3,0.0,0.0,0.5502199,2.6630983,4
3,PN5,CH2,2025-06-12 16:00:00,2025-06-12,3,0.0,0.0,0.924216,4.541091,0
2,PN5,CH1,2025-06-12 17:00:00,2025-06-12,3,0.0,0.0008335648791330926,0.77004665,4.154332,3
3,PN5,CH2,2025-06-12 17:00:00,2025-06-12,3,0.0,0.0002778549597110308,0.494579,2.9762459,0
2,PN5,CH1,2025-06-12 18:00:00,2025-06-12,3,0.0,0.0,2.09087,8.247942,2
3,PN5,CH2,2025-06-12 18:00:00,2025-06-12,3,0.0,0.0002778549597110308,2.3343732,8.566826,0
2,PN5,CH1,2025-06-12 19:00:00,2025-06-12,3,0.0,0.0002778549597110308,2.996763,10.094196,6
3,PN5,CH2,2025-06-12 19:00:00,2025-06-12,3,0.0,0.0002778549597110308,0.85037524,3.237873,0
2,PN5,CH1,2025-06-12 20:00:00,2025-06-12,3,0.0,0.0005557099194220616,1.2919365,6.6841764,4
3,PN5,CH2,2025-06-12 20:00:00,2025-06-12,3,0.0,0.0,0.39834273,2.6094913,0
2,PN5,CH1,2025-06-12 21:00:00,2025-06-12,3,0.0,0.0002778549597110308,1.3219287,6.7117066,6
3,PN5,CH2,2025-06-12 21:00:00,2025-06-12,3,0.0,0.0008335648791330926,0.49447486,2.2246323,0
2,PN5,CH1,2025-06-12 22:00:00,2025-06-12,3,0.0,0.0,2.1414847,12.897402,11
3,PN5,CH2,2025-06-12 22:00:00,2025-06-12,3,0.0,0.0,1.0015751,3.6446753,0
2,PN5,CH1,2025-06-12 23:00:00,2025-06-12,3,0.0,0.0,0.6455987,3.5859647,0
3,PN5,CH2,2025-06-12 23:00:00,2025-06-12,3,0.0,0.0,0.26086885,1.3197212,0
2,PN5,CH1,2025-06-13 00:00:00,2025-06-13,3,0.0,0.0005557099194220616,0.75745684,3.2455475,0
3,PN5,CH2,2025-06-13 00:00:00,2025-06-13,3,0.0,0.0011114198388441233,0.55183035,2.0127735,0
2,PN5,CH1,2025-06-13 01:00:00,2025-06-13,3,0.0,0.0005557099194220616,0.40073776,2.0877643,2
3,PN5,CH2,2025-06-13 01:00:00,2025-06-13,3,0.0,0.0,0.6843207,2.716035,0
2,PN5,CH1,2025-06-13 02:00:00,2025-06-13,3,0.0,0.0002778549597110308,0.22522144,2.3338945,17
3,PN5,CH2,2025-06-13 02:00:00,2025-06-13,3,0.0,0.0008335648791330926,0.30919203,1.4413519,0
2,PN5,CH1,2025-06-13 03:00:00,2025-06-13,3,0.0,0.0002778549597110308,0.39029595,2.1654367,8
3,PN5,CH2,2025-06-13 03:00:00,2025-06-13,3,0.0,0.0008335648791330926,0.41342047,1.6091394,0
2,PN5,CH1,2025-06-13 04:00:00,2025-06-13,3,0.0,0.0002778549597110308,1.0890694,3.9206443,0
3,PN5,CH2,2025-06-13 04:00:00,2025-06-13,3,0.0,0.0,0.8343103,2.8424706,0
2,PN5,CH1,2025-06-13 05:00:00,2025-06-13,3,0.0,0.0,0.6563106,3.7872417,0
3,PN5,CH2,2025-06-13 05:00:00,2025-06-13,3,0.0,0.0,1.173903,3.9562216,0
2,PN5,CH1,2025-06-13 06:00:00,2025-06-13,3,0.0,0.0,0.4645381,2.4503467,0
3,PN5,CH2,2025-06-13 06:00:00,2025-06-13,3,0.0,0.0002778549597110308,0.31895545,1.7862022,0
2,PN5,CH1,2025-06-13 07:00:00,2025-06-13,3,0.0,0.0002778549597110308,1.0574496,5.051121,3
3,PN5,CH2,2025-06-13 07:00:00,2025-06-13,3,0.0,0.0002778549597110308,0.43407562,2.7455387,0
2,PN5,CH1,2025-06-13 08:00:00,2025-06-13,3,0.0,0.0,1.2655145,7.5925884,64
3,PN5,CH2,2025-06-13 08:00:00,2025-06-13,3,0.0,0.0,0.9892863,4.9313903,0
2,PN5,CH1,2025-06-13 09:00:00,2025-06-13,3,0.0,0.0002778549597110308,0.8913895,4.9358606,27
3,PN5,CH2,2025-06-13 09:00:00,2025-06-13,3,0.0,0.0,2.1733959,7.0523467,0
2,PN5,CH1,2025-06-13 10:00:00,2025-06-13,3,0.0,0.0002778549597110308,1.0380597,5.0202756,21
3,PN5,CH2,2025-06-13 10:00:00,2025-06-13,3,0.0,0.0,1.490747,5.8644266,0
2,PN5,CH1,2025-06-13 11:00:00,2025-06-13,3,0.0,0.0002778549597110308,0.63114053,3.683642,4
3,PN5,CH2,2025-06-13 11:00:00,2025-06-13,3,0.0,0.0005557099194220616,0.88720113,4.204027,0
2,PN5,CH1,2025-06-13 12:00:00,2025-06-13,3,0.0,0.0002778549597110308,0.8211632,4.003979,0
3,PN5,CH2,2025-06-13 12:00:00,2025-06-13,3,0.0,0.0,0.6431968,3.2498317,0
2,PN5,CH1,2025-06-13 13:00:00,2025-06-13,3,0.0,0.0,3.3356228,22.411942,57
3,PN5,CH2,2025-06-13 13:00:00,2025-06-13,3,0.0,0.0005557099194220616,1.0263537,7.3267894,3
2,PN5,CH1,2025-06-13 14:00:00,2025-06-13,3,0.0,0.0,1.167134,5.5758657,1
3,PN5,CH2,2025-06-13 14:00:00,2025-06-13,3,0.0,0.0002778549597110308,1.0341359,5.1553173,0
2,PN5,CH1,2025-06-13 15:00:00,2025-06-13,3,0.0,0.0005557099194220616,0.35639027,2.2711234,0
3,PN5,CH2,2025-06-13 15:00:00,2025-06-13,3,0.0,0.0002778549597110308,1.2320238,5.011633,0
2,PN5,CH1,2025-06-13 16:00:00,2025-06-13,3,0.0,0.0,0.5175143,2.4637208,0
3,PN5,CH2,2025-06-13 16:00:00,2025-06-13,3,0.0,0.0,0.46283093,2.4375324,0
2,PN5,CH1,2025-06-13 17:00:00,2025-06-13,3,0.0,0.0,0.49586156,2.7500834,1
3,PN5,CH2,2025-06-13 17:00:00,2025-06-13,3,0.0,0.0,0.7149105,3.3438206,0
2,PN5,CH1,2025-06-13 18:00:00,2025-06-13,3,0.0,0.0,1.7878087,7.6080856,15
3,PN5,CH2,2025-06-13 18:00:00,2025-06-13,3,0.0,0.0002778549597110308,1.9867259,7.133335,0
2,PN5,CH1,2025-06-13 19:00:00,2025-06-13,3,0.0,0.0,1.0418272,5.214848,24
3,PN5,CH2,2025-06-13 19:00:00,2025-06-13,3,0.0,0.0,0.5694935,3.1925373,0
2,PN5,CH1,2025-06-13 20:00:00,2025-06-13,3,0.0,0.0002778549597110308,0.8332826,4.3617935,12
3,PN5,CH2,2025-06-13 20:00:00,2025-06-13,3,0.0,0.0,0.46681294,2.279542,0
2,PN5,CH1,2025-06-13 21:00:00,2025-06-13,3,0.0,0.0,1.164965,6.1189013,1
3,PN5,CH2,2025-06-13 21:00:00,2025-06-13,3,0.0,0.0005557099194220616,0.7141708,2.818369,0
2,PN5,CH1,2025-06-13 22:00:00,2025-06-13,3,0.0,0.0,2.0234032,7.0589037,0
3,PN5,CH2,2025-06-13 22:00:00,2025-06-13,3,0.0,0.0,0.60657316,2.4297829,0
2,PN5,CH1,2025-06-13 23:00:00,2025-06-13,3,0.0,0.0002778549597110308,0.3320881,2.3048372,0
3,PN5,CH2,2025-06-13 23:00:00,2025-06-13,3,0.0,0.0,0.27344078,1.2791157,0
2,PN5,CH1,2025-06-14 00:00:00,2025-06-14,3,0.0,0.0005557099194220616,0.4561882,2.6436524,0
3,PN5,CH2,2025-06-14 00:00:00,2025-06-14,3,0.0,0.0,0.68678635,2.7136507,0
2,PN5,CH1,2025-06-14 01:00:00,2025-06-14,3,0.0,0.0002778549597110308,0.2505822,1.645647,0
3,PN5,CH2,2025-06-14 01:00:00,2025-06-14,3,0.0,0.0005557099194220616,0.6710212,2.7041874,0
2,PN5,CH1,2025-06-14 02:00:00,2025-06-14,3,0.0,0.0008335648791330926,0.25248653,1.2743845,0
3,PN5,CH2,2025-06-14 02:00:00,2025-06-14,3,0.0,0.0002778549597110308,0.3470126,1.4337149,0
2,PN5,CH1,2025-06-14 03:00:00,2025-06-14,3,0.0,0.0002778549597110308,0.1673231,1.2477489,0
3,PN5,CH2,2025-06-14 03:00:00,2025-06-14,3,0.0,0.0,0.21409418,0.95013523,0
2,PN5,CH1,2025-06-14 04:00:00,2025-06-14,3,0.0,0.0002778549597110308,0.6697122,3.0066442,1
3,PN5,CH2,2025-06-14 04:00:00,2025-06-14,3,0.0,0.0002778549597110308,0.22328879,1.5788898,0
2,PN5,CH1,2025-06-14 05:00:00,2025-06-14,3,0.0,0.0005557099194220616,1.699113,8.308813,2
3,PN5,CH2,2025-06-14 05:00:00,2025-06-14,3,0.0,0.0002778549597110308,0.3948648,2.230443,0
2,PN5,CH1,2025-06-14 06:00:00,2025-06-14,3,0.0,0.0,0.3321813,1.6776472,0
3,PN5,CH2,2025-06-14 06:00:00,2025-06-14,3,0.0,0.0005557099194220616,0.3185506,1.6191607,0
2,PN5,CH1,2025-06-14 07:00:00,2025-06-14,3,0.0,0.0,0.77830315,3.2949448,0
3,PN5,CH2,2025-06-14 07:00:00,2025-06-14,3,0.0,0.0002778549597110308,0.65750504,2.8450046,0
2,PN5,CH1,2025-06-14 08:00:00,2025-06-14,3,0.0,0.0005557099194220616,1.6753132,7.7704716,7
3,PN5,CH2,2025-06-14 08:00:00,2025-06-14,3,0.0,0.0,1.7352649,6.6882,0
2,PN5,CH1,2025-06-14 09:00:00,2025-06-14,3,0.0,0.0008335648791330926,0.8921722,4.7475843,3
3,PN5,CH2,2025-06-14 09:00:00,2025-06-14,3,0.0,0.0,0.2881366,1.6272812,0
2,PN5,CH1,2025-06-14 10:00:00,2025-06-14,3,0.0,0.0,0.69522905,3.7540123,17
3,PN5,CH2,2025-06-14 10:00:00,2025-06-14,3,0.0,0.0,0.22877194,1.6835332,0
2,PN5,CH1,2025-06-14 11:00:00,2025-06-14,3,0.0002777777777777778,0.0005557099194220616,0.5300087,3.0308216,2
3,PN5,CH2,2025-06-14 11:00:00,2025-06-14,3,0.0002777777777777778,0.0,0.6816053,3.4018233,0
2,PN5,CH1,2025-06-14 12:00:00,2025-06-14,3,0.0,0.0,0.599049,3.8755689,5
3,PN5,CH2,2025-06-14 12:00:00,2025-06-14,3,0.0,0.0,0.80660796,3.9856136,0
2,PN5,CH1,2025-06-14 13:00:00,2025-06-14,3,0.0,0.0002778549597110308,2.6760533,10.115393,1
3,PN5,CH2,2025-06-14 13:00:00,2025-06-14,3,0.0,0.0,1.4541501,6.334185,0
2,PN5,CH1,2025-06-14 14:00:00,2025-06-14,3,0.0,0.0002778549597110308,1.9225264,71.21656,53
3,PN5,CH2,2025-06-14 14:00:00,2025-06-14,3,0.0,0.0002778549597110308,0.89078057,4.453808,0
2,PN5,CH1,2025-06-14 15:00:00,2025-06-14,3,0.0,0.0,1.1243833,4.8014526,0
3,PN5,CH2,2025-06-14 15:00:00,2025-06-14,3,0.0,0.0002778549597110308,0.6597373,3.3569708,0
2,PN5,CH1,2025-06-14 16:00:00,2025-06-14,3,0.0,0.0,0.5389601,3.3567102,4
3,PN5,CH2,2025-06-14 16:00:00,2025-06-14,3,0.0,0.0,0.42973113,2.6103477,0
2,PN5,CH1,2025-06-14 17:00:00,2025-06-14,3,0.0,0.0002778549597110308,1.1343478,5.53485,3
3,PN5,CH2,2025-06-14 17:00:00,2025-06-14,3,0.0,0.0,0.74978405,3.6906443,0
2,PN5,CH1,2025-06-14 18:00:00,2025-06-14,3,0.0,0.0002778549597110308,0.94406337,7.395111,21
3,PN5,CH2,2025-06-14 18:00:00,2025-06-14,3,0.0,0.0,1.2110467,4.852004,0
2,PN5,CH1,2025-06-14 19:00:00,2025-06-14,3,0.0,0.0,1.1368141,5.318858,9
3,PN5,CH2,2025-06-14 19:00:00,2025-06-14,3,0.0,0.0,0.9293097,3.4244356,0
2,PN5,CH1,2025-06-14 20:00:00,2025-06-14,3,0.0,0.0,0.93424785,5.312264,10
3,PN5,CH2,2025-06-14 20:00:00,2025-06-14,3,0.0,0.0002778549597110308,0.3520223,2.0267067,0
2,PN5,CH1,2025-06-14 21:00:00,2025-06-14,3,0.0,0.0005557099194220616,1.2566463,5.150959,0
3,PN5,CH2,2025-06-14 21:00:00,2025-06-14,3,0.0,0.0,1.3219627,4.05699,0
2,PN5,CH1,2025-06-14 22:00:00,2025-06-14,3,0.0,0.0,2.3732789,9.015314,2
3,PN5,CH2,2025-06-14 22:00:00,2025-06-14,3,0.0,0.0,0.9987849,3.682599,0
2,PN5,CH1,2025-06-14 23:00:00,2025-06-14,3,0.0,0.0005557099194220616,0.81626,3.6074965,0
3,PN5,CH2,2025-06-14 23:00:00,2025-06-14,3,0.0,0.0002778549597110308,0.3924874,1.8147383,0
2,PN5,CH1,2025-06-15 00:00:00,2025-06-15,3,0.0,0.0002778549597110308,0.7645068,3.4079328,0
3,PN5,CH2,2025-06-15 00:00:00,2025-06-15,3,0.0,0.0,0.70810056,2.8283892,0
2,PN5,CH1,2025-06-15 01:00:00,2025-06-15,3,0.0,0.0,0.30255148,1.9318233,0
3,PN5,CH2,2025-06-15 01:00:00,2025-06-15,3,0.0,0.0002778549597110308,0.42347023,1.7479806,0
2,PN5,CH1,2025-06-15 02:00:00,2025-06-15,3,0.0,0.0,0.40259397,2.339594,0
3,PN5,CH2,2025-06-15 02:00:00,2025-06-15,3,0.0,0.0008335648791330926,0.4850796,2.0695105,0
2,PN5,CH1,2025-06-15 03:00:00,2025-06-15,3,0.0,0.0005557099194220616,0.29211888,1.7770386,0
3,PN5,CH2,2025-06-15 03:00:00,2025-06-15,3,0.0,0.0,0.5234919,2.0389261,0
2,PN5,CH1,2025-06-15 04:00:00,2025-06-15,3,0.0,0.0005557099194220616,0.7532607,3.7597494,0
3,PN5,CH2,2025-06-15 04:00:00,2025-06-15,3,0.0,0.0005557099194220616,0.7577351,3.1083822,0
2,PN5,CH1,2025-06-15 05:00:00,2025-06-15,3,0.0,0.0,0.62971014,3.4808364,0
3,PN5,CH2,2025-06-15 05:00:00,2025-06-15,3,0.0,0.0,0.40297395,1.7310306,0
2,PN5,CH1,2025-06-15 06:00:00,2025-06-15,3,0.0,0.0005557099194220616,0.36309785,2.1177158,0
3,PN5,CH2,2025-06-15 06:00:00,2025-06-15,3,0.0,0.0,0.285324,1.5848131,0
2,PN5,CH1,2025-06-15 07:00:00,2025-06-15,3,0.0,0.0002778549597110308,1.3717182,7.4686484,2
3,PN5,CH2,2025-06-15 07:00:00,2025-06-15,3,0.0,0.0002778549597110308,0.79492694,4.0815773,0
2,PN5,CH1,2025-06-15 08:00:00,2025-06-15,3,0.0,0.0002778549597110308,1.9884297,10.101609,9
3,PN5,CH2,2025-06-15 08:00:00,2025-06-15,3,0.0,0.0,0.9494096,3.8738923,0
2,PN5,CH1,2025-06-15 09:00:00,2025-06-15,3,0.0,0.0002778549597110308,1.1763829,6.053149,23
3,PN5,CH2,2025-06-15 09:00:00,2025-06-15,3,0.0,0.0002778549597110308,0.74348724,3.084503,0
2,PN5,CH1,2025-06-15 10:00:00,2025-06-15,3,0.0,0.0002778549597110308,0.9522505,5.079582,21
3,PN5,CH2,2025-06-15 10:00:00,2025-06-15,3,0.0,0.0,0.59701216,3.174096,0
2,PN5,CH1,2025-06-15 11:00:00,2025-06-15,3,0.0,0.0,1.2865915,8.206628,10
3,PN5,CH2,2025-06-15 11:00:00,2025-06-15,3,0.0,0.0,0.42667365,2.197884,0
2,PN5,CH1,2025-06-15 12:00:00,2025-06-15,3,0.0,0.0,0.98059607,5.028322,9
3,PN5,CH2,2025-06-15 12:00:00,2025-06-15,3,0.0,0.0005557099194220616,0.7855768,4.1190906,0
2,PN5,CH1,2025-06-15 13:00:00,2025-06-15,3,0.0,0.0,1.0129095,6.1827154,16
3,PN5,CH2,2025-06-15 13:00:00,2025-06-15,3,0.0,0.0,0.8567376,5.9367347,3
2,PN5,CH1,2025-06-15 14:00:00,2025-06-15,3,0.0,0.0002778549597110308,1.4359475,10.914058,14
3,PN5,CH2,2025-06-15 14:00:00,2025-06-15,3,0.0,0.0005557099194220616,0.7525858,3.9605794,0
2,PN5,CH1,2025-06-15 15:00:00,2025-06-15,3,0.0,0.0002778549597110308,0.5429222,3.4538283,2
3,PN5,CH2,2025-06-15 15:00:00,2025-06-15,3,0.0,0.0011114198388441233,1.0860931,4.7030673,0
2,PN5,CH1,2025-06-15 16:00:00,2025-06-15,3,0.0,0.0002778549597110308,0.46731323,3.490448,3
3,PN5,CH2,2025-06-15 16:00:00,2025-06-15,3,0.0,0.0,0.67754704,3.252514,0
2,PN5,CH1,2025-06-15 17:00:00,2025-06-15,3,0.0,0.0005557099194220616,2.4584975,10.946766,14
3,PN5,CH2,2025-06-15 17:00:00,2025-06-15,3,0.0,0.0,1.7165354,6.7475805,0
2,PN5,CH1,2025-06-15 18:00:00,2025-06-15,3,0.0,0.0002778549597110308,1.6297565,6.2401223,17
3,PN5,CH2,2025-06-15 18:00:00,2025-06-15,3,0.0,0.0,0.41524142,2.0317736,0
2,PN5,CH1,2025-06-15 19:00:00,2025-06-15,3,0.0,0.0002778549597110308,0.6823073,4.5071917,2
3,PN5,CH2,2025-06-15 19:00:00,2025-06-15,3,0.0,0.0,0.40314242,2.1661077,0
2,PN5,CH1,2025-06-15 20:00:00,2025-06-15,3,0.0,0.0002778549597110308,0.42317098,2.281219,0
3,PN5,CH2,2025-06-15 20:00:00,2025-06-15,3,0.0,0.0002778549597110308,0.6650476,3.9162858,0
2,PN5,CH1,2025-06-15 21:00:00,2025-06-15,3,0.0,0.0005557099194220616,0.9924023,4.674569,1
3,PN5,CH2,2025-06-15 21:00:00,2025-06-15,3,0.0,0.0,1.1023043,4.1843204,0
2,PN5,CH1,2025-06-15 22:00:00,2025-06-15,3,0.0,0.0002778549597110308,0.77708095,4.0925293,14
3,PN5,CH2,2025-06-15 22:00:00,2025-06-15,3,0.0,0.0002778549597110308,0.24437529,1.2077391,0
2,PN5,CH1,2025-06-15 23:00:00,2025-06-15,3,0.0,0.0002778549597110308,0.56071204,3.6385279,120
3,PN5,CH2,2025-06-15 23:00:00,2025-06-15,3,0.0,0.0005557099194220616,0.25784022,1.2021139,0
2,PN5,CH1,2025-06-16 00:00:01,2025-06-16,3,0.0002777777777777778,0.0008335648791330926,0.44350985,3.1715622,10
3,PN5,CH2,2025-06-16 00:00:01,2025-06-16,3,0.0002777777777777778,0.0,0.7815643,2.9170513,0
2,PN5,CH1,2025-06-16 01:00:00,2025-06-16,3,0.0,0.0005557099194220616,0.30630624,3.0084696,17
3,PN5,CH2,2025-06-16 01:00:00,2025-06-16,3,0.0,0.0005557099194220616,0.66297513,2.697967,0
2,PN5,CH1,2025-06-16 02:00:00,2025-06-16,3,0.0,0.0002778549597110308,0.291566,2.1176786,37
3,PN5,CH2,2025-06-16 02:00:00,2025-06-16,3,0.0,0.0,0.42298192,1.9307432,0
2,PN5,CH1,2025-06-16 03:00:00,2025-06-16,3,0.0,0.0008335648791330926,0.38465592,1.8171597,17
3,PN5,CH2,2025-06-16 03:00:00,2025-06-16,3,0.0,0.0002778549597110308,0.30565277,1.2975559,0
2,PN5,CH1,2025-06-16 04:00:00,2025-06-16,3,0.0,0.0002778549597110308,0.37610617,1.8130989,10
3,PN5,CH2,2025-06-16 04:00:00,2025-06-16,3,0.0,0.0002778549597110308,0.5929694,2.239831,0
2,PN5,CH1,2025-06-16 05:00:00,2025-06-16,3,0.0,0.0002778549597110308,0.98268193,6.4085426,5
3,PN5,CH2,2025-06-16 05:00:00,2025-06-16,3,0.0,0.0002778549597110308,0.51586413,2.2312999,0
2,PN5,CH1,2025-06-16 06:00:00,2025-06-16,3,0.0,0.0002778549597110308,0.34334233,2.3293867,6
3,PN5,CH2,2025-06-16 06:00:00,2025-06-16,3,0.0,0.0005557099194220616,0.2459531,1.3528023,0
2,PN5,CH1,2025-06-16 07:00:00,2025-06-16,3,0.0,0.0,0.9354273,3.9041042,1
3,PN5,CH2,2025-06-16 07:00:00,2025-06-16,3,0.0,0.0002778549597110308,0.3105619,1.648366,0
2,PN5,CH1,2025-06-16 08:00:00,2025-06-16,3,0.0,0.0002778549597110308,0.87798584,3.9684029,0
3,PN5,CH2,2025-06-16 08:00:00,2025-06-16,3,0.0,0.0002778549597110308,0.2369814,1.3627863,0
2,PN5,CH1,2025-06-16 09:00:00,2025-06-16,3,0.0,0.0008335648791330926,0.9445802,4.3678284,0
3,PN5,CH2,2025-06-16 09:00:00,2025-06-16,3,0.0,0.0,0.6598379,2.1974,0
2,PN5,CH1,2025-06-16 10:00:00,2025-06-16,3,0.0,0.0,0.85531276,3.9149823,4
3,PN5,CH2,2025-06-16 10:00:00,2025-06-16,3,0.0,0.0002778549597110308,0.48337895,2.187192,0
2,PN5,CH1,2025-06-16 11:00:00,2025-06-16,3,0.0,0.0,1.2571055,18.421263,31
3,PN5,CH2,2025-06-16 11:00:00,2025-06-16,3,0.0,0.0,0.813864,14.512054,9
2,PN5,CH1,2025-06-16 12:00:00,2025-06-16,3,0.0,0.0005557099194220616,1.5353816,6.630234,2
3,PN5,CH2,2025-06-16 12:00:00,2025-06-16,3,0.0,0.0,0.8006734,3.581233,0
2,PN5,CH1,2025-06-16 13:00:00,2025-06-16,3,0.0,0.0008335648791330926,0.995065,5.1402297,2
3,PN5,CH2,2025-06-16 13:00:00,2025-06-16,3,0.0,0.0005557099194220616,0.6097479,3.966689,0
2,PN5,CH1,2025-06-16 14:00:00,2025-06-16,3,0.0,0.0,2.729601,19.478687,18
3,PN5,CH2,2025-06-16 14:00:00,2025-06-16,3,0.0,0.0,1.4404782,6.7783146,0
2,PN5,CH1,2025-06-16 15:00:00,2025-06-16,3,0.0,0.0,1.0458717,11.555478,15
3,PN5,CH2,2025-06-16 15:00:00,2025-06-16,3,0.0,0.0,0.6324883,3.3266096,0
2,PN5,CH1,2025-06-16 16:00:00,2025-06-16,3,0.0,0.0,0.8327178,4.3826547,5
3,PN5,CH2,2025-06-16 16:00:00,2025-06-16,3,0.0,0.0,0.40052918,3.0481443,0
2,PN5,CH1,2025-06-16 17:00:00,2025-06-16,3,0.0,0.0008335648791330926,1.154961,5.452111,7
3,PN5,CH2,2025-06-16 17:00:00,2025-06-16,3,0.0,0.0002778549597110308,0.79670763,4.0244308,0
2,PN5,CH1,2025-06-16 18:00:00,2025-06-16,3,0.0,0.0002778549597110308,0.9334799,4.9698353,26
3,PN5,CH2,2025-06-16 18:00:00,2025-06-16,3,0.0,0.0005557099194220616,0.8504694,5.265773,1
2,PN5,CH1,2025-06-16 19:00:00,2025-06-16,3,0.0,0.0,1.4780679,7.966347,21
3,PN5,CH2,2025-06-16 19:00:00,2025-06-16,3,0.0,0.0002778549597110308,0.4507285,2.0484254,0
2,PN5,CH1,2025-06-16 20:00:00,2025-06-16,3,0.0,0.0002778549597110308,0.8570244,5.0772357,8
3,PN5,CH2,2025-06-16 20:00:00,2025-06-16,3,0.0,0.0002778549597110308,0.25799537,1.4930964,0
2,PN5,CH1,2025-06-16 21:00:00,2025-06-16,3,0.0,0.0005557099194220616,0.93792135,8.629821,13
3,PN5,CH2,2025-06-16 21:00:00,2025-06-16,3,0.0,0.0002778549597110308,0.96362275,3.7926435,0
2,PN5,CH1,2025-06-16 22:00:00,2025-06-16,3,0.0,0.0002778549597110308,2.577128,10.825396,10
3,PN5,CH2,2025-06-16 22:00:00,2025-06-16,3,0.0,0.0002778549597110308,0.19312884,0.9786339,0
2,PN5,CH1,2025-06-16 23:00:00,2025-06-16,3,0.0,0.0002778549597110308,1.0390565,4.210733,0
3,PN5,CH2,2025-06-16 23:00:00,2025-06-16,3,0.0,0.0,0.15706854,0.8305907,0
2,PN5,CH1,2025-06-17 00:00:00,2025-06-17,3,0.0,0.0011114198388441233,0.5173109,2.8801334,0
3,PN5,CH2,2025-06-17 00:00:00,2025-06-17,3,0.0,0.0002778549597110308,0.28361613,1.3137612,0
2,PN5,CH1,2025-06-17 01:00:00,2025-06-17,3,0.0,0.0008335648791330926,0.5312341,2.6102362,0
3,PN5,CH2,2025-06-17 01:00:00,2025-06-17,3,0.0,0.0,0.21576983,0.94659615,0
2,PN5,CH1,2025-06-17 02:00:00,2025-06-17,3,0.0,0.0002778549597110308,0.2569635,1.9729881,0
3,PN5,CH2,2025-06-17 02:00:00,2025-06-17,3,0.0,0.0002778549597110308,0.22493963,1.0281429,0
2,PN5,CH1,2025-06-17 03:00:00,2025-06-17,3,0.0,0.0011114198388441233,0.39469638,3.659576,3
3,PN5,CH2,2025-06-17 03:00:00,2025-06-17,3,0.0,0.0,0.28631538,1.2234602,0
2,PN5,CH1,2025-06-17 04:00:00,2025-06-17,3,0.0,0.0008335648791330926,0.8722329,3.2726674,2
3,PN5,CH2,2025-06-17 04:00:00,2025-06-17,3,0.0,0.0005557099194220616,0.34326234,1.558773,0
2,PN5,CH1,2025-06-17 05:00:00,2025-06-17,3,0.0,0.0008335648791330926,0.47721082,1.8796324,1
3,PN5,CH2,2025-06-17 05:00:00,2025-06-17,3,0.0,0.0002778549597110308,0.26067063,1.2750177,0
2,PN5,CH1,2025-06-17 06:00:00,2025-06-17,3,0.0,0.0013892747985551543,0.63314754,3.5450609,5
3,PN5,CH2,2025-06-17 06:00:00,2025-06-17,3,0.0,0.0002778549597110308,0.22058259,1.1605768,0
2,PN5,CH1,2025-06-17 07:00:00,2025-06-17,3,0.0,0.0002778549597110308,2.1370227,10.244139,15
3,PN5,CH2,2025-06-17 07:00:00,2025-06-17,3,0.0,0.0,0.94548357,3.7647038,0
2,PN5,CH1,2025-06-17 08:00:00,2025-06-17,3,0.0,0.0002778549597110308,2.1194975,9.947791,41
3,PN5,CH2,2025-06-17 08:00:00,2025-06-17,3,0.0,0.0002778549597110308,0.90278965,4.655347,0
2,PN5,CH1,2025-06-17 09:00:00,2025-06-17,3,0.0,0.0002778549597110308,0.99226546,4.978105,15
3,PN5,CH2,2025-06-17 09:00:00,2025-06-17,3,0.0,0.0,2.1323013,6.3033776,0
2,PN5,CH1,2025-06-17 10:00:00,2025-06-17,3,0.0,0.0,1.0197247,5.2997847,19
3,PN5,CH2,2025-06-17 10:00:00,2025-06-17,3,0.0,0.0,1.0044606,4.1811533,0
2,PN5,CH1,2025-06-17 11:00:00,2025-06-17,3,0.0,0.0005557099194220616,1.2862904,4.8980865,5
3,PN5,CH2,2025-06-17 11:00:00,2025-06-17,3,0.0,0.0,0.9372412,5.9898944,0
2,PN5,CH1,2025-06-17 12:00:00,2025-06-17,3,0.0,0.0002778549597110308,0.6991217,4.272834,8
3,PN5,CH2,2025-06-17 12:00:00,2025-06-17,3,0.0,0.0005557099194220616,0.46693766,2.8006735,0
2,PN5,CH1,2025-06-17 13:00:00,2025-06-17,3,0.0,0.0005557099194220616,1.9506925,20.685755,35
3,PN5,CH2,2025-06-17 13:00:00,2025-06-17,3,0.0,0.0,1.2717471,11.434555,1
2,PN5,CH1,2025-06-17 14:00:00,2025-06-17,3,0.0,0.0002778549597110308,1.650957,10.859259,20
3,PN5,CH2,2025-06-17 14:00:00,2025-06-17,3,0.0,0.0,0.9010234,4.3734164,0
2,PN5,CH1,2025-06-17 15:00:00,2025-06-17,3,0.0,0.0002778549597110308,0.36923504,2.121441,4
3,PN5,CH2,2025-06-17 15:00:00,2025-06-17,3,0.0,0.0002778549597110308,1.0387301,4.9751253,0
2,PN5,CH1,2025-06-17 16:00:00,2025-06-17,3,0.0,0.0,0.6122647,3.8130207,13
3,PN5,CH2,2025-06-17 16:00:00,2025-06-17,3,0.0,0.0,0.489765,2.8929486,0
2,PN5,CH1,2025-06-17 17:00:00,2025-06-17,3,0.0,0.0,1.0339382,5.686432,42
3,PN5,CH2,2025-06-17 17:00:00,2025-06-17,3,0.0,0.0,0.43193534,2.5526433,0
2,PN5,CH1,2025-06-17 18:00:00,2025-06-17,3,0.0,0.0,2.0951817,10.652691,51
3,PN5,CH2,2025-06-17 18:00:00,2025-06-17,3,0.0,0.0,1.4335452,5.2210317,0
2,PN5,CH1,2025-06-17 19:00:00,2025-06-17,3,0.0,0.0005557099194220616,2.4710057,11.4988165,67
3,PN5,CH2,2025-06-17 19:00:00,2025-06-17,3,0.0,0.0,1.0467626,3.6434083,1
2,PN5,CH1,2025-06-17 20:00:00,2025-06-17,3,0.0,0.0002778549597110308,1.1321127,6.389469,47
3,PN5,CH2,2025-06-17 20:00:00,2025-06-17,3,0.0,0.0002778549597110308,0.33661124,1.9537284,0
2,PN5,CH1,2025-06-17 21:00:00,2025-06-17,3,0.0,0.0005557099194220616,1.8935739,8.57003,1
3,PN5,CH2,2025-06-17 21:00:00,2025-06-17,3,0.0,0.0005557099194220616,1.2140195,4.54478,0
2,PN5,CH1,2025-06-17 22:00:00,2025-06-17,3,0.0,0.0005557099194220616,0.8720197,5.8529525,0
3,PN5,CH2,2025-06-17 22:00:00,2025-06-17,3,0.0,0.0,0.81484354,2.4992974,0
2,PN5,CH1,2025-06-17 23:00:00,2025-06-17,3,0.0,0.0016671297582661851,0.97611636,4.8268585,2
3,PN5,CH2,2025-06-17 23:00:00,2025-06-17,3,0.0,0.0005557099194220616,0.304322,1.2857094,0
2,PN5,CH1,2025-06-18 00:00:00,2025-06-18,3,0.0,0.0011114198388441233,0.46530506,2.8214233,0
3,PN5,CH2,2025-06-18 00:00:00,2025-06-18,3,0.0,0.0,0.32487443,1.2090058,0
2,PN5,CH1,2025-06-18 01:00:00,2025-06-18,3,0.0,0.0008335648791330926,0.58513856,3.4230204,3
3,PN5,CH2,2025-06-18 01:00:00,2025-06-18,3,0.0,0.0002778549597110308,0.18293852,0.83904743,0
2,PN5,CH1,2025-06-18 02:00:00,2025-06-18,3,0.0,0.0005557099194220616,0.89755255,4.265234,1
3,PN5,CH2,2025-06-18 02:00:00,2025-06-18,3,0.0,0.0005557099194220616,0.32452193,1.2158232,0
2,PN5,CH1,2025-06-18 03:00:00,2025-06-18,3,0.0,0.0008335648791330926,0.363969,1.9965692,0
3,PN5,CH2,2025-06-18 03:00:00,2025-06-18,3,0.0,0.0002778549597110308,0.27207652,1.0861464,0
2,PN5,CH1,2025-06-18 04:00:00,2025-06-18,3,0.0,0.0005557099194220616,0.41691077,2.1165237,2
3,PN5,CH2,2025-06-18 04:00:00,2025-06-18,3,0.0,0.0,0.5682668,2.7306376,0
2,PN5,CH1,2025-06-18 05:00:00,2025-06-18,3,0.0,0.0008335648791330926,0.95693046,3.1591206,0
3,PN5,CH2,2025-06-18 05:00:00,2025-06-18,3,0.0,0.0,0.34403202,2.6179104,0
2,PN5,CH1,2025-06-18 06:00:00,2025-06-18,3,0.0,0.0002778549597110308,0.55293405,4.6492367,3
3,PN5,CH2,2025-06-18 06:00:00,2025-06-18,3,0.0,0.0,0.3496889,1.6465034,0
2,PN5,CH1,2025-06-18 07:00:00,2025-06-18,3,0.0,0.0002778549597110308,1.1969854,6.1259794,31
3,PN5,CH2,2025-06-18 07:00:00,2025-06-18,3,0.0,0.0,0.60792416,2.6302776,0
2,PN5,CH1,2025-06-18 08:00:00,2025-06-18,3,0.0,0.0,2.7846851,13.443493,128
3,PN5,CH2,2025-06-18 08:00:00,2025-06-18,3,0.0,0.0,1.0681435,4.4556704,0
2,PN5,CH1,2025-06-18 09:00:00,2025-06-18,3,0.0,0.0,1.3243434,7.329136,67
3,PN5,CH2,2025-06-18 09:00:00,2025-06-18,3,0.0,0.0,1.1934886,4.7108526,0
2,PN5,CH1,2025-06-18 10:00:00,2025-06-18,3,0.0,0.0,1.2818722,6.684214,62
3,PN5,CH2,2025-06-18 10:00:00,2025-06-18,3,0.0,0.0,0.5712667,3.0988083,0
2,PN5,CH1,2025-06-18 11:00:00,2025-06-18,3,0.0,0.0002778549597110308,1.9054255,9.692311,33
3,PN5,CH2,2025-06-18 11:00:00,2025-06-18,3,0.0,0.0008335648791330926,1.2887443,5.2155557,0
2,PN5,CH1,2025-06-18 12:00:01,2025-06-18,3,0.0002777777777777778,0.0002778549597110308,0.86231893,4.5546513,23
3,PN5,CH2,2025-06-18 12:00:01,2025-06-18,3,0.0002777777777777778,0.0,0.722149,3.7631016,0
2,PN5,CH1,2025-06-18 13:00:00,2025-06-18,3,0.0,0.0,2.2510824,30.539333,114
3,PN5,CH2,2025-06-18 13:00:00,2025-06-18,3,0.0,0.0002778549597110308,1.6852028,40.145443,9
2,PN5,CH1,2025-06-18 14:00:00,2025-06-18,3,0.0,0.0002778549597110308,1.48984,6.914959,34
3,PN5,CH2,2025-06-18 14:00:00,2025-06-18,3,0.0,0.0002778549597110308,1.4394946,7.848963,0
2,PN5,CH1,2025-06-18 15:00:00,2025-06-18,3,0.0,0.0,0.5033715,2.6308372,21
3,PN5,CH2,2025-06-18 15:00:00,2025-06-18,3,0.0,0.0,0.5188033,2.8630717,0
2,PN5,CH1,2025-06-18 16:00:00,2025-06-18,3,0.0,0.0,1.759218,9.361654,88
3,PN5,CH2,2025-06-18 16:00:00,2025-06-18,3,0.0,0.0005557099194220616,0.5885108,3.6171453,0
2,PN5,CH1,2025-06-18 17:00:00,2025-06-18,3,0.0,0.0,2.0321388,8.729994,101
3,PN5,CH2,2025-06-18 17:00:00,2025-06-18,3,0.0,0.0005557099194220616,0.58516043,3.2343714,0
2,PN5,CH1,2025-06-18 18:00:00,2025-06-18,3,0.0,0.0002778549597110308,3.1068428,14.7112465,128
3,PN5,CH2,2025-06-18 18:00:00,2025-06-18,3,0.0,0.0005557099194220616,1.2296082,5.47044,0
2,PN5,CH1,2025-06-18 19:00:00,2025-06-18,3,0.0,0.0,3.7346597,17.496943,94
3,PN5,CH2,2025-06-18 19:00:00,2025-06-18,3,0.0,0.0002778549597110308,0.6423578,2.988577,0
2,PN5,CH1,2025-06-18 20:00:00,2025-06-18,3,0.0,0.0,1.128975,6.6205487,66
3,PN5,CH2,2025-06-18 20:00:00,2025-06-18,3,0.0,0.0,0.44589046,2.8737261,0
2,PN5,CH1,2025-06-18 21:00:00,2025-06-18,3,0.0,0.0,0.97905844,9.4826145,26
3,PN5,CH2,2025-06-18 21:00:00,2025-06-18,3,0.0,0.0,0.4728741,2.0718946,0
2,PN5,CH1,2025-06-18 22:00:00,2025-06-18,3,0.0,0.0,0.79322416,4.71957,6
3,PN5,CH2,2025-06-18 22:00:00,2025-06-18,3,0.0,0.0002778549597110308,0.20187607,1.0696055,0
2,PN5,CH1,2025-06-18 23:00:00,2025-06-18,3,0.0,0.0,0.6421585,3.4469366,5
3,PN5,CH2,2025-06-18 23:00:00,2025-06-18,3,0.0,0.0,0.22689936,1.0710955,0
2,PN5,CH1,2025-06-19 00:00:00,2025-06-19,1,0.0,0.0,1.0935483,5.086958,6
3,PN5,CH2,2025-06-19 00:00:00,2025-06-19,1,0.0,0.0,0.25925264,1.2259188,0
2,PN5,CH1,2025-06-19 01:00:00,2025-06-19,1,0.0,0.0008335648791330926,0.37910414,2.4442377,4
3,PN5,CH2,2025-06-19 01:00:00,2025-06-19,1,0.0,0.0002778549597110308,0.2631785,3.2193213,0
2,PN5,CH1,2025-06-19 02:00:00,2025-06-19,1,0.0,0.0002778549597110308,0.4900047,2.8026478,3
3,PN5,CH2,2025-06-19 02:00:00,2025-06-19,1,0.0,0.0002778549597110308,0.27648163,1.1636319,0
2,PN5,CH1,2025-06-19 03:00:00,2025-06-19,1,0.0,0.0002778549597110308,1.1960514,6.2374024,7
3,PN5,CH2,2025-06-19 03:00:00,2025-06-19,1,0.0,0.0,0.4055964,2.0108743,1
2,PN5,CH1,2025-06-19 04:00:00,2025-06-19,1,0.0,0.0002778549597110308,0.89869845,5.0411005,11
3,PN5,CH2,2025-06-19 04:00:00,2025-06-19,1,0.0,0.0,0.749878,3.4086409,1
2,PN5,CH1,2025-06-19 05:00:00,2025-06-19,1,0.0,0.0002778549597110308,0.7585044,3.8557496,6
3,PN5,CH2,2025-06-19 05:00:00,2025-06-19,1,0.0,0.0005557099194220616,0.7802433,6.6122413,0
2,PN5,CH1,2025-06-19 06:00:00,2025-06-19,1,0.0,0.0005557099194220616,0.51040685,4.6519194,4
3,PN5,CH2,2025-06-19 06:00:00,2025-06-19,1,0.0,0.0,0.19999908,1.1129675,0
2,PN5,CH1,2025-06-19 07:00:00,2025-06-19,1,0.0,0.0002778549597110308,1.5858697,8.891634,118
3,PN5,CH2,2025-06-19 07:00:00,2025-06-19,1,0.0,0.0002778549597110308,1.2336841,4.4795876,0
2,PN5,CH1,2025-06-19 08:00:00,2025-06-19,1,0.0,0.0,2.168987,10.938943,281
3,PN5,CH2,2025-06-19 08:00:00,2025-06-19,1,0.0,0.0,0.91764677,4.6709185,0
2,PN5,CH1,2025-06-19 09:00:00,2025-06-19,1,0.0,0.0005557099194220616,1.6970036,8.218437,91
3,PN5,CH2,2025-06-19 09:00:00,2025-06-19,1,0.0,0.0002778549597110308,2.1246517,6.7206473,0
2,PN5,CH1,2025-06-19 10:00:00,2025-06-19,1,0.0,0.0,4.3074155,58.162994,204
3,PN5,CH2,2025-06-19 10:00:00,2025-06-19,1,0.0,0.0005557099194220616,0.9842612,3.8874893,0
2,PN5,CH1,2025-06-19 11:00:00,2025-06-19,1,0.0,0.0,33.04802,291.34912,589
3,PN5,CH2,2025-06-19 11:00:00,2025-06-19,1,0.0,0.0,0.7246692,16.77148,6
2,PN5,CH1,2025-06-19 12:00:01,2025-06-19,1,0.0002777777777777778,0.0,3.8624,46.52418,192
3,PN5,CH2,2025-06-19 12:00:01,2025-06-19,1,0.0002777777777777778,0.0002778549597110308,0.4591467,2.5546918,0
2,PN5,CH1,2025-06-19 13:00:00,2025-06-19,1,0.0,0.0,1.5952295,10.592713,65
3,PN5,CH2,2025-06-19 13:00:00,2025-06-19,1,0.0,0.0,0.6483117,4.8267097,0
2,PN5,CH1,2025-06-19 14:00:00,2025-06-19,1,0.0,0.0,1.8594655,8.812137,47
3,PN5,CH2,2025-06-19 14:00:00,2025-06-19,1,0.0,0.0002778549597110308,0.84093,4.3538213,0
2,PN5,CH1,2025-06-19 15:00:00,2025-06-19,1,0.0,0.0,4.1805267,16.272068,249
3,PN5,CH2,2025-06-19 15:00:00,2025-06-19,1,0.0,0.0002778549597110308,1.1423297,5.567223,0
2,PN5,CH1,2025-06-19 16:00:00,2025-06-19,1,0.0,0.0,1.7938275,19.07211,207
3,PN5,CH2,2025-06-19 16:00:00,2025-06-19,1,0.0,0.0002778549597110308,0.5127058,3.1897426,0
2,PN5,CH1,2025-06-19 17:00:00,2025-06-19,1,0.0,0.0,1.3328397,8.067936,95
3,PN5,CH2,2025-06-19 17:00:00,2025-06-19,1,0.0,0.0,0.58825016,3.1315536,0
2,PN5,CH1,2025-06-19 18:00:00,2025-06-19,1,0.0,0.0005557099194220616,2.8189504,12.36096,67
3,PN5,CH2,2025-06-19 18:00:00,2025-06-19,1,0.0,0.0,1.0458024,6.090216,0
2,PN5,CH1,2025-06-19 19:00:00,2025-06-19,1,0.0,0.0002778549597110308,0.94697356,5.3349133,23
3,PN5,CH2,2025-06-19 19:00:00,2025-06-19,1,0.0,0.0002778549597110308,0.9187521,4.4853983,0
2,PN5,CH1,2025-06-19 20:00:00,2025-06-19,1,0.0,0.0005557099194220616,2.1906075,10.141991,14
3,PN5,CH2,2025-06-19 20:00:00,2025-06-19,1,0.0,0.0002778549597110308,0.36434013,2.231635,0
2,PN5,CH1,2025-06-19 21:00:00,2025-06-19,1,0.0,0.0005557099194220616,0.9212698,6.6173077,2
3,PN5,CH2,2025-06-19 21:00:00,2025-06-19,1,0.0,0.0002778549597110308,0.71718997,2.5204196,0
2,PN5,CH1,2025-06-19 22:00:00,2025-06-19,1,0.0,0.0002778549597110308,0.74795735,4.8062954,18
3,PN5,CH2,2025-06-19 22:00:00,2025-06-19,1,0.0,0.0005557099194220616,0.23698534,1.271218,0
2,PN5,CH1,2025-06-19 23:00:00,2025-06-19,1,0.0,0.0002778549597110308,0.82401353,5.0972786,22
3,PN5,CH2,2025-06-19 23:00:00,2025-06-19,1,0.0,0.0005557099194220616,0.15134314,0.8470192,0
2,PN5,CH1,2025-06-20 00:00:01,2025-06-20,1,0.0002777777777777778,0.0002778549597110308,0.46763474,2.9088554,1
3,PN5,CH2,2025-06-20 00:00:01,2025-06-20,1,0.0002777777777777778,0.0,0.3318676,1.5737863,0
2,PN5,CH1,2025-06-20 01:00:00,2025-06-20,1,0.0,0.0,0.62751937,3.0581665,22
3,PN5,CH2,2025-06-20 01:00:00,2025-06-20,1,0.0,0.0002778549597110308,0.26336372,1.2961776,0
2,PN5,CH1,2025-06-20 02:00:00,2025-06-20,1,0.0,0.0002778549597110308,1.1005492,7.0888176,11
3,PN5,CH2,2025-06-20 02:00:00,2025-06-20,1,0.0,0.0,0.24626094,1.0966134,0
2,PN5,CH1,2025-06-20 03:00:00,2025-06-20,1,0.0,0.0002778549597110308,20.348442,293.92368,465
3,PN5,CH2,2025-06-20 03:00:00,2025-06-20,1,0.0,0.0,0.20546544,1.6373398,0
2,PN5,CH1,2025-06-20 04:00:00,2025-06-20,1,0.0,0.0,71.47673,396.3467,2717
3,PN5,CH2,2025-06-20 04:00:00,2025-06-20,1,0.0,0.0002778549597110308,1.0752184,3.9915743,0
2,PN5,CH1,2025-06-20 05:00:00,2025-06-20,1,0.0,0.0,40.20433,386.9818,3288
3,PN5,CH2,2025-06-20 05:00:00,2025-06-20,1,0.0,0.0,0.5485272,3.8743765,0
2,PN5,CH1,2025-06-20 06:00:00,2025-06-20,1,0.0,0.0,6.3215556,154.84412,2582
3,PN5,CH2,2025-06-20 06:00:00,2025-06-20,1,0.0,0.0,0.3255086,1.4645982,0
2,PN5,CH1,2025-06-20 07:00:00,2025-06-20,1,0.0,0.0,5.0937304,82.52408,2117
3,PN5,CH2,2025-06-20 07:00:00,2025-06-20,1,0.0,0.0,2.0872645,6.574579,0
2,PN5,CH1,2025-06-20 08:00:00,2025-06-20,1,0.0,0.0,5.89063,66.46611,1082
3,PN5,CH2,2025-06-20 08:00:00,2025-06-20,1,0.0,0.0002778549597110308,1.4063228,6.1801825,0
2,PN5,CH1,2025-06-20 09:00:00,2025-06-20,1,0.0,0.0,10.782117,152.05936,1529
3,PN5,CH2,2025-06-20 09:00:00,2025-06-20,1,0.0,0.0005557099194220616,2.5542037,7.5897574,0
2,PN5,CH1,2025-06-20 10:00:00,2025-06-20,1,0.0,0.0,6.379773,114.988686,1815
3,PN5,CH2,2025-06-20 10:00:00,2025-06-20,1,0.0,0.0,0.5183798,2.6314702,0
2,PN5,CH1,2025-06-20 11:00:00,2025-06-20,1,0.0,0.0,8.391921,134.35155,2310
3,PN5,CH2,2025-06-20 11:00:00,2025-06-20,1,0.0,0.0,0.67640805,3.4066286,0
2,PN5,CH1,2025-06-20 12:00:01,2025-06-20,1,0.0002777777777777778,0.0,3.4903083,71.62515,1518
3,PN5,CH2,2025-06-20 12:00:01,2025-06-20,1,0.0002777777777777778,0.0,0.564251,3.1182914,0
2,PN5,CH1,2025-06-20 13:00:00,2025-06-20,1,0.0,0.0,15.075394,119.66292,1445
3,PN5,CH2,2025-06-20 13:00:00,2025-06-20,1,0.0,0.0002778549597110308,0.70421034,4.517213,0
2,PN5,CH1,2025-06-20 14:00:00,2025-06-20,1,0.0,0.0,4.372874,22.957325,972
3,PN5,CH2,2025-06-20 14:00:00,2025-06-20,1,0.0,0.0,0.85943377,4.495531,0
2,PN5,CH1,2025-06-20 15:00:00,2025-06-20,1,0.0,0.0002778549597110308,2.0332968,9.931328,82
3,PN5,CH2,2025-06-20 15:00:00,2025-06-20,1,0.0,0.0,1.3529763,6.313138,0
2,PN5,CH1,2025-06-20 16:00:00,2025-06-20,1,0.0,0.0,1.8889431,8.917084,10
3,PN5,CH2,2025-06-20 16:00:00,2025-06-20,1,0.0,0.0,0.56038225,2.9225276,0
2,PN5,CH1,2025-06-20 17:00:00,2025-06-20,1,0.0,0.0008335648791330926,2.0226848,9.298546,1
3,PN5,CH2,2025-06-20 17:00:00,2025-06-20,1,0.0,0.0,0.8238123,3.6731362,0
2,PN5,CH1,2025-06-20 18:00:00,2025-06-20,1,0.0,0.0008335648791330926,1.6466491,9.09742,1
3,PN5,CH2,2025-06-20 18:00:00,2025-06-20,1,0.0,0.0,1.3621575,5.2564964,0
2,PN5,CH1,2025-06-20 19:00:00,2025-06-20,1,0.0,0.0002778549597110308,2.6255069,8.783867,0
3,PN5,CH2,2025-06-20 19:00:00,2025-06-20,1,0.0,0.0,0.75089765,3.4051387,0
2,PN5,CH1,2025-06-20 20:00:00,2025-06-20,1,0.0,0.0005557099194220616,1.9566118,10.255913,8
3,PN5,CH2,2025-06-20 20:00:00,2025-06-20,1,0.0,0.0,0.47457695,3.48337,0
2,PN5,CH1,2025-06-20 21:00:00,2025-06-20,1,0.0,0.0011114198388441233,1.8630816,8.079407,0
3,PN5,CH2,2025-06-20 21:00:00,2025-06-20,1,0.0,0.0002778549597110308,0.32133543,1.8978864,0
2,PN5,CH1,2025-06-20 22:00:00,2025-06-20,1,0.0,0.0,1.5569558,5.071274,0
3,PN5,CH2,2025-06-20 22:00:00,2025-06-20,1,0.0,0.0,0.32285893,1.7617644,0
2,PN5,CH1,2025-06-20 23:00:00,2025-06-20,1,0.0,0.0002778549597110308,1.9275944,5.699806,0
3,PN5,CH2,2025-06-20 23:00:00,2025-06-20,1,0.0,0.0002778549597110308,0.2949862,1.4113262,0
2,PN5,CH1,2025-06-21 00:00:01,2025-06-21,1,0.0002777777777777778,0.0002778549597110308,1.9146786,5.9767075,0
3,PN5,CH2,2025-06-21 00:00:01,2025-06-21,1,0.0002777777777777778,0.0002778549597110308,0.22917236,1.1052936,0
2,PN5,CH1,2025-06-21 01:00:00,2025-06-21,1,0.0,0.0,1.0091283,4.260498,0
3,PN5,CH2,2025-06-21 01:00:00,2025-06-21,1,0.0,0.0008335648791330926,0.23137213,1.2370572,0
2,PN5,CH1,2025-06-21 02:00:00,2025-06-21,1,0.0,0.0002778549597110308,0.7274432,3.3251953,0
3,PN5,CH2,2025-06-21 02:00:00,2025-06-21,1,0.0,0.0002778549597110308,0.10555562,0.6503612,0
2,PN5,CH1,2025-06-21 03:00:00,2025-06-21,1,0.0,0.0011114198388441233,0.71898556,2.7343597,0
3,PN5,CH2,2025-06-21 03:00:00,2025-06-21,1,0.0,0.0008335648791330926,0.17200926,0.87998813,0
2,PN5,CH1,2025-06-21 04:00:00,2025-06-21,1,0.0,0.0005557099194220616,0.77096415,3.6898346,0
3,PN5,CH2,2025-06-21 04:00:00,2025-06-21,1,0.0,0.0005557099194220616,0.43889877,1.9489603,0
2,PN5,CH1,2025-06-21 05:00:00,2025-06-21,1,0.0,0.0008335648791330926,0.3005301,1.4421692,1
3,PN5,CH2,2025-06-21 05:00:00,2025-06-21,1,0.0,0.0002778549597110308,0.30256197,1.6133488,0
2,PN5,CH1,2025-06-21 06:00:00,2025-06-21,1,0.0,0.0002778549597110308,0.76377994,3.0572357,0
3,PN5,CH2,2025-06-21 06:00:00,2025-06-21,1,0.0,0.0,0.5257492,1.8546357,0
2,PN5,CH1,2025-06-21 07:00:00,2025-06-21,1,0.0,0.0002778549597110308,0.5985079,3.0072327,0
3,PN5,CH2,2025-06-21 07:00:00,2025-06-21,1,0.0,0.0,1.7004306,7.497296,0
2,PN5,CH1,2025-06-21 08:00:00,2025-06-21,1,0.0,0.0005557099194220616,1.3465666,6.4931793,6
3,PN5,CH2,2025-06-21 08:00:00,2025-06-21,1,0.0,0.0,0.905705,5.567968,2
2,PN5,CH1,2025-06-21 09:00:00,2025-06-21,1,0.0,0.0,0.7969163,6.0898743,5
3,PN5,CH2,2025-06-21 09:00:00,2025-06-21,1,0.0,0.0002778549597110308,2.789268,8.862056,0
2,PN5,CH1,2025-06-21 10:00:00,2025-06-21,1,0.0,0.0011114198388441233,2.176471,7.913147,0
3,PN5,CH2,2025-06-21 10:00:00,2025-06-21,1,0.0,0.0002778549597110308,0.36146587,2.1269174,0
2,PN5,CH1,2025-06-21 11:00:00,2025-06-21,1,0.0,0.0,1.0602467,4.3637238,0
3,PN5,CH2,2025-06-21 11:00:00,2025-06-21,1,0.0,0.0,0.4732745,3.0982122,0
2,PN5,CH1,2025-06-21 12:00:00,2025-06-21,1,0.0,0.0002778549597110308,4.127384,12.067032,4
3,PN5,CH2,2025-06-21 12:00:00,2025-06-21,1,0.0,0.0005557099194220616,0.6547612,3.9829314,0
2,PN5,CH1,2025-06-21 13:00:00,2025-06-21,1,0.0,0.0002778549597110308,1.4037312,5.9967957,0
3,PN5,CH2,2025-06-21 13:00:00,2025-06-21,1,0.0,0.0002778549597110308,2.085892,8.822531,0
2,PN5,CH1,2025-06-21 14:00:00,2025-06-21,1,0.0,0.0,0.68309855,3.9183044,0
3,PN5,CH2,2025-06-21 14:00:00,2025-06-21,1,0.0,0.0,0.8937972,5.209856,0
2,PN5,CH1,2025-06-21 15:00:00,2025-06-21,1,0.0,0.0,0.7425927,5.1170654,4
3,PN5,CH2,2025-06-21 15:00:00,2025-06-21,1,0.0,0.0,1.8833036,7.3105474,0
2,PN5,CH1,2025-06-21 16:00:00,2025-06-21,1,0.0,0.0008335648791330926,0.8091696,3.4929352,0
3,PN5,CH2,2025-06-21 16:00:00,2025-06-21,1,0.0,0.0002778549597110308,0.6117312,3.5809727,0
2,PN5,CH1,2025-06-21 17:00:00,2025-06-21,1,0.0,0.0005557099194220616,1.1652709,4.8546906,0
3,PN5,CH2,2025-06-21 17:00:00,2025-06-21,1,0.0,0.0,0.73648953,4.07435,0
2,PN5,CH1,2025-06-21 18:00:00,2025-06-21,1,0.0,0.0008335648791330926,0.5959013,3.6954803,0
3,PN5,CH2,2025-06-21 18:00:00,2025-06-21,1,0.0,0.0002778549597110308,1.0199533,5.045049,0
2,PN5,CH1,2025-06-21 19:00:00,2025-06-21,1,0.0,0.0005557099194220616,2.2886598,8.84137,7
3,PN5,CH2,2025-06-21 19:00:00,2025-06-21,1,0.0,0.0,0.9574658,4.143268,0
2,PN5,CH1,2025-06-21 20:00:00,2025-06-21,1,0.0,0.0,0.9217235,5.8191986,37
3,PN5,CH2,2025-06-21 20:00:00,2025-06-21,1,0.0,0.0,0.6410389,4.1010976,0
2,PN5,CH1,2025-06-21 21:00:00,2025-06-21,1,0.0,0.0,9.27678,48.53308,96
3,PN5,CH2,2025-06-21 21:00:00,2025-06-21,1,0.0,0.0005557099194220616,0.536283,3.4300985,0
2,PN5,CH1,2025-06-21 22:00:00,2025-06-21,1,0.0,0.0,1.3427087,9.021454,183
3,PN5,CH2,2025-06-21 22:00:00,2025-06-21,1,0.0,0.0,0.27328256,1.6503036,0
2,PN5,CH1,2025-06-21 23:00:00,2025-06-21,1,0.016666666666666666,0.0005557099194220616,4.830264,19.124191,44
3,PN5,CH2,2025-06-21 23:00:00,2025-06-21,1,0.016666666666666666,0.0002778549597110308,0.42090055,1.7504394,0
4,PN8,CH1,2025-06-04 00:00:00,2025-06-04,3,0.0,0.0002778549597110308,1.7154965,5.395565,0
5,PN8,CH2,2025-06-04 00:00:00,2025-06-04,3,0.0,0.3739927757710475,0.51660806,1.8692017,0
4,PN8,CH1,2025-06-04 01:00:00,2025-06-04,3,0.0,0.0013892747985551543,1.4140067,5.441456,0
5,PN8,CH2,2025-06-04 01:00:00,2025-06-04,3,0.0,0.32759099749930537,0.22295862,1.001358,0
4,PN8,CH1,2025-06-04 02:00:00,2025-06-04,3,0.0,0.0008335648791330926,2.1828272,8.202717,0
5,PN8,CH2,2025-06-04 02:00:00,2025-06-04,3,0.0,0.2828563489858294,0.6455236,2.0503998,1
4,PN8,CH1,2025-06-04 03:00:00,2025-06-04,3,0.0,0.001944984717977216,1.5430677,6.0524025,0
5,PN8,CH2,2025-06-04 03:00:00,2025-06-04,3,0.0,0.33287024173381496,0.2572316,1.115799,0
4,PN8,CH1,2025-06-04 04:00:00,2025-06-04,3,0.0,0.0016671297582661851,3.9156332,13.816208,0
5,PN8,CH2,2025-06-04 04:00:00,2025-06-04,3,0.0,0.37232564601278134,0.5285141,2.117157,1
4,PN8,CH1,2025-06-04 05:00:00,2025-06-04,3,0.0,0.0016671297582661851,2.6356063,8.459652,0
5,PN8,CH2,2025-06-04 05:00:00,2025-06-04,3,0.0,0.23728813559322035,1.6908206,5.2452087,0
4,PN8,CH1,2025-06-04 06:00:00,2025-06-04,3,0.0,0.0025006946373992774,2.2505732,7.6479473,0
5,PN8,CH2,2025-06-04 06:00:00,2025-06-04,3,0.0,0.2656293414837455,0.2755913,1.1062622,0
4,PN8,CH1,2025-06-04 07:00:00,2025-06-04,3,0.0,0.001944984717977216,2.22529,7.253438,5
5,PN8,CH2,2025-06-04 07:00:00,2025-06-04,3,0.0,0.3039733259238677,1.3235424,10.900497,60
4,PN8,CH1,2025-06-04 08:00:00,2025-06-04,3,0.0,0.0002778549597110308,0.63146317,2.8647842,0
5,PN8,CH2,2025-06-04 08:00:00,2025-06-04,3,0.0,0.26868574604056683,1.153629,3.8337708,1
4,PN8,CH1,2025-06-04 09:00:00,2025-06-04,3,0.0,0.0,1.2218214,5.1464148,0
5,PN8,CH2,2025-06-04 09:00:00,2025-06-04,3,0.0,0.2270075020839122,0.52241665,2.3841858,0
4,PN8,CH1,2025-06-04 10:00:00,2025-06-04,3,0.0,0.0008335648791330926,2.8297164,10.060408,3
5,PN8,CH2,2025-06-04 10:00:00,2025-06-04,3,0.0,0.23562100583495416,2.691651,8.888245,1
4,PN8,CH1,2025-06-04 11:00:00,2025-06-04,3,0.0002777777777777778,0.0016671297582661851,1.3612977,6.275065,0
5,PN8,CH2,2025-06-04 11:00:00,2025-06-04,3,0.0002777777777777778,0.16921367046401778,0.8142381,4.2533875,0
4,PN8,CH1,2025-06-04 12:00:00,2025-06-04,3,0.0,0.0005557099194220616,2.6846082,9.272695,0
5,PN8,CH2,2025-06-04 12:00:00,2025-06-04,3,0.0,0.2053348152264518,1.3190837,4.606247,1
4,PN8,CH1,2025-06-04 13:00:00,2025-06-04,3,0.0,0.0011114198388441233,1.8231279,7.37384,0
5,PN8,CH2,2025-06-04 13:00:00,2025-06-04,3,0.0,0.1542095026396221,1.3196245,4.9495697,1
4,PN8,CH1,2025-06-04 14:00:00,2025-06-04,3,0.0,0.0011114198388441233,1.9173319,7.382482,0
5,PN8,CH2,2025-06-04 14:00:00,2025-06-04,3,0.0,0.14170602945262573,0.48430467,2.3841858,0
4,PN8,CH1,2025-06-04 15:00:00,2025-06-04,3,0.0,0.0005557099194220616,0.95153165,4.5901537,0
5,PN8,CH2,2025-06-04 15:00:00,2025-06-04,3,0.0,0.16393442622950818,1.2386725,5.016327,0
4,PN8,CH1,2025-06-04 16:00:00,2025-06-04,3,0.0,0.0011114198388441233,0.9267994,4.832819,0
5,PN8,CH2,2025-06-04 16:00:00,2025-06-04,3,0.0,0.17810502917477078,0.6027983,2.9182434,0
4,PN8,CH1,2025-06-04 17:00:00,2025-06-04,3,0.0,0.0008335648791330926,2.4801197,7.807389,2
5,PN8,CH2,2025-06-04 17:00:00,2025-06-04,3,0.0,0.20144484579049737,0.75858635,2.6893616,1
4,PN8,CH1,2025-06-04 18:00:00,2025-06-04,3,0.0,0.0011114198388441233,3.0403154,10.538845,0
5,PN8,CH2,2025-06-04 18:00:00,2025-06-04,3,0.0,0.2214504028896916,1.1958389,3.9863586,3
4,PN8,CH1,2025-06-04 19:00:00,2025-06-04,3,0.0,0.0011114198388441233,1.1820879,4.21986,0
5,PN8,CH2,2025-06-04 19:00:00,2025-06-04,3,0.0,0.27507641011392053,0.96881115,3.271103,3
4,PN8,CH1,2025-06-04 20:00:00,2025-06-04,3,0.0,0.0002778549597110308,1.6189092,4.484579,0
5,PN8,CH2,2025-06-04 20:00:00,2025-06-04,3,0.0,0.3314809669352598,0.27037933,1.8119812,2
4,PN8,CH1,2025-06-04 21:00:00,2025-06-04,3,0.0,0.0011114198388441233,0.6293651,2.294407,0
5,PN8,CH2,2025-06-04 21:00:00,2025-06-04,3,0.0,0.4195609891636566,0.32611313,1.707077,0
4,PN8,CH1,2025-06-04 22:00:00,2025-06-04,3,0.0,0.0013892747985551543,0.9149349,3.198719,0
5,PN8,CH2,2025-06-04 22:00:00,2025-06-04,3,0.0,0.3834398444012226,0.68824446,2.3555756,0
4,PN8,CH1,2025-06-04 23:00:00,2025-06-04,3,0.0002777777777777778,0.0011114198388441233,0.7884506,3.9256706,0
5,PN8,CH2,2025-06-04 23:00:00,2025-06-04,3,0.0002777777777777778,0.4181717143651014,0.49257833,1.5449524,0
4,PN8,CH1,2025-06-05 00:00:00,2025-06-05,3,0.0,0.0008335648791330926,1.4362653,4.752537,0
5,PN8,CH2,2025-06-05 00:00:00,2025-06-05,3,0.0,0.40400111141983885,0.4780286,1.9931793,2
4,PN8,CH1,2025-06-05 01:00:00,2025-06-05,3,0.0,0.0011114198388441233,0.31090537,1.9210587,0
5,PN8,CH2,2025-06-05 01:00:00,2025-06-05,3,0.0,0.42567379827729923,0.23791471,1.1444092,2
4,PN8,CH1,2025-06-05 02:00:00,2025-06-05,3,0.0,0.001944984717977216,0.278649,1.2980804,0
5,PN8,CH2,2025-06-05 02:00:00,2025-06-05,3,0.0,0.4481800500138928,0.3890464,3.8528442,9
4,PN8,CH1,2025-06-05 03:00:00,2025-06-05,3,0.0,0.0013892747985551543,0.6843145,2.7626038,0
5,PN8,CH2,2025-06-05 03:00:00,2025-06-05,3,0.0,0.44456793553764934,0.23051962,0.8201599,0
4,PN8,CH1,2025-06-05 04:00:00,2025-06-05,3,0.0,0.0008335648791330926,2.0571482,7.0889664,0
5,PN8,CH2,2025-06-05 04:00:00,2025-06-05,3,0.0,0.405668241178105,0.38794073,1.9741058,0
4,PN8,CH1,2025-06-05 05:00:00,2025-06-05,3,0.0,0.0005557099194220616,1.4844697,5.582535,0
5,PN8,CH2,2025-06-05 05:00:00,2025-06-05,3,0.0,0.2586829674909697,2.524344,7.0762634,5
4,PN8,CH1,2025-06-05 06:00:00,2025-06-05,3,0.0,0.0,0.47639954,1.9184513,0
5,PN8,CH2,2025-06-05 06:00:00,2025-06-05,3,0.0,0.2639622117254793,0.2696523,1.1539459,0
4,PN8,CH1,2025-06-05 07:00:00,2025-06-05,3,0.0,0.001944984717977216,0.2916469,2.1217384,8
5,PN8,CH2,2025-06-05 07:00:00,2025-06-05,3,0.0,0.24117810502917478,0.17054752,0.82969666,1
4,PN8,CH1,2025-06-05 08:00:00,2025-06-05,3,0.0,0.0008335648791330926,1.051146,3.969595,5
5,PN8,CH2,2025-06-05 08:00:00,2025-06-05,3,0.0,0.26896360100027783,1.1182547,18.749237,68
4,PN8,CH1,2025-06-05 09:00:00,2025-06-05,3,0.0,0.0002778549597110308,1.7867115,6.3218546,0
5,PN8,CH2,2025-06-05 09:00:00,2025-06-05,3,0.0,0.3323145318143929,0.9065543,3.709793,0
4,PN8,CH1,2025-06-05 10:00:00,2025-06-05,3,0.0,0.0002778549597110308,0.83610857,4.3330717,0
5,PN8,CH2,2025-06-05 10:00:00,2025-06-05,3,0.0,0.19144206724090024,1.3238965,4.8065186,1
4,PN8,CH1,2025-06-05 11:00:00,2025-06-05,3,0.0,0.0008335648791330926,1.213531,5.3052235,0
5,PN8,CH2,2025-06-05 11:00:00,2025-06-05,3,0.0,0.1731036398999722,1.4980197,5.3215027,0
4,PN8,CH1,2025-06-05 12:00:00,2025-06-05,3,0.0,0.0002778549597110308,3.549599,11.902079,0
5,PN8,CH2,2025-06-05 12:00:00,2025-06-05,3,0.0,0.15476521255904419,1.9472876,6.084442,2
4,PN8,CH1,2025-06-05 13:00:00,2025-06-05,3,0.0,0.0,1.7815825,6.879493,0
5,PN8,CH2,2025-06-05 13:00:00,2025-06-05,3,0.0,0.1189219227563212,1.0574509,4.3296814,4
4,PN8,CH1,2025-06-05 14:00:00,2025-06-05,3,0.0,0.0008335648791330926,15.312294,134.15065,61
5,PN8,CH2,2025-06-05 14:00:00,2025-06-05,3,0.0,0.09891636565712698,3.6376407,165.26222,127
4,PN8,CH1,2025-06-05 15:00:00,2025-06-05,3,0.0,0.0,2.00833,7.697418,3
5,PN8,CH2,2025-06-05 15:00:00,2025-06-05,3,0.0,0.13642678521811613,2.1725175,6.67572,0
4,PN8,CH1,2025-06-05 16:00:00,2025-06-05,3,0.0,0.0008335648791330926,3.9533806,12.925118,0
5,PN8,CH2,2025-06-05 16:00:00,2025-06-05,3,0.0,0.19144206724090024,2.4023793,7.953644,0
4,PN8,CH1,2025-06-05 17:00:00,2025-06-05,3,0.0,0.0005557099194220616,2.230293,7.729679,2
5,PN8,CH2,2025-06-05 17:00:00,2025-06-05,3,0.0,0.18727424284523478,1.4625466,5.426407,4
4,PN8,CH1,2025-06-05 18:00:00,2025-06-05,3,0.0,0.0002778549597110308,0.6891336,2.7125702,0
5,PN8,CH2,2025-06-05 18:00:00,2025-06-05,3,0.0,0.29508196721311475,0.41048524,1.6975403,0
4,PN8,CH1,2025-06-05 19:00:00,2025-06-05,3,0.0,0.0008335648791330926,0.6195883,2.9380627,0
5,PN8,CH2,2025-06-05 19:00:00,2025-06-05,3,0.0,0.32453459294248405,0.3096099,1.8596649,0
4,PN8,CH1,2025-06-05 20:00:00,2025-06-05,3,0.0,0.0005557099194220616,0.90729195,5.912409,0
5,PN8,CH2,2025-06-05 20:00:00,2025-06-05,3,0.0,0.3020283412058905,1.1686167,4.6634674,1
4,PN8,CH1,2025-06-05 21:00:00,2025-06-05,3,0.0,0.0002778549597110308,0.7521135,5.6010113,0
5,PN8,CH2,2025-06-05 21:00:00,2025-06-05,3,0.0,0.24117810502917478,0.5858732,4.4441223,6
4,PN8,CH1,2025-06-05 22:00:00,2025-06-05,3,0.0,0.0,0.66529274,2.6233864,0
5,PN8,CH2,2025-06-05 22:00:00,2025-06-05,3,0.0,0.2245068074465129,0.5822332,2.155304,0
4,PN8,CH1,2025-06-05 23:00:00,2025-06-05,3,0.0002777777777777778,0.0005557099194220616,0.61825544,2.1418953,0
5,PN8,CH2,2025-06-05 23:00:00,2025-06-05,3,0.0002777777777777778,0.22895248680188943,0.37649438,1.2779236,0
4,PN8,CH1,2025-06-06 00:00:00,2025-06-06,3,0.0,0.0002778549597110308,0.4673474,1.594986,0
5,PN8,CH2,2025-06-06 00:00:00,2025-06-06,3,0.0,0.2270075020839122,0.3169051,1.2207031,0
4,PN8,CH1,2025-06-06 01:00:00,2025-06-06,3,0.0,0.0002778549597110308,0.41050646,1.936779,0
5,PN8,CH2,2025-06-06 01:00:00,2025-06-06,3,0.0,0.20700194498471797,0.09176643,0.5245209,0
4,PN8,CH1,2025-06-06 02:00:00,2025-06-06,3,0.0,0.0002778549597110308,0.3997285,1.4638901,0
5,PN8,CH2,2025-06-06 02:00:00,2025-06-06,3,0.0,0.2478466240622395,0.4900314,1.5640259,0
4,PN8,CH1,2025-06-06 03:00:00,2025-06-06,3,0.0,0.0008335648791330926,0.20133366,0.7745247,0
5,PN8,CH2,2025-06-06 03:00:00,2025-06-06,3,0.0,0.2647957766046124,0.23855771,0.82969666,0
4,PN8,CH1,2025-06-06 04:00:00,2025-06-06,3,0.0,0.0,0.66330427,2.630764,0
5,PN8,CH2,2025-06-06 04:00:00,2025-06-06,3,0.0,0.3453737149208113,0.3164803,1.6784668,0
4,PN8,CH1,2025-06-06 05:00:00,2025-06-06,3,0.0,0.0002778549597110308,2.2488542,7.5532494,0
5,PN8,CH2,2025-06-06 05:00:00,2025-06-06,3,0.0,0.36065573770491804,1.1093527,3.3569336,1
4,PN8,CH1,2025-06-06 06:00:00,2025-06-06,3,0.0,0.0002778549597110308,0.95558333,4.344097,1
5,PN8,CH2,2025-06-06 06:00:00,2025-06-06,3,0.0,0.3623228674631842,0.66829693,2.0217896,0
4,PN8,CH1,2025-06-06 07:00:00,2025-06-06,3,0.0,0.0005557099194220616,0.29270247,1.489296,0
5,PN8,CH2,2025-06-06 07:00:00,2025-06-06,3,0.0,0.3503751041956099,0.5518193,2.2125244,0
4,PN8,CH1,2025-06-06 08:00:00,2025-06-06,3,0.0,0.0002778549597110308,2.2163575,8.955597,4
5,PN8,CH2,2025-06-06 08:00:00,2025-06-06,3,0.0,0.21061405946096137,2.1717732,8.049011,14
4,PN8,CH1,2025-06-06 09:00:00,2025-06-06,3,0.0,0.0002778549597110308,0.63670206,5.091839,4
5,PN8,CH2,2025-06-06 09:00:00,2025-06-06,3,0.0,0.25784940261183664,0.82963854,3.8051605,1
4,PN8,CH1,2025-06-06 10:00:00,2025-06-06,3,0.0,0.0005557099194220616,1.42511,4.9412994,1
5,PN8,CH2,2025-06-06 10:00:00,2025-06-06,3,0.0,0.2467352042233954,0.78343874,2.9277802,1
4,PN8,CH1,2025-06-06 11:00:00,2025-06-06,3,0.0002777777777777778,0.0002778549597110308,1.5529993,53.325706,57
5,PN8,CH2,2025-06-06 11:00:00,2025-06-06,3,0.0002777777777777778,0.18171714365101416,1.9578048,25.186539,138
4,PN8,CH1,2025-06-06 12:00:00,2025-06-06,3,0.0,0.0002778549597110308,2.0062313,7.434189,3
5,PN8,CH2,2025-06-06 12:00:00,2025-06-06,3,0.0,0.0928035565434843,1.2387879,4.339218,4
4,PN8,CH1,2025-06-06 13:00:00,2025-06-06,3,0.0,0.0,2.0473275,7.707178,13
5,PN8,CH2,2025-06-06 13:00:00,2025-06-06,3,0.0,0.10225062517365935,0.81443244,3.8909912,13
4,PN8,CH1,2025-06-06 14:00:00,2025-06-06,3,0.0,0.0002778549597110308,0.7658538,3.5127258,3
5,PN8,CH2,2025-06-06 14:00:00,2025-06-06,3,0.0,0.26868574604056683,1.2154906,4.901886,13
4,PN8,CH1,2025-06-06 15:00:00,2025-06-06,3,0.0,0.0,2.4119763,8.295179,1
5,PN8,CH2,2025-06-06 15:00:00,2025-06-06,3,0.0,0.2797999444290081,1.2214298,3.9577484,0
4,PN8,CH1,2025-06-06 16:00:00,2025-06-06,3,0.0,0.0002778549597110308,1.2304369,5.939975,0
5,PN8,CH2,2025-06-06 16:00:00,2025-06-06,3,0.0,0.2772992497916088,0.37930366,1.7261505,1
4,PN8,CH1,2025-06-06 17:00:00,2025-06-06,3,0.0,0.0008335648791330926,1.5844902,5.253442,0
5,PN8,CH2,2025-06-06 17:00:00,2025-06-06,3,0.0,0.2586829674909697,0.52096313,2.1266937,0
4,PN8,CH1,2025-06-06 18:00:00,2025-06-06,3,0.0,0.0008335648791330926,1.4228749,4.6151505,0
5,PN8,CH2,2025-06-06 18:00:00,2025-06-06,3,0.0,0.2636843567657683,1.1879495,5.9890747,0
4,PN8,CH1,2025-06-06 19:00:00,2025-06-06,3,0.0,0.0005557099194220616,1.6518934,5.4888797,0
5,PN8,CH2,2025-06-06 19:00:00,2025-06-06,3,0.0,0.3114754098360656,0.3163931,1.2779236,0
4,PN8,CH1,2025-06-06 20:00:00,2025-06-06,3,0.0,0.0008335648791330926,3.9661458,10.673404,0
5,PN8,CH2,2025-06-06 20:00:00,2025-06-06,3,0.0,0.36899138649624896,2.0580602,6.5135956,0
4,PN8,CH1,2025-06-06 21:00:00,2025-06-06,3,0.0,0.0005557099194220616,0.35699534,1.878664,0
5,PN8,CH2,2025-06-06 21:00:00,2025-06-06,3,0.0,0.4301194776326757,0.64280665,2.7561188,2
4,PN8,CH1,2025-06-06 22:00:00,2025-06-06,3,0.0,0.0005557099194220616,0.48198983,2.1556015,0
5,PN8,CH2,2025-06-06 22:00:00,2025-06-06,3,0.0,0.27702139483189775,1.2745122,4.491806,10
4,PN8,CH1,2025-06-06 23:00:00,2025-06-06,3,0.0,0.0008335648791330926,0.9811204,3.3500786,0
5,PN8,CH2,2025-06-06 23:00:00,2025-06-06,3,0.0,0.20144484579049737,0.37531358,3.376007,8
4,PN8,CH1,2025-06-07 00:00:00,2025-06-07,3,0.0,0.0,0.40996468,1.7351284,0
5,PN8,CH2,2025-06-07 00:00:00,2025-06-07,3,0.0,0.20505696026674075,0.23943692,1.0108948,0
4,PN8,CH1,2025-06-07 01:00:00,2025-06-07,3,0.0,0.0002778549597110308,0.29025838,1.7605362,0
5,PN8,CH2,2025-06-07 01:00:00,2025-06-07,3,0.0,0.19977771603223118,2.8401284,7.4100494,0
4,PN8,CH1,2025-06-07 02:00:00,2025-06-07,3,0.0,0.0008335648791330926,0.2863073,1.2117996,0
5,PN8,CH2,2025-06-07 02:00:00,2025-06-07,3,0.0,0.19477632675743262,0.10950264,0.6389618,0
4,PN8,CH1,2025-06-07 03:00:00,2025-06-07,3,0.0,0.0002778549597110308,1.8116337,6.0050926,0
5,PN8,CH2,2025-06-07 03:00:00,2025-06-07,3,0.0,0.14809669352597943,1.2212768,3.5381317,0
4,PN8,CH1,2025-06-07 04:00:00,2025-06-07,3,0.0,0.0005557099194220616,1.6549268,6.9541874,0
5,PN8,CH2,2025-06-07 04:00:00,2025-06-07,3,0.0,0.22061683801055848,1.2804337,4.3964386,0
4,PN8,CH1,2025-06-07 05:00:00,2025-06-07,3,0.0,0.0005557099194220616,1.4887731,4.519188,0
5,PN8,CH2,2025-06-07 05:00:00,2025-06-07,3,0.0,0.2181161433731592,0.4515216,1.7356873,0
4,PN8,CH1,2025-06-07 06:00:00,2025-06-07,3,0.0,0.0008335648791330926,1.1208524,3.3210955,0
5,PN8,CH2,2025-06-07 06:00:00,2025-06-07,3,0.0,0.2045012503473187,0.41283655,1.3637543,0
4,PN8,CH1,2025-06-07 07:00:00,2025-06-07,3,0.0,0.0002778549597110308,0.49477983,2.7746696,0
5,PN8,CH2,2025-06-07 07:00:00,2025-06-07,3,0.0,0.15976660183384273,0.73189294,3.6144257,2
4,PN8,CH1,2025-06-07 08:00:00,2025-06-07,3,0.0,0.0002778549597110308,0.2497673,1.3937054,0
5,PN8,CH2,2025-06-07 08:00:00,2025-06-07,3,0.0,0.12642400666851902,0.78941774,3.1852722,2
4,PN8,CH1,2025-06-07 09:00:00,2025-06-07,3,0.0,0.0002778549597110308,1.2961595,6.2163916,0
5,PN8,CH2,2025-06-07 09:00:00,2025-06-07,3,0.0,0.15976660183384273,0.82922864,3.1280518,0
4,PN8,CH1,2025-06-07 10:00:00,2025-06-07,3,0.0,0.0002778549597110308,5.708127,97.95145,82
5,PN8,CH2,2025-06-07 10:00:00,2025-06-07,3,0.0,0.10280633509308142,5.8136873,111.551285,213
4,PN8,CH1,2025-06-07 11:00:00,2025-06-07,3,0.0,0.0,2.0105276,7.937066,1
5,PN8,CH2,2025-06-07 11:00:00,2025-06-07,3,0.0,0.09363712142261739,1.6545744,9.841919,11
4,PN8,CH1,2025-06-07 12:00:01,2025-06-07,3,0.0002777777777777778,0.0005557099194220616,1.9423035,7.2463975,3
5,PN8,CH2,2025-06-07 12:00:01,2025-06-07,3,0.0002777777777777778,0.1594887468741317,0.79119986,4.863739,32
4,PN8,CH1,2025-06-07 13:00:00,2025-06-07,3,0.0,0.0011114198388441233,1.4723319,5.120262,1
5,PN8,CH2,2025-06-07 13:00:00,2025-06-07,3,0.0,0.2467352042233954,0.6326635,2.7656555,8
4,PN8,CH1,2025-06-07 14:00:00,2025-06-07,3,0.0,0.0,0.42840335,1.8487501,1
5,PN8,CH2,2025-06-07 14:00:00,2025-06-07,3,0.0,0.3748263406501806,1.0339239,3.5095215,4
4,PN8,CH1,2025-06-07 15:00:00,2025-06-07,3,0.0,0.0005557099194220616,0.78362054,3.378428,0
5,PN8,CH2,2025-06-07 15:00:00,2025-06-07,3,0.0,0.2478466240622395,0.31779593,1.4019012,5
4,PN8,CH1,2025-06-07 16:00:00,2025-06-07,3,0.0,0.0,0.98482597,4.6021123,1
5,PN8,CH2,2025-06-07 16:00:00,2025-06-07,3,0.0,0.25479299805501526,1.0041993,4.2819977,16
4,PN8,CH1,2025-06-07 17:00:00,2025-06-07,3,0.0,0.0,1.1218522,4.216098,0
5,PN8,CH2,2025-06-07 17:00:00,2025-06-07,3,0.0,0.3731592108919144,2.0520608,6.504059,10
4,PN8,CH1,2025-06-07 18:00:00,2025-06-07,3,0.0,0.0,0.6670298,2.8795376,0
5,PN8,CH2,2025-06-07 18:00:00,2025-06-07,3,0.0,0.3837176993609336,0.54838234,2.2697449,3
4,PN8,CH1,2025-06-07 19:00:00,2025-06-07,3,0.0,0.0002778549597110308,0.44809076,1.5353041,0
5,PN8,CH2,2025-06-07 19:00:00,2025-06-07,3,0.0,0.42011669908307864,0.0903233,0.5054474,0
4,PN8,CH1,2025-06-07 20:00:00,2025-06-07,3,0.0,0.0005557099194220616,0.9779609,4.8395243,0
5,PN8,CH2,2025-06-07 20:00:00,2025-06-07,3,0.0,0.45623784384551264,1.6069778,5.6934357,0
4,PN8,CH1,2025-06-07 21:00:00,2025-06-07,3,0.0,0.0008335648791330926,1.155036,4.867428,1
5,PN8,CH2,2025-06-07 21:00:00,2025-06-07,3,0.0,0.21422617393720478,0.5209891,1.6784668,0
4,PN8,CH1,2025-06-07 22:00:00,2025-06-07,3,0.0,0.0,1.1194719,4.7736607,0
5,PN8,CH2,2025-06-07 22:00:00,2025-06-07,3,0.0,0.21144762434009448,1.2568886,4.386902,0
4,PN8,CH1,2025-06-07 23:00:00,2025-06-07,3,0.0,0.0002778549597110308,0.48228902,2.004057,0
5,PN8,CH2,2025-06-07 23:00:00,2025-06-07,3,0.0,0.27507641011392053,0.23464414,1.0108948,0
4,PN8,CH1,2025-06-08 00:00:00,2025-06-08,3,0.0,0.0,0.40456358,1.6635666,0
5,PN8,CH2,2025-06-08 00:00:00,2025-06-08,3,0.0,0.20672409002500694,0.37508798,1.3256073,0
4,PN8,CH1,2025-06-08 01:00:00,2025-06-08,3,0.0,0.0002778549597110308,0.27961257,1.2994194,0
5,PN8,CH2,2025-06-08 01:00:00,2025-06-08,3,0.0,0.19866629619338705,0.22633329,0.8201599,0
4,PN8,CH1,2025-06-08 02:00:00,2025-06-08,3,0.0,0.0005557099194220616,0.6072296,3.3919506,0
5,PN8,CH2,2025-06-08 02:00:00,2025-06-08,3,0.0,0.16810225062517367,0.5472302,1.8882751,0
4,PN8,CH1,2025-06-08 03:00:00,2025-06-08,3,0.0,0.0,0.5277599,2.5275726,0
5,PN8,CH2,2025-06-08 03:00:00,2025-06-08,3,0.0,0.2108919144206724,0.68442225,3.0231476,0
4,PN8,CH1,2025-06-08 04:00:00,2025-06-08,3,0.0,0.0002778549597110308,1.3941106,4.8925724,0
5,PN8,CH2,2025-06-08 04:00:00,2025-06-08,3,0.0,0.2859127535426507,0.23621851,1.2397766,0
4,PN8,CH1,2025-06-08 05:00:00,2025-06-08,3,0.0,0.0,2.3918092,8.820221,0
5,PN8,CH2,2025-06-08 05:00:00,2025-06-08,3,0.0,0.4712420116699083,0.2970651,1.1348724,0
4,PN8,CH1,2025-06-08 06:00:00,2025-06-08,3,0.0,0.0,0.27975056,1.3052673,0
5,PN8,CH2,2025-06-08 06:00:00,2025-06-08,3,0.0,0.41122534037232567,0.30275583,1.1539459,0
4,PN8,CH1,2025-06-08 07:00:00,2025-06-08,3,0.0,0.0,1.0721395,3.8458776,0
5,PN8,CH2,2025-06-08 07:00:00,2025-06-08,3,0.0,0.3464851347596555,1.0012838,3.74794,0
4,PN8,CH1,2025-06-08 08:00:00,2025-06-08,3,0.0,0.0002778549597110308,1.2284781,4.716404,5
5,PN8,CH2,2025-06-08 08:00:00,2025-06-08,3,0.0,0.2534037232564601,1.3830366,5.0354004,7
4,PN8,CH1,2025-06-08 09:00:00,2025-06-08,3,0.0,0.0,0.28690425,1.9337978,0
5,PN8,CH2,2025-06-08 09:00:00,2025-06-08,3,0.0,0.3303695470964157,0.48315656,1.9741058,0
4,PN8,CH1,2025-06-08 10:00:00,2025-06-08,3,0.0,0.0002778549597110308,2.1730444,11.078939,156
5,PN8,CH2,2025-06-08 10:00:00,2025-06-08,3,0.0,0.09530425118088358,2.6566334,36.420822,267
4,PN8,CH1,2025-06-08 11:00:00,2025-06-08,3,0.0002777777777777778,0.0,1.0509046,5.1340456,0
5,PN8,CH2,2025-06-08 11:00:00,2025-06-08,3,0.0002777777777777778,0.063073075854404,0.6953218,3.1471252,35
4,PN8,CH1,2025-06-08 12:00:00,2025-06-08,3,0.0,0.0005557099194220616,0.90785074,4.176796,8
5,PN8,CH2,2025-06-08 12:00:00,2025-06-08,3,0.0,0.07279799944429008,0.62502366,2.527237,13
4,PN8,CH1,2025-06-08 13:00:00,2025-06-08,3,0.0,0.0005557099194220616,1.6358515,6.767437,0
5,PN8,CH2,2025-06-08 13:00:00,2025-06-08,3,0.0,0.07057515976660184,2.0895445,6.2847137,1
4,PN8,CH1,2025-06-08 14:00:00,2025-06-08,3,0.0,0.0002778549597110308,1.4486203,5.8096647,0
5,PN8,CH2,2025-06-08 14:00:00,2025-06-08,3,0.0,0.07446512920255627,1.2865587,4.8923492,0
4,PN8,CH1,2025-06-08 15:00:00,2025-06-08,3,0.0,0.0005557099194220616,1.7299376,8.548499,0
5,PN8,CH2,2025-06-08 15:00:00,2025-06-08,3,0.0,0.09669352597943873,1.1502582,4.4822693,0
4,PN8,CH1,2025-06-08 16:00:00,2025-06-08,3,0.0,0.0,2.0040357,7.760599,0
5,PN8,CH2,2025-06-08 16:00:00,2025-06-08,3,0.0,0.15698805223673243,0.9873083,4.3964386,1
4,PN8,CH1,2025-06-08 17:00:00,2025-06-08,3,0.0,0.0005557099194220616,0.95594585,4.6496086,0
5,PN8,CH2,2025-06-08 17:00:00,2025-06-08,3,0.0,0.2197832731314254,0.72423905,3.0326843,0
4,PN8,CH1,2025-06-08 18:00:00,2025-06-08,3,0.0,0.0005557099194220616,0.8130384,3.7952518,0
5,PN8,CH2,2025-06-08 18:00:00,2025-06-08,3,0.0,0.22117254792998056,0.754615,3.528595,0
4,PN8,CH1,2025-06-08 19:00:00,2025-06-08,3,0.0,0.0,1.3224401,6.752163,0
5,PN8,CH2,2025-06-08 19:00:00,2025-06-08,3,0.0,0.32147818838566267,1.3000515,6.351471,0
4,PN8,CH1,2025-06-08 20:00:00,2025-06-08,3,0.0,0.0,1.1849062,4.8350525,1
5,PN8,CH2,2025-06-08 20:00:00,2025-06-08,3,0.0,0.3298138371769936,0.21388747,1.5640259,0
4,PN8,CH1,2025-06-08 21:00:00,2025-06-08,3,0.0,0.0008335648791330926,0.7124657,3.0661373,0
5,PN8,CH2,2025-06-08 21:00:00,2025-06-08,3,0.0,0.45179216449013615,0.9437461,2.7370453,0
4,PN8,CH1,2025-06-08 22:00:00,2025-06-08,3,0.0,0.0002778549597110308,0.48936948,2.1438293,0
5,PN8,CH2,2025-06-08 22:00:00,2025-06-08,3,0.0,0.49513753820505696,0.70581263,2.3937225,0
4,PN8,CH1,2025-06-08 23:00:00,2025-06-08,3,0.0,0.0002778549597110308,0.58338743,2.4196491,0
5,PN8,CH2,2025-06-08 23:00:00,2025-06-08,3,0.0,0.47096415671019726,0.28891122,0.91552734,0
4,PN8,CH1,2025-06-09 00:00:00,2025-06-09,3,0.0,0.0008335648791330926,0.41800302,1.6454239,0
5,PN8,CH2,2025-06-09 00:00:00,2025-06-09,3,0.0,0.49597110308419007,0.20302805,0.74386597,0
4,PN8,CH1,2025-06-09 01:00:00,2025-06-09,3,0.0,0.0002778549597110308,0.7312513,2.3351974,0
5,PN8,CH2,2025-06-09 01:00:00,2025-06-09,3,0.0,0.5209780494581828,0.13308653,0.5531311,0
4,PN8,CH1,2025-06-09 02:00:00,2025-06-09,3,0.0,0.0013892747985551543,0.4519036,1.331047,0
5,PN8,CH2,2025-06-09 02:00:00,2025-06-09,3,0.0,0.4631842178382884,0.21579833,0.7247925,0
4,PN8,CH1,2025-06-09 03:00:00,2025-06-09,3,0.0,0.0002778549597110308,0.5032009,1.4883652,0
5,PN8,CH2,2025-06-09 03:00:00,2025-06-09,3,0.0,0.5118088357877189,0.6043783,1.8119812,0
4,PN8,CH1,2025-06-09 04:00:00,2025-06-09,3,0.0,0.0002778549597110308,1.492502,5.839319,0
5,PN8,CH2,2025-06-09 04:00:00,2025-06-09,3,0.0,0.44206724090025007,0.20959154,1.3828278,0
4,PN8,CH1,2025-06-09 05:00:00,2025-06-09,3,0.0,0.0002778549597110308,1.3188542,3.5618992,0
5,PN8,CH2,2025-06-09 05:00:00,2025-06-09,3,0.0,0.43734370658516253,0.7899432,2.3460388,0
4,PN8,CH1,2025-06-09 06:00:00,2025-06-09,3,0.0,0.0,0.22017041,1.1967869,0
5,PN8,CH2,2025-06-09 06:00:00,2025-06-09,3,0.0,0.41567101972770215,0.15731204,1.3542175,0
4,PN8,CH1,2025-06-09 07:00:00,2025-06-09,3,0.0,0.0,1.441006,6.0670834,0
5,PN8,CH2,2025-06-09 07:00:00,2025-06-09,3,0.0,0.4078910808557933,1.8699893,5.464554,0
4,PN8,CH1,2025-06-09 08:00:00,2025-06-09,3,0.0,0.0,1.2410132,4.7474346,4
5,PN8,CH2,2025-06-09 08:00:00,2025-06-09,3,0.0,0.15254237288135594,0.88970184,15.220642,48
4,PN8,CH1,2025-06-09 09:00:00,2025-06-09,3,0.0,0.0002778549597110308,0.28731167,1.617075,0
5,PN8,CH2,2025-06-09 09:00:00,2025-06-09,3,0.0,0.09196999166435121,0.76269484,2.8800964,26
4,PN8,CH1,2025-06-09 10:00:00,2025-06-09,3,0.0,0.0,0.41812912,2.650917,1
5,PN8,CH2,2025-06-09 10:00:00,2025-06-09,3,0.0,0.09196999166435121,0.85964704,2.8514862,1
4,PN8,CH1,2025-06-09 11:00:00,2025-06-09,3,0.0,0.0002778549597110308,0.8806136,4.054904,0
5,PN8,CH2,2025-06-09 11:00:00,2025-06-09,3,0.0,0.08835787718810781,0.77804726,4.558563,1
4,PN8,CH1,2025-06-09 12:00:00,2025-06-09,3,0.0,0.0002778549597110308,1.8076143,6.6499414,0
5,PN8,CH2,2025-06-09 12:00:00,2025-06-09,3,0.0,0.08641289247013059,0.5906029,2.7656555,0
4,PN8,CH1,2025-06-09 13:00:00,2025-06-09,3,0.0,0.0013892747985551543,1.5761362,5.7365,0
5,PN8,CH2,2025-06-09 13:00:00,2025-06-09,3,0.0,0.09919422061683801,0.5670705,2.6988983,2
4,PN8,CH1,2025-06-09 14:00:00,2025-06-09,3,0.0,0.0,1.5899901,6.323084,0
5,PN8,CH2,2025-06-09 14:00:00,2025-06-09,3,0.0,0.09863851069741594,1.0226506,3.8051605,0
4,PN8,CH1,2025-06-09 15:00:00,2025-06-09,3,0.0,0.0011114198388441233,0.7771922,3.0729547,0
5,PN8,CH2,2025-06-09 15:00:00,2025-06-09,3,0.0,0.1153098082800778,0.30555075,1.6975403,0
4,PN8,CH1,2025-06-09 16:00:00,2025-06-09,3,0.0,0.0008335648791330926,1.155886,4.068017,0
5,PN8,CH2,2025-06-09 16:00:00,2025-06-09,3,0.0,0.17866073909419283,1.1199399,3.414154,0
4,PN8,CH1,2025-06-09 17:00:00,2025-06-09,3,0.0,0.0011114198388441233,0.52722776,3.3114853,0
5,PN8,CH2,2025-06-09 17:00:00,2025-06-09,3,0.0,0.19588774659627675,1.2557974,5.8078766,1
4,PN8,CH1,2025-06-09 18:00:00,2025-06-09,3,0.0,0.0008335648791330926,1.3600379,6.1794376,0
5,PN8,CH2,2025-06-09 18:00:00,2025-06-09,3,0.0,0.1928313420394554,1.3384796,4.711151,0
4,PN8,CH1,2025-06-09 19:00:00,2025-06-09,3,0.0,0.0,1.9312037,6.4597645,0
5,PN8,CH2,2025-06-09 19:00:00,2025-06-09,3,0.0,0.20755765490414005,1.3654735,4.97818,3
4,PN8,CH1,2025-06-09 20:00:00,2025-06-09,3,0.0,0.0,0.81957984,3.6315613,0
5,PN8,CH2,2025-06-09 20:00:00,2025-06-09,3,0.0,0.23367602111697694,0.80344,3.7956238,0
4,PN8,CH1,2025-06-09 21:00:00,2025-06-09,3,0.0,0.0016671297582661851,1.1308479,4.2173634,0
5,PN8,CH2,2025-06-09 21:00:00,2025-06-09,3,0.0,0.22672964712420116,0.7007853,2.336502,3
4,PN8,CH1,2025-06-09 22:00:00,2025-06-09,3,0.0,0.0002778549597110308,1.1498443,4.077999,0
5,PN8,CH2,2025-06-09 22:00:00,2025-06-09,3,0.0,0.24395665462628507,1.6105934,6.4086914,2
4,PN8,CH1,2025-06-09 23:00:00,2025-06-09,3,0.0,0.0005557099194220616,1.0684855,3.3925095,0
5,PN8,CH2,2025-06-09 23:00:00,2025-06-09,3,0.0,0.24228952486801889,0.4090699,1.4591217,0
4,PN8,CH1,2025-06-10 00:00:01,2025-06-10,3,0.0002777777777777778,0.0008335648791330926,0.7896164,2.647377,0
5,PN8,CH2,2025-06-10 00:00:01,2025-06-10,3,0.0002777777777777778,0.27618782995276464,0.41114363,1.449585,0
4,PN8,CH1,2025-06-10 01:00:00,2025-06-10,3,0.0,0.0011114198388441233,0.8898058,3.4510345,1
5,PN8,CH2,2025-06-10 01:00:00,2025-06-10,3,0.0,0.3042511808835788,0.123279974,0.6198883,0
4,PN8,CH1,2025-06-10 02:00:00,2025-06-10,3,0.0,0.0008335648791330926,0.95775974,3.156475,0
5,PN8,CH2,2025-06-10 02:00:00,2025-06-10,3,0.0,0.3050847457627119,0.19951478,0.82969666,0
4,PN8,CH1,2025-06-10 03:00:00,2025-06-10,3,0.0,0.0011114198388441233,0.7480778,2.390335,0
5,PN8,CH2,2025-06-10 03:00:00,2025-06-10,3,0.0,0.28785773826062794,0.26467976,1.1062622,0
4,PN8,CH1,2025-06-10 04:00:00,2025-06-10,3,0.0,0.0011114198388441233,0.96530765,3.0918808,0
5,PN8,CH2,2025-06-10 04:00:00,2025-06-10,3,0.0,0.24562378438455126,0.20175064,1.5068054,1
4,PN8,CH1,2025-06-10 05:00:00,2025-06-10,3,0.0,0.0008335648791330926,0.5913468,2.1348152,0
5,PN8,CH2,2025-06-10 05:00:00,2025-06-10,3,0.0,0.23895526535148653,0.5026815,1.7738342,0
4,PN8,CH1,2025-06-10 06:00:00,2025-06-10,3,0.0,0.0008335648791330926,0.5716596,2.3839989,0
5,PN8,CH2,2025-06-10 06:00:00,2025-06-10,3,0.0,0.21839399833287024,0.2788558,1.2207031,0
4,PN8,CH1,2025-06-10 07:00:00,2025-06-10,3,0.0,0.0011114198388441233,0.734921,3.23143,0
5,PN8,CH2,2025-06-10 07:00:00,2025-06-10,3,0.0,0.24340094470686302,1.2896484,4.348755,0
4,PN8,CH1,2025-06-10 08:00:00,2025-06-10,3,0.0,0.0002778549597110308,0.5971396,2.7900543,0
5,PN8,CH2,2025-06-10 08:00:00,2025-06-10,3,0.0,0.23173103639899972,0.3848538,1.7929077,0
4,PN8,CH1,2025-06-10 09:00:00,2025-06-10,3,0.0,0.0005557099194220616,0.7901577,2.8931694,0
5,PN8,CH2,2025-06-10 09:00:00,2025-06-10,3,0.0,0.23562100583495416,0.6705534,2.708435,0
4,PN8,CH1,2025-06-10 10:00:00,2025-06-10,3,0.0,0.0002778549597110308,0.6803055,3.653576,0
5,PN8,CH2,2025-06-10 10:00:00,2025-06-10,3,0.0,0.1911642122811892,0.6091223,2.1362305,0
4,PN8,CH1,2025-06-10 11:00:00,2025-06-10,3,0.0,0.0,0.6800382,3.4475327,0
5,PN8,CH2,2025-06-10 11:00:00,2025-06-10,3,0.0,0.17088080022228397,0.43817252,2.07901,1
4,PN8,CH1,2025-06-10 12:00:00,2025-06-10,3,0.0,0.0002778549597110308,14.708518,172.09999,271
5,PN8,CH2,2025-06-10 12:00:00,2025-06-10,3,0.0,0.13031397610447346,2.096212,36.354065,200
4,PN8,CH1,2025-06-10 13:00:00,2025-06-10,3,0.0,0.0,47.09636,282.64563,3322
5,PN8,CH2,2025-06-10 13:00:00,2025-06-10,3,0.0,0.05084745762711865,5.3434744,23.651123,792
4,PN8,CH1,2025-06-10 14:00:00,2025-06-10,3,0.0,0.0002778549597110308,22.045164,140.06816,1342
5,PN8,CH2,2025-06-10 14:00:00,2025-06-10,3,0.0,0.13198110586273964,2.2492702,11.405945,182
4,PN8,CH1,2025-06-10 15:00:00,2025-06-10,3,0.0,0.0008335648791330926,15.193708,94.54314,820
5,PN8,CH2,2025-06-10 15:00:00,2025-06-10,3,0.0,0.16143373159210891,0.8313298,3.1852722,3
4,PN8,CH1,2025-06-10 16:00:00,2025-06-10,3,0.0,0.0005557099194220616,1.107645,4.7720184,1
5,PN8,CH2,2025-06-10 16:00:00,2025-06-10,3,0.0,0.18060572381217005,0.49250498,1.9931793,2
4,PN8,CH1,2025-06-10 17:00:00,2025-06-10,3,0.0,0.0002778549597110308,8.964335,69.589096,1527
5,PN8,CH2,2025-06-10 17:00:00,2025-06-10,3,0.0,0.18366212836899137,1.5539528,5.4740906,1
4,PN8,CH1,2025-06-10 18:00:00,2025-06-10,3,0.0,0.0,7.936451,45.462772,2754
5,PN8,CH2,2025-06-10 18:00:00,2025-06-10,3,0.0,0.2028341205890525,0.6436753,2.5844574,2
4,PN8,CH1,2025-06-10 19:00:00,2025-06-10,3,0.0,0.0,4.9910765,26.910603,2957
5,PN8,CH2,2025-06-10 19:00:00,2025-06-10,3,0.0,0.22117254792998056,0.5077902,2.3078918,2
4,PN8,CH1,2025-06-10 20:00:00,2025-06-10,3,0.0,0.0,3.428233,27.80341,2788
5,PN8,CH2,2025-06-10 20:00:00,2025-06-10,3,0.0,0.20311197554876353,0.93004525,3.0612946,9
4,PN8,CH1,2025-06-10 21:00:00,2025-06-10,3,0.0,0.0,5.5348954,30.62777,2882
5,PN8,CH2,2025-06-10 21:00:00,2025-06-10,3,0.0,0.16393442622950818,0.8477234,3.0136108,2
4,PN8,CH1,2025-06-10 22:00:00,2025-06-10,3,0.0,0.0002778549597110308,4.8246365,73.38405,1393
5,PN8,CH2,2025-06-10 22:00:00,2025-06-10,3,0.0,0.19783273131425397,1.0861366,4.262924,3
4,PN8,CH1,2025-06-10 23:00:00,2025-06-10,3,0.0,0.0,4.8470135,49.9608,1160
5,PN8,CH2,2025-06-10 23:00:00,2025-06-10,3,0.0,0.27896637954987497,0.4428743,1.6212463,5
4,PN8,CH1,2025-06-11 00:00:00,2025-06-11,3,0.0,0.0,11.933668,61.77768,2848
5,PN8,CH2,2025-06-11 00:00:00,2025-06-11,3,0.0,0.24812447902195053,0.5328742,2.5749207,12
4,PN8,CH1,2025-06-11 01:00:00,2025-06-11,3,0.0,0.0,11.825508,51.451447,2916
5,PN8,CH2,2025-06-11 01:00:00,2025-06-11,3,0.0,0.11947763267574327,1.6260858,5.912781,7
4,PN8,CH1,2025-06-11 02:00:00,2025-06-11,3,0.0,0.0,9.964901,51.63566,2947
5,PN8,CH2,2025-06-11 02:00:00,2025-06-11,3,0.0,0.12420116699083078,0.83939874,3.9958954,10
4,PN8,CH1,2025-06-11 03:00:00,2025-06-11,3,0.0,0.0,26.813417,108.400986,3062
5,PN8,CH2,2025-06-11 03:00:00,2025-06-11,3,0.0,0.13559322033898305,2.2162557,7.343292,6
4,PN8,CH1,2025-06-11 04:00:00,2025-06-11,3,0.0,0.0002778549597110308,6.5309806,44.297646,3162
5,PN8,CH2,2025-06-11 04:00:00,2025-06-11,3,0.0,0.1911642122811892,0.7088893,2.6893616,0
4,PN8,CH1,2025-06-11 05:00:00,2025-06-11,3,0.0,0.0,5.528386,38.92533,3096
5,PN8,CH2,2025-06-11 05:00:00,2025-06-11,3,0.0,0.19672131147540983,0.8304207,2.9087067,0
4,PN8,CH1,2025-06-11 06:00:00,2025-06-11,3,0.0,0.0,4.499496,34.499313,3133
5,PN8,CH2,2025-06-11 06:00:00,2025-06-11,3,0.0,0.21728257849402613,0.2876793,1.5258789,0
4,PN8,CH1,2025-06-11 07:00:00,2025-06-11,3,0.0,0.0,7.4962006,41.123253,2876
5,PN8,CH2,2025-06-11 07:00:00,2025-06-11,3,0.0,0.23034176160044456,1.5932461,4.787445,0
4,PN8,CH1,2025-06-11 08:00:00,2025-06-11,3,0.0,0.0,4.3729973,23.447681,2408
5,PN8,CH2,2025-06-11 08:00:00,2025-06-11,3,0.0,0.25284801333703805,1.6669,6.0272217,2
4,PN8,CH1,2025-06-11 09:00:00,2025-06-11,3,0.0,0.0,2.8506255,41.70366,1684
5,PN8,CH2,2025-06-11 09:00:00,2025-06-11,3,0.0,0.27257571547652126,0.60959476,2.374649,0
4,PN8,CH1,2025-06-11 10:00:00,2025-06-11,3,0.0,0.0,4.124472,67.2552,587
5,PN8,CH2,2025-06-11 10:00:00,2025-06-11,3,0.0,0.17060294526257294,0.4073624,1.9550323,17
4,PN8,CH1,2025-06-11 11:00:00,2025-06-11,3,0.0,0.0,17.599606,188.1934,1505
5,PN8,CH2,2025-06-11 11:00:00,2025-06-11,3,0.0,0.12058905251458739,1.2588298,14.438629,143
4,PN8,CH1,2025-06-11 12:00:00,2025-06-11,3,0.0,0.0,37.772892,231.45169,2901
5,PN8,CH2,2025-06-11 12:00:00,2025-06-11,3,0.0,0.10614059460961378,0.73447484,6.3323975,229
4,PN8,CH1,2025-06-11 13:00:00,2025-06-11,3,0.0,0.0,37.62055,255.67633,3430
5,PN8,CH2,2025-06-11 13:00:00,2025-06-11,3,0.0,0.09697138093914977,1.2952105,11.367798,552
4,PN8,CH1,2025-06-11 14:00:00,2025-06-11,3,0.0,0.0,65.152794,357.91147,3411
5,PN8,CH2,2025-06-11 14:00:00,2025-06-11,3,0.0,0.018338427340928037,22.267685,153.06473,1869
4,PN8,CH1,2025-06-11 15:00:00,2025-06-11,3,0.0,0.0,21.376087,212.52219,1921
5,PN8,CH2,2025-06-11 15:00:00,2025-06-11,3,0.0,0.04362322867463184,24.245129,106.687546,1557
4,PN8,CH1,2025-06-11 16:00:00,2025-06-11,3,0.0,0.0005557099194220616,4.606207,78.74474,1133
5,PN8,CH2,2025-06-11 16:00:00,2025-06-11,3,0.0,0.07946651847735482,1.2742292,19.550323,798
4,PN8,CH1,2025-06-11 17:00:00,2025-06-11,3,0.0,0.0005557099194220616,2.8968966,48.935005,202
5,PN8,CH2,2025-06-11 17:00:00,2025-06-11,3,0.0,0.12642400666851902,1.3171353,15.773773,155
4,PN8,CH1,2025-06-11 18:00:00,2025-06-11,3,0.0,0.0005557099194220616,2.3209262,56.861416,223
5,PN8,CH2,2025-06-11 18:00:00,2025-06-11,3,0.0,0.11697693803834398,2.7175562,19.55986,117
4,PN8,CH1,2025-06-11 19:00:00,2025-06-11,3,0.0,0.0002778549597110308,2.6370413,60.399063,563
5,PN8,CH2,2025-06-11 19:00:00,2025-06-11,3,0.0,0.11392053348152265,1.3492625,18.76831,364
4,PN8,CH1,2025-06-11 20:00:00,2025-06-11,3,0.0,0.0002778549597110308,4.384899,123.91933,983
5,PN8,CH2,2025-06-11 20:00:00,2025-06-11,3,0.0,0.14087246457349265,0.62404054,11.1866,219
4,PN8,CH1,2025-06-11 21:00:00,2025-06-11,3,0.0,0.0,5.2484784,51.885994,1622
5,PN8,CH2,2025-06-11 21:00:00,2025-06-11,3,0.0,0.16004445679355375,0.85321134,3.004074,40
4,PN8,CH1,2025-06-11 22:00:00,2025-06-11,3,0.0,0.0,3.3159287,51.37116,744
5,PN8,CH2,2025-06-11 22:00:00,2025-06-11,3,0.0,0.15754376215615448,0.9953535,3.8337708,12
4,PN8,CH1,2025-06-11 23:00:00,2025-06-11,3,0.0,0.0,3.7820442,54.013428,375
5,PN8,CH2,2025-06-11 23:00:00,2025-06-11,3,0.0,0.15476521255904419,0.42821786,1.6021729,0
4,PN8,CH1,2025-06-12 00:00:00,2025-06-12,3,0.0,0.0,4.886103,66.002686,1045
5,PN8,CH2,2025-06-12 00:00:00,2025-06-12,3,0.0,0.1747707696582384,0.22588724,0.9918213,0
4,PN8,CH1,2025-06-12 01:00:00,2025-06-12,3,0.0,0.0,2.6332853,51.550568,667
5,PN8,CH2,2025-06-12 01:00:00,2025-06-12,3,0.0,0.1794943039733259,0.24034104,1.0490417,1
4,PN8,CH1,2025-06-12 02:00:00,2025-06-12,3,0.0,0.0002778549597110308,4.587066,62.850227,1738
5,PN8,CH2,2025-06-12 02:00:00,2025-06-12,3,0.0,0.17560433453737148,0.124597415,0.9727478,4
4,PN8,CH1,2025-06-12 03:00:00,2025-06-12,3,0.0,0.0,9.574521,200.40167,2516
5,PN8,CH2,2025-06-12 03:00:00,2025-06-12,3,0.0,0.1828285634898583,0.4735139,12.741089,19
4,PN8,CH1,2025-06-12 04:00:00,2025-06-12,3,0.0,0.0,12.844689,138.33307,2284
5,PN8,CH2,2025-06-12 04:00:00,2025-06-12,3,0.0,0.18310641844956932,0.87779516,6.4468384,45
4,PN8,CH1,2025-06-12 05:00:00,2025-06-12,3,0.0,0.0,4.7685513,55.923985,962
5,PN8,CH2,2025-06-12 05:00:00,2025-06-12,3,0.0,0.19394276187829954,0.2668768,1.0871887,1
4,PN8,CH1,2025-06-12 06:00:00,2025-06-12,3,0.0,0.0,4.412632,72.13313,1052
5,PN8,CH2,2025-06-12 06:00:00,2025-06-12,3,0.0,0.1794943039733259,0.9734376,3.643036,5
4,PN8,CH1,2025-06-12 07:00:00,2025-06-12,3,0.0,0.0005557099194220616,1.9183482,63.08947,172
5,PN8,CH2,2025-06-12 07:00:00,2025-06-12,3,0.0,0.16615726590719646,2.1538715,6.790161,4
4,PN8,CH1,2025-06-12 08:00:00,2025-06-12,3,0.0,0.0,4.2179446,55.07875,301
5,PN8,CH2,2025-06-12 08:00:00,2025-06-12,3,0.0,0.1369824951375382,2.416106,10.643005,65
4,PN8,CH1,2025-06-12 09:00:00,2025-06-12,3,0.0,0.0002778549597110308,2.9199245,74.66264,332
5,PN8,CH2,2025-06-12 09:00:00,2025-06-12,3,0.0,0.14059460961378162,0.3392311,4.5871735,31
4,PN8,CH1,2025-06-12 10:00:00,2025-06-12,3,0.0,0.0002778549597110308,6.2450686,170.95813,685
5,PN8,CH2,2025-06-12 10:00:00,2025-06-12,3,0.0,0.14559599888858016,0.57665396,6.9332123,25
4,PN8,CH1,2025-06-12 11:00:00,2025-06-12,3,0.0,0.0002778549597110308,3.098277,49.519535,686
5,PN8,CH2,2025-06-12 11:00:00,2025-06-12,3,0.0,0.10280633509308142,0.9161989,7.276535,152
4,PN8,CH1,2025-06-12 12:00:01,2025-06-12,3,0.0002777777777777778,0.0002778549597110308,3.1144779,49.752743,609
5,PN8,CH2,2025-06-12 12:00:01,2025-06-12,3,0.0002777777777777778,0.09669352597943873,0.72493017,6.980896,232
4,PN8,CH1,2025-06-12 13:00:00,2025-06-12,3,0.0,0.0005557099194220616,3.5800116,43.76612,402
5,PN8,CH2,2025-06-12 13:00:00,2025-06-12,3,0.0,0.1197554876354543,2.3182402,16.288757,136
4,PN8,CH1,2025-06-12 14:00:00,2025-06-12,3,0.0,0.0002778549597110308,9.577226,190.51276,872
5,PN8,CH2,2025-06-12 14:00:00,2025-06-12,3,0.0,0.1225340372325646,1.2163374,39.79683,122
4,PN8,CH1,2025-06-12 15:00:00,2025-06-12,3,0.0,0.0002778549597110308,3.4820325,53.30056,296
5,PN8,CH2,2025-06-12 15:00:00,2025-06-12,3,0.0,0.13281467074187275,0.593698,5.311966,108
4,PN8,CH1,2025-06-12 16:00:00,2025-06-12,3,0.0,0.0002778549597110308,2.7879338,52.253155,294
5,PN8,CH2,2025-06-12 16:00:00,2025-06-12,3,0.0,0.13448180050013891,0.44351974,4.9972534,177
4,PN8,CH1,2025-06-12 17:00:00,2025-06-12,3,0.0,0.0002778549597110308,3.8855655,49.709564,83
5,PN8,CH2,2025-06-12 17:00:00,2025-06-12,3,0.0,0.14226173937204778,1.0848341,5.3310394,49
4,PN8,CH1,2025-06-12 18:00:00,2025-06-12,3,0.0,0.0002778549597110308,2.8911192,63.60695,214
5,PN8,CH2,2025-06-12 18:00:00,2025-06-12,3,0.0,0.12142261739372048,1.4800966,7.49588,151
4,PN8,CH1,2025-06-12 19:00:00,2025-06-12,3,0.0,0.0002778549597110308,3.7457001,54.73822,560
5,PN8,CH2,2025-06-12 19:00:00,2025-06-12,3,0.0,0.12170047235343151,0.8654388,5.674362,272
4,PN8,CH1,2025-06-12 20:00:00,2025-06-12,3,0.0,0.0002778549597110308,4.026206,49.39068,855
5,PN8,CH2,2025-06-12 20:00:00,2025-06-12,3,0.0,0.16143373159210891,0.29075092,1.9168854,51
4,PN8,CH1,2025-06-12 21:00:00,2025-06-12,3,0.0,0.0002778549597110308,3.4693804,66.198746,504
5,PN8,CH2,2025-06-12 21:00:00,2025-06-12,3,0.0,0.1478188385662684,0.16391248,0.96321106,4
4,PN8,CH1,2025-06-12 22:00:00,2025-06-12,3,0.0,0.0002778549597110308,5.441628,90.000404,522
5,PN8,CH2,2025-06-12 22:00:00,2025-06-12,3,0.0,0.12475687691025285,0.81746936,2.8324127,4
4,PN8,CH1,2025-06-12 23:00:00,2025-06-12,3,0.0,0.0005557099194220616,3.4822776,61.390137,632
5,PN8,CH2,2025-06-12 23:00:00,2025-06-12,3,0.0,0.13809391497638232,0.6274828,2.5081635,18
4,PN8,CH1,2025-06-13 00:00:01,2025-06-13,3,0.0002777777777777778,0.0,5.0756626,93.68137,930
5,PN8,CH2,2025-06-13 00:00:01,2025-06-13,3,0.0002777777777777778,0.14642956376771327,0.20634496,2.5177002,34
4,PN8,CH1,2025-06-13 01:00:00,2025-06-13,3,0.0,0.0002778549597110308,5.135721,117.503555,1077
5,PN8,CH2,2025-06-13 01:00:00,2025-06-13,3,0.0,0.20061128091136426,0.37532166,2.8705597,29
4,PN8,CH1,2025-06-13 02:00:00,2025-06-13,3,0.0,0.0,13.436526,137.93713,1977
5,PN8,CH2,2025-06-13 02:00:00,2025-06-13,3,0.0,0.22006112809113643,0.74120086,7.3337555,102
4,PN8,CH1,2025-06-13 03:00:00,2025-06-13,3,0.0,0.0,17.038013,140.07506,2124
5,PN8,CH2,2025-06-13 03:00:00,2025-06-13,3,0.0,0.2092247846624062,1.0955135,9.727478,121
4,PN8,CH1,2025-06-13 04:00:00,2025-06-13,3,0.0,0.0002778549597110308,7.2627892,68.11354,1607
5,PN8,CH2,2025-06-13 04:00:00,2025-06-13,3,0.0,0.2245068074465129,0.5584813,2.040863,19
4,PN8,CH1,2025-06-13 05:00:00,2025-06-13,3,0.0,0.0,4.0133567,51.347946,299
5,PN8,CH2,2025-06-13 05:00:00,2025-06-13,3,0.0,0.20477910530702972,0.63923603,3.0994415,2
4,PN8,CH1,2025-06-13 06:00:00,2025-06-13,3,0.0,0.0,16.613314,222.52533,1171
5,PN8,CH2,2025-06-13 06:00:00,2025-06-13,3,0.0,0.14920811336482356,1.0473365,19.483566,31
4,PN8,CH1,2025-06-13 07:00:00,2025-06-13,3,0.0,0.0002778549597110308,2.5872185,31.053276,138
5,PN8,CH2,2025-06-13 07:00:00,2025-06-13,3,0.0,0.14365101417060294,1.2051028,4.2057037,0
4,PN8,CH1,2025-06-13 08:00:00,2025-06-13,3,0.0,0.0002778549597110308,1.2422813,30.530285,23
5,PN8,CH2,2025-06-13 08:00:00,2025-06-13,3,0.0,0.11947763267574327,1.9266708,6.7043304,0
4,PN8,CH1,2025-06-13 09:00:00,2025-06-13,3,0.0,0.0005557099194220616,1.1323347,3.9274216,0
5,PN8,CH2,2025-06-13 09:00:00,2025-06-13,3,0.0,0.13059183106418448,0.5662211,2.632141,0
4,PN8,CH1,2025-06-13 10:00:00,2025-06-13,3,0.0,0.0008335648791330926,6.1929607,150.05142,134
5,PN8,CH2,2025-06-13 10:00:00,2025-06-13,3,0.0,0.14003889969435954,0.5991596,4.1007996,17
4,PN8,CH1,2025-06-13 11:00:00,2025-06-13,3,0.0002777777777777778,0.0005557099194220616,4.970894,74.83464,77
5,PN8,CH2,2025-06-13 11:00:00,2025-06-13,3,0.0002777777777777778,0.1297582661850514,1.1750553,5.1879883,1
4,PN8,CH1,2025-06-13 12:00:00,2025-06-13,3,0.0,0.0,2.0174098,6.9968414,2
5,PN8,CH2,2025-06-13 12:00:00,2025-06-13,3,0.0,0.10752986940816893,0.72879803,3.0231476,0
4,PN8,CH1,2025-06-13 13:00:00,2025-06-13,3,0.0,0.0008335648791330926,3.5409944,35.11377,34
5,PN8,CH2,2025-06-13 13:00:00,2025-06-13,3,0.0,0.1189219227563212,2.0586367,40.397644,115
4,PN8,CH1,2025-06-13 14:00:00,2025-06-13,3,0.0,0.0005557099194220616,1.7016846,6.8334465,0
5,PN8,CH2,2025-06-13 14:00:00,2025-06-13,3,0.0,0.16810225062517367,0.8854446,3.156662,0
4,PN8,CH1,2025-06-13 15:00:00,2025-06-13,3,0.0,0.0,4.2962484,13.641491,0
5,PN8,CH2,2025-06-13 15:00:00,2025-06-13,3,0.0,0.1583773270352876,0.99173254,3.3473969,0
4,PN8,CH1,2025-06-13 16:00:00,2025-06-13,3,0.0,0.0011114198388441233,1.3114302,4.5242157,0
5,PN8,CH2,2025-06-13 16:00:00,2025-06-13,3,0.0,0.14587385384829119,0.44511658,1.66893,0
4,PN8,CH1,2025-06-13 17:00:00,2025-06-13,3,0.0,0.0002778549597110308,2.8884134,9.973236,0
5,PN8,CH2,2025-06-13 17:00:00,2025-06-13,3,0.0,0.13309252570158378,1.0069177,3.452301,0
4,PN8,CH1,2025-06-13 18:00:00,2025-06-13,3,0.0,0.0,0.38568112,2.249855,1
5,PN8,CH2,2025-06-13 18:00:00,2025-06-13,3,0.0,0.14726312864684635,1.4035928,4.9877167,1
4,PN8,CH1,2025-06-13 19:00:00,2025-06-13,3,0.0,0.0,1.8735068,7.492382,0
5,PN8,CH2,2025-06-13 19:00:00,2025-06-13,3,0.0,0.1542095026396221,0.8202089,3.1280518,2
4,PN8,CH1,2025-06-13 20:00:00,2025-06-13,3,0.0,0.0005557099194220616,0.52088094,2.8549843,0
5,PN8,CH2,2025-06-13 20:00:00,2025-06-13,3,0.0,0.16893581550430675,0.5913993,2.2029877,2
4,PN8,CH1,2025-06-13 21:00:00,2025-06-13,3,0.0,0.0011114198388441233,1.3363675,4.1374207,0
5,PN8,CH2,2025-06-13 21:00:00,2025-06-13,3,0.0,0.15559877743817727,0.38450694,1.6021729,2
4,PN8,CH1,2025-06-13 22:00:00,2025-06-13,3,0.0,0.0,0.7437339,2.641716,0
5,PN8,CH2,2025-06-13 22:00:00,2025-06-13,3,0.0,0.15115309808280078,0.4727315,1.6403198,1
4,PN8,CH1,2025-06-13 23:00:00,2025-06-13,3,0.0,0.0013892747985551543,0.87619,2.7848778,0
5,PN8,CH2,2025-06-13 23:00:00,2025-06-13,3,0.0,0.15004167824395664,0.18610369,0.9441376,0
4,PN8,CH1,2025-06-14 00:00:01,2025-06-14,3,0.0002777777777777778,0.0022228396776882466,0.46868724,1.9263458,0
5,PN8,CH2,2025-06-14 00:00:01,2025-06-14,3,0.0002777777777777778,0.14837454848569048,0.39093336,1.5068054,0
4,PN8,CH1,2025-06-14 01:00:00,2025-06-14,3,0.0,0.0011114198388441233,4.013276,90.91769,908
5,PN8,CH2,2025-06-14 01:00:00,2025-06-14,3,0.0,0.14476243400944708,0.21906333,2.632141,9
4,PN8,CH1,2025-06-14 02:00:00,2025-06-14,3,0.0,0.0,3.3004313,59.74561,904
5,PN8,CH2,2025-06-14 02:00:00,2025-06-14,3,0.0,0.1667129758266185,0.1912875,0.9536743,1
4,PN8,CH1,2025-06-14 03:00:00,2025-06-14,3,0.0,0.0008335648791330926,3.8221052,67.80374,843
5,PN8,CH2,2025-06-14 03:00:00,2025-06-14,3,0.0,0.16810225062517367,0.0779373,0.49591064,1
4,PN8,CH1,2025-06-14 04:00:00,2025-06-14,3,0.0,0.0,3.2691526,32.953247,2202
5,PN8,CH2,2025-06-14 04:00:00,2025-06-14,3,0.0,0.20033342595165324,0.62040156,2.5939941,1
4,PN8,CH1,2025-06-14 05:00:00,2025-06-14,3,0.0,0.0002778549597110308,2.8837626,49.61118,1633
5,PN8,CH2,2025-06-14 05:00:00,2025-06-14,3,0.0,0.1694915254237288,0.40964624,1.7642975,0
4,PN8,CH1,2025-06-14 06:00:00,2025-06-14,3,0.0,0.0002778549597110308,2.984488,37.200672,568
5,PN8,CH2,2025-06-14 06:00:00,2025-06-14,3,0.0,0.16726868574604056,0.97161,3.414154,0
4,PN8,CH1,2025-06-14 07:00:00,2025-06-14,3,0.0,0.0005557099194220616,0.9596484,5.72987,104
5,PN8,CH2,2025-06-14 07:00:00,2025-06-14,3,0.0,0.1461517088080022,0.31803983,1.1920929,0
4,PN8,CH1,2025-06-14 08:00:00,2025-06-14,3,0.0,0.0,1.3649293,5.60466,0
5,PN8,CH2,2025-06-14 08:00:00,2025-06-14,3,0.0,0.12725757154765213,1.5924498,5.168915,0
4,PN8,CH1,2025-06-14 09:00:00,2025-06-14,3,0.0,0.0002778549597110308,0.7907991,3.320053,0
5,PN8,CH2,2025-06-14 09:00:00,2025-06-14,3,0.0,0.13587107529869408,0.42811185,2.3651123,0
4,PN8,CH1,2025-06-14 10:00:00,2025-06-14,3,0.0,0.0011114198388441233,1.8538638,41.746613,57
5,PN8,CH2,2025-06-14 10:00:00,2025-06-14,3,0.0,0.12670186162823005,0.33522284,2.0503998,1
4,PN8,CH1,2025-06-14 11:00:00,2025-06-14,3,0.0002777777777777778,0.0005557099194220616,0.92780054,4.178772,0
5,PN8,CH2,2025-06-14 11:00:00,2025-06-14,3,0.0002777777777777778,0.11141983884412336,1.0846994,4.968643,0
4,PN8,CH1,2025-06-14 12:00:00,2025-06-14,3,0.0,0.0011114198388441233,1.2465249,6.127285,1
5,PN8,CH2,2025-06-14 12:00:00,2025-06-14,3,0.0,0.11697693803834398,0.9108747,4.1389465,0
4,PN8,CH1,2025-06-14 13:00:00,2025-06-14,3,0.0,0.0002778549597110308,0.9777226,6.5211945,0
5,PN8,CH2,2025-06-14 13:00:00,2025-06-14,3,0.0,0.11669908307863296,1.89264,6.8187714,0
4,PN8,CH1,2025-06-14 14:00:00,2025-06-14,3,0.0,0.0,2.4604719,65.536644,26
5,PN8,CH2,2025-06-14 14:00:00,2025-06-14,3,0.0,0.11197554876354543,7.4318547,390.63452,122
4,PN8,CH1,2025-06-14 15:00:00,2025-06-14,3,0.0,0.0013892747985551543,1.7817876,6.695759,0
5,PN8,CH2,2025-06-14 15:00:00,2025-06-14,3,0.0,0.13475965545984997,0.4816576,2.5463104,0
4,PN8,CH1,2025-06-14 16:00:00,2025-06-14,3,0.0,0.0005557099194220616,2.973293,11.915043,0
5,PN8,CH2,2025-06-14 16:00:00,2025-06-14,3,0.0,0.14031675465407056,0.2152206,1.2302399,0
4,PN8,CH1,2025-06-14 17:00:00,2025-06-14,3,0.0,0.0011114198388441233,0.9266143,3.7010765,0
5,PN8,CH2,2025-06-14 17:00:00,2025-06-14,3,0.0,0.12420116699083078,0.77465385,2.7656555,0
4,PN8,CH1,2025-06-14 18:00:00,2025-06-14,3,0.0,0.0008335648791330926,2.22686,7.660652,0
5,PN8,CH2,2025-06-14 18:00:00,2025-06-14,3,0.0,0.13837176993609335,1.103621,3.8146973,0
4,PN8,CH1,2025-06-14 19:00:00,2025-06-14,3,0.0,0.0,2.192147,6.636528,0
5,PN8,CH2,2025-06-14 19:00:00,2025-06-14,3,0.0,0.15532092247846624,0.86569256,3.5381317,6
4,PN8,CH1,2025-06-14 20:00:00,2025-06-14,3,0.0,0.0,0.31222647,1.7135582,0
5,PN8,CH2,2025-06-14 20:00:00,2025-06-14,3,0.0,0.16087802167268686,0.89638674,2.8133392,2
4,PN8,CH1,2025-06-14 21:00:00,2025-06-14,3,0.0,0.0011114198388441233,0.38450533,1.5214844,0
5,PN8,CH2,2025-06-14 21:00:00,2025-06-14,3,0.0,0.17032509030286191,0.90260184,2.9754639,0
4,PN8,CH1,2025-06-14 22:00:00,2025-06-14,3,0.0,0.0011114198388441233,0.6549075,2.4772072,0
5,PN8,CH2,2025-06-14 22:00:00,2025-06-14,3,0.0,0.15282022784106697,0.42242488,1.6212463,2
4,PN8,CH1,2025-06-14 23:00:00,2025-06-14,3,0.0002777777777777778,0.0016671297582661851,0.90285283,3.2636528,0
5,PN8,CH2,2025-06-14 23:00:00,2025-06-14,3,0.0002777777777777778,0.1658794109474854,0.12602516,0.7343292,0
4,PN8,CH1,2025-06-15 00:00:00,2025-06-15,3,0.0,0.0008335648791330926,0.81540656,2.636612,0
5,PN8,CH2,2025-06-15 00:00:00,2025-06-15,3,0.0,0.12948041122534037,0.27761555,1.5449524,0
4,PN8,CH1,2025-06-15 01:00:00,2025-06-15,3,0.0,0.0011114198388441233,1.4279374,20.966492,93
5,PN8,CH2,2025-06-15 01:00:00,2025-06-15,3,0.0,0.14226173937204778,0.2541746,1.1539459,0
4,PN8,CH1,2025-06-15 02:00:00,2025-06-15,3,0.0,0.0,1.6364077,15.413799,249
5,PN8,CH2,2025-06-15 02:00:00,2025-06-15,3,0.0,0.15004167824395664,0.1879155,0.8392334,0
4,PN8,CH1,2025-06-15 03:00:00,2025-06-15,3,0.0,0.0002778549597110308,2.8902118,48.072563,855
5,PN8,CH2,2025-06-15 03:00:00,2025-06-15,3,0.0,0.17532647957766045,0.1895103,1.1062622,0
4,PN8,CH1,2025-06-15 04:00:00,2025-06-15,3,0.0,0.0,6.8649454,44.98903,1800
5,PN8,CH2,2025-06-15 04:00:00,2025-06-15,3,0.0,0.23450958599611002,0.58475006,2.412796,1
4,PN8,CH1,2025-06-15 05:00:00,2025-06-15,3,0.0,0.0,4.186132,39.556362,1746
5,PN8,CH2,2025-06-15 05:00:00,2025-06-15,3,0.0,0.20783550986385108,0.3017898,1.2493134,0
4,PN8,CH1,2025-06-15 06:00:00,2025-06-15,3,0.0,0.0002778549597110308,1.1594774,25.55225,558
5,PN8,CH2,2025-06-15 06:00:00,2025-06-15,3,0.0,0.15698805223673243,0.32251364,1.3828278,0
4,PN8,CH1,2025-06-15 07:00:00,2025-06-15,3,0.0,0.0005557099194220616,0.88687867,7.034691,54
5,PN8,CH2,2025-06-15 07:00:00,2025-06-15,3,0.0,0.1314253959433176,1.1721798,3.8146973,2
4,PN8,CH1,2025-06-15 08:00:00,2025-06-15,3,0.0,0.0002778549597110308,1.0321722,28.819439,86
5,PN8,CH2,2025-06-15 08:00:00,2025-06-15,3,0.0,0.12864684634620727,0.58440554,2.8419495,0
4,PN8,CH1,2025-06-15 09:00:00,2025-06-15,3,0.0,0.0002778549597110308,1.5385154,18.202065,250
5,PN8,CH2,2025-06-15 09:00:00,2025-06-15,3,0.0,0.1430953042511809,0.7962908,2.9277802,0
4,PN8,CH1,2025-06-15 10:00:00,2025-06-15,3,0.0,0.0,1.2461469,17.821415,101
5,PN8,CH2,2025-06-15 10:00:00,2025-06-15,3,0.0,0.14087246457349265,0.59547347,2.4223328,0
4,PN8,CH1,2025-06-15 11:00:00,2025-06-15,3,0.0002777777777777778,0.0,4.7224092,117.43649,417
5,PN8,CH2,2025-06-15 11:00:00,2025-06-15,3,0.0002777777777777778,0.12586829674909697,0.5848925,7.009506,33
4,PN8,CH1,2025-06-15 12:00:00,2025-06-15,3,0.0,0.0005557099194220616,1.3374456,7.1872025,55
5,PN8,CH2,2025-06-15 12:00:00,2025-06-15,3,0.0,0.1153098082800778,1.2713693,5.092621,0
4,PN8,CH1,2025-06-15 13:00:00,2025-06-15,3,0.0,0.0008335648791330926,12.989916,219.32419,195
5,PN8,CH2,2025-06-15 13:00:00,2025-06-15,3,0.0,0.1180883578771881,1.0995598,7.9727173,51
4,PN8,CH1,2025-06-15 14:00:00,2025-06-15,3,0.0,0.0013892747985551543,2.6150723,74.40347,10
5,PN8,CH2,2025-06-15 14:00:00,2025-06-15,3,0.0,0.11669908307863296,1.1576736,5.1116943,3
4,PN8,CH1,2025-06-15 15:00:00,2025-06-15,3,0.0,0.0005557099194220616,1.9577054,77.241135,5
5,PN8,CH2,2025-06-15 15:00:00,2025-06-15,3,0.0,0.13059183106418448,0.57029504,2.231598,1
4,PN8,CH1,2025-06-15 16:00:00,2025-06-15,3,0.0,0.0008335648791330926,0.436597,1.9893074,0
5,PN8,CH2,2025-06-15 16:00:00,2025-06-15,3,0.0,0.14448457904973605,0.48919722,4.1007996,0
4,PN8,CH1,2025-06-15 17:00:00,2025-06-15,3,0.0,0.0005557099194220616,7.988337,66.538826,141
5,PN8,CH2,2025-06-15 17:00:00,2025-06-15,3,0.0,0.14087246457349265,0.75351346,3.3187866,16
4,PN8,CH1,2025-06-15 18:00:00,2025-06-15,3,0.0,0.0,4.54734,88.17129,297
5,PN8,CH2,2025-06-15 18:00:00,2025-06-15,3,0.0,0.13448180050013891,1.1270671,3.5190582,1
4,PN8,CH1,2025-06-15 19:00:00,2025-06-15,3,0.0,0.0005557099194220616,0.3612593,1.7021599,0
5,PN8,CH2,2025-06-15 19:00:00,2025-06-15,3,0.0,0.1450402889691581,1.2718174,3.528595,0
4,PN8,CH1,2025-06-15 20:00:00,2025-06-15,3,0.0,0.0022228396776882466,0.6466478,2.4891624,0
5,PN8,CH2,2025-06-15 20:00:00,2025-06-15,3,0.0,0.1667129758266185,0.24660724,1.077652,0
4,PN8,CH1,2025-06-15 21:00:00,2025-06-15,3,0.0,0.0002778549597110308,1.3644739,3.8734436,1
5,PN8,CH2,2025-06-15 21:00:00,2025-06-15,3,0.0,0.22200611280911364,0.6668899,2.7275085,0
4,PN8,CH1,2025-06-15 22:00:00,2025-06-15,3,0.0,0.0002778549597110308,2.665506,41.83568,955
5,PN8,CH2,2025-06-15 22:00:00,2025-06-15,3,0.0,0.24228952486801889,1.449195,5.1498413,5
4,PN8,CH1,2025-06-15 23:00:00,2025-06-15,3,0.0,0.0,5.0242167,47.195923,1507
5,PN8,CH2,2025-06-15 23:00:00,2025-06-15,3,0.0,0.2245068074465129,0.39140388,2.412796,2
4,PN8,CH1,2025-06-16 00:00:00,2025-06-16,3,0.0,0.0005557099194220616,2.8944325,28.237034,864
5,PN8,CH2,2025-06-16 00:00:00,2025-06-16,3,0.0,0.28146707418727424,0.82479554,2.9659271,1
4,PN8,CH1,2025-06-16 01:00:00,2025-06-16,3,0.0,0.0,3.1690288,74.92069,1936
5,PN8,CH2,2025-06-16 01:00:00,2025-06-16,3,0.0,0.252292303417616,0.21415867,2.4414062,5
4,PN8,CH1,2025-06-16 02:00:00,2025-06-16,3,0.0,0.0,12.559828,138.62318,2137
5,PN8,CH2,2025-06-16 02:00:00,2025-06-16,3,0.0,0.20311197554876353,1.3366073,15.516281,52
4,PN8,CH1,2025-06-16 03:00:00,2025-06-16,3,0.0,0.0,12.766993,121.14104,1845
5,PN8,CH2,2025-06-16 03:00:00,2025-06-16,3,0.0,0.2684078910808558,1.330951,14.362335,75
4,PN8,CH1,2025-06-16 04:00:00,2025-06-16,3,0.0,0.0,3.631514,40.188583,1289
5,PN8,CH2,2025-06-16 04:00:00,2025-06-16,3,0.0,0.26090580716865797,0.5338878,2.1076202,1
4,PN8,CH1,2025-06-16 05:00:00,2025-06-16,3,0.0,0.0,3.140414,33.762043,1178
5,PN8,CH2,2025-06-16 05:00:00,2025-06-16,3,0.0,0.16893581550430675,0.28267708,1.4877319,0
4,PN8,CH1,2025-06-16 06:00:00,2025-06-16,3,0.0,0.0,8.681906,188.9921,1218
5,PN8,CH2,2025-06-16 06:00:00,2025-06-16,3,0.0,0.14448457904973605,0.9061033,24.175644,12
4,PN8,CH1,2025-06-16 07:00:00,2025-06-16,3,0.0,0.0,4.9864306,102.98587,438
5,PN8,CH2,2025-06-16 07:00:00,2025-06-16,3,0.0,0.1369824951375382,0.7517775,5.569458,15
4,PN8,CH1,2025-06-16 08:00:00,2025-06-16,3,0.0,0.0,3.648561,123.31224,822
5,PN8,CH2,2025-06-16 08:00:00,2025-06-16,3,0.0,0.13475965545984997,0.8594172,7.1144104,6
4,PN8,CH1,2025-06-16 09:00:00,2025-06-16,3,0.0,0.0,1.3612435,31.672718,129
5,PN8,CH2,2025-06-16 09:00:00,2025-06-16,3,0.0,0.14281744929146986,0.8949245,3.5095215,0
4,PN8,CH1,2025-06-16 10:00:00,2025-06-16,3,0.0,0.0008335648791330926,1.4206637,51.146633,219
5,PN8,CH2,2025-06-16 10:00:00,2025-06-16,3,0.0,0.1397610447346485,0.5745021,2.4986267,1
4,PN8,CH1,2025-06-16 11:00:00,2025-06-16,3,0.0,0.0005557099194220616,3.135584,62.390045,143
5,PN8,CH2,2025-06-16 11:00:00,2025-06-16,3,0.0,0.11475409836065574,1.1985667,21.982193,67
4,PN8,CH1,2025-06-16 12:00:01,2025-06-16,3,0.0002777777777777778,0.0,1.1635973,29.649773,14
5,PN8,CH2,2025-06-16 12:00:01,2025-06-16,3,0.0002777777777777778,0.1116976938038344,0.896131,3.7956238,1
4,PN8,CH1,2025-06-16 13:00:00,2025-06-16,3,0.0,0.0002778549597110308,1.0633167,4.7112274,1
5,PN8,CH2,2025-06-16 13:00:00,2025-06-16,3,0.0,0.08863573214781884,1.0058061,13.332367,5
4,PN8,CH1,2025-06-16 14:00:00,2025-06-16,3,0.0,0.0008335648791330926,7.127666,114.80086,172
5,PN8,CH2,2025-06-16 14:00:00,2025-06-16,3,0.0,0.10391775493192554,0.8534424,3.709793,19
4,PN8,CH1,2025-06-16 15:00:00,2025-06-16,3,0.0,0.0,1.5900018,6.0872,0
5,PN8,CH2,2025-06-16 15:00:00,2025-06-16,3,0.0,0.09308141150319534,0.7977639,3.6621094,0
4,PN8,CH1,2025-06-16 16:00:00,2025-06-16,3,0.0,0.0,2.0961926,89.82204,14
5,PN8,CH2,2025-06-16 16:00:00,2025-06-16,3,0.0,0.10197277021394832,0.7763582,3.9863586,9
4,PN8,CH1,2025-06-16 17:00:00,2025-06-16,3,0.0,0.0008335648791330926,2.4453318,98.50792,30
5,PN8,CH2,2025-06-16 17:00:00,2025-06-16,3,0.0,0.10391775493192554,1.4503789,5.168915,7
4,PN8,CH1,2025-06-16 18:00:00,2025-06-16,3,0.0,0.0002778549597110308,1.060665,25.819393,23
5,PN8,CH2,2025-06-16 18:00:00,2025-06-16,3,0.0,0.09363712142261739,0.977908,4.15802,4
4,PN8,CH1,2025-06-16 19:00:00,2025-06-16,3,0.0,0.0008335648791330926,5.351633,100.02713,57
5,PN8,CH2,2025-06-16 19:00:00,2025-06-16,3,0.0,0.12086690747429842,0.60131305,4.3964386,12
4,PN8,CH1,2025-06-16 20:00:00,2025-06-16,3,0.0,0.0002778549597110308,30.296755,214.0569,511
5,PN8,CH2,2025-06-16 20:00:00,2025-06-16,3,0.0,0.10363989997221451,2.1469727,18.2724,156
4,PN8,CH1,2025-06-16 21:00:00,2025-06-16,3,0.0,0.0002778549597110308,32.246456,224.5637,2311
5,PN8,CH2,2025-06-16 21:00:00,2025-06-16,3,0.0,0.07779938871908863,3.3807497,25.863647,545
4,PN8,CH1,2025-06-16 22:00:00,2025-06-16,3,0.0,0.0,20.6061,145.33888,3197
5,PN8,CH2,2025-06-16 22:00:00,2025-06-16,3,0.0,0.08196721311475409,11.886162,40.67421,316
4,PN8,CH1,2025-06-16 23:00:00,2025-06-16,3,0.0002777777777777778,0.0,36.300083,152.32117,3100
5,PN8,CH2,2025-06-16 23:00:00,2025-06-16,3,0.0002777777777777778,0.038899694359544316,15.711805,57.9834,1352
4,PN8,CH1,2025-06-17 00:00:00,2025-06-17,3,0.0,0.0,40.588528,159.23898,3099
5,PN8,CH2,2025-06-17 00:00:00,2025-06-17,3,0.0,0.015559877743817728,15.911655,57.8022,1599
4,PN8,CH1,2025-06-17 01:00:00,2025-06-17,3,0.0,0.0,52.3779,157.39218,3082
5,PN8,CH2,2025-06-17 01:00:00,2025-06-17,3,0.0,0.037232564601278134,22.243362,65.86075,1058
4,PN8,CH1,2025-06-17 02:00:00,2025-06-17,3,0.0,0.0,40.124813,143.39102,2949
5,PN8,CH2,2025-06-17 02:00:00,2025-06-17,3,0.0,0.05779383161989442,16.47822,52.461624,516
4,PN8,CH1,2025-06-17 03:00:00,2025-06-17,3,0.0,0.0,49.154743,196.24396,2751
5,PN8,CH2,2025-06-17 03:00:00,2025-06-17,3,0.0,0.0558488469019172,21.579275,79.58412,1059
4,PN8,CH1,2025-06-17 04:00:00,2025-06-17,3,0.0,0.0,40.124466,146.9028,3024
5,PN8,CH2,2025-06-17 04:00:00,2025-06-17,3,0.0,0.027785495971103084,16.426271,61.397552,1100
4,PN8,CH1,2025-06-17 05:00:00,2025-06-17,3,0.0,0.0,26.068193,184.33467,1452
5,PN8,CH2,2025-06-17 05:00:00,2025-06-17,3,0.0,0.07335370936371215,5.0044956,40.712357,294
4,PN8,CH1,2025-06-17 06:00:00,2025-06-17,3,0.0,0.0,24.75886,189.61005,795
5,PN8,CH2,2025-06-17 06:00:00,2025-06-17,3,0.0,0.07529869408168936,5.173729,35.600662,295
4,PN8,CH1,2025-06-17 07:00:00,2025-06-17,3,0.0,0.0002778549597110308,13.735605,187.30708,363
5,PN8,CH2,2025-06-17 07:00:00,2025-06-17,3,0.0,0.0855793275909975,1.8662014,11.234283,127
4,PN8,CH1,2025-06-17 08:00:00,2025-06-17,3,0.0,0.0005557099194220616,3.2520115,90.14741,94
5,PN8,CH2,2025-06-17 08:00:00,2025-06-17,3,0.0,0.09308141150319534,2.0284956,11.329651,13
4,PN8,CH1,2025-06-17 09:00:00,2025-06-17,3,0.0,0.0013892747985551543,5.588481,157.1463,207
5,PN8,CH2,2025-06-17 09:00:00,2025-06-17,3,0.0,0.09308141150319534,0.7483516,6.1035156,24
4,PN8,CH1,2025-06-17 10:00:00,2025-06-17,3,0.0,0.0005557099194220616,3.0442872,47.573784,410
5,PN8,CH2,2025-06-17 10:00:00,2025-06-17,3,0.0,0.08724645734926369,0.4687619,2.298355,41
4,PN8,CH1,2025-06-17 11:00:00,2025-06-17,3,0.0002777777777777778,0.0002778549597110308,1.3002571,56.298485,20
5,PN8,CH2,2025-06-17 11:00:00,2025-06-17,3,0.0002777777777777778,0.08585718255070852,1.1628784,11.615753,10
4,PN8,CH1,2025-06-17 12:00:00,2025-06-17,3,0.0,0.0005557099194220616,3.8002057,68.64723,55
5,PN8,CH2,2025-06-17 12:00:00,2025-06-17,3,0.0,0.09752709085857182,0.94115067,4.3296814,14
4,PN8,CH1,2025-06-17 13:00:00,2025-06-17,3,0.0,0.0005557099194220616,3.770325,15.329533,32
5,PN8,CH2,2025-06-17 13:00:00,2025-06-17,3,0.0,0.09085857182550708,1.0888746,34.275055,86
4,PN8,CH1,2025-06-17 14:00:00,2025-06-17,3,0.0,0.0002778549597110308,1.5254425,5.5832415,0
5,PN8,CH2,2025-06-17 14:00:00,2025-06-17,3,0.0,0.10141706029452625,1.7859123,5.8841705,2
4,PN8,CH1,2025-06-17 15:00:00,2025-06-17,3,0.0,0.0002778549597110308,0.9911364,4.0772552,0
5,PN8,CH2,2025-06-17 15:00:00,2025-06-17,3,0.0,0.12725757154765213,0.44575343,2.2506714,0
4,PN8,CH1,2025-06-17 16:00:00,2025-06-17,3,0.0,0.0011114198388441233,0.645691,3.00251,0
5,PN8,CH2,2025-06-17 16:00:00,2025-06-17,3,0.0,0.12420116699083078,0.3647122,1.8882751,0
4,PN8,CH1,2025-06-17 17:00:00,2025-06-17,3,0.0,0.0005557099194220616,1.8699437,6.6099315,1
5,PN8,CH2,2025-06-17 17:00:00,2025-06-17,3,0.0,0.13531536537927202,0.8167122,3.2615662,0
4,PN8,CH1,2025-06-17 18:00:00,2025-06-17,3,0.0,0.0002778549597110308,13.3372345,219.9398,1117
5,PN8,CH2,2025-06-17 18:00:00,2025-06-17,3,0.0,0.08502361767157544,1.5520111,14.743805,680
4,PN8,CH1,2025-06-17 19:00:00,2025-06-17,3,0.0,0.0,5.346494,63.062202,2222
5,PN8,CH2,2025-06-17 19:00:00,2025-06-17,3,0.0,0.0747429841622673,0.7612489,4.9209595,571
4,PN8,CH1,2025-06-17 20:00:00,2025-06-17,3,0.0,0.0,9.941798,89.190414,1792
5,PN8,CH2,2025-06-17 20:00:00,2025-06-17,3,0.0,0.11086412892470131,0.63592803,3.4999847,221
4,PN8,CH1,2025-06-17 21:00:00,2025-06-17,3,0.0,0.0002778549597110308,3.9501107,64.45408,1074
5,PN8,CH2,2025-06-17 21:00:00,2025-06-17,3,0.0,0.1072520144484579,0.5459973,3.7193298,81
4,PN8,CH1,2025-06-17 22:00:00,2025-06-17,3,0.0,0.0002778549597110308,22.114483,188.50238,1623
5,PN8,CH2,2025-06-17 22:00:00,2025-06-17,3,0.0,0.09919422061683801,1.8597107,15.182495,337
4,PN8,CH1,2025-06-17 23:00:00,2025-06-17,3,0.0002777777777777778,0.0,37.50112,195.21548,2038
5,PN8,CH2,2025-06-17 23:00:00,2025-06-17,3,0.0002777777777777778,0.11475409836065574,3.4598026,19.769669,182
4,PN8,CH1,2025-06-18 00:00:00,2025-06-18,3,0.0,0.0,72.38988,279.02737,2851
5,PN8,CH2,2025-06-18 00:00:00,2025-06-18,3,0.0,0.05362600722422895,14.125827,50.10605,569
4,PN8,CH1,2025-06-18 01:00:00,2025-06-18,3,0.0,0.0,35.595005,179.14542,3173
5,PN8,CH2,2025-06-18 01:00:00,2025-06-18,3,0.0,0.04556821339260906,15.906377,62.303543,752
4,PN8,CH1,2025-06-18 02:00:00,2025-06-18,3,0.0,0.0,58.130566,184.4426,2910
5,PN8,CH2,2025-06-18 02:00:00,2025-06-18,3,0.0,0.07946651847735482,17.245834,61.063766,717
4,PN8,CH1,2025-06-18 03:00:00,2025-06-18,3,0.0,0.0002778549597110308,25.870922,198.44736,2430
5,PN8,CH2,2025-06-18 03:00:00,2025-06-18,3,0.0,0.10225062517365935,2.8891568,24.21379,201
4,PN8,CH1,2025-06-18 04:00:00,2025-06-18,3,0.0,0.0,37.051662,178.18187,2162
5,PN8,CH2,2025-06-18 04:00:00,2025-06-18,3,0.0,0.09058071686579605,4.772422,26.836395,152
4,PN8,CH1,2025-06-18 05:00:00,2025-06-18,3,0.0,0.0002778549597110308,12.782755,170.44398,566
5,PN8,CH2,2025-06-18 05:00:00,2025-06-18,3,0.0,0.11586551819949986,0.8101864,11.6539,22
4,PN8,CH1,2025-06-18 06:00:00,2025-06-18,3,0.0,0.0,15.309379,138.30289,934
5,PN8,CH2,2025-06-18 06:00:00,2025-06-18,3,0.0,0.1072520144484579,1.0200317,16.784668,98
4,PN8,CH1,2025-06-18 07:00:00,2025-06-18,3,0.0,0.0,13.064718,156.97104,194
5,PN8,CH2,2025-06-18 07:00:00,2025-06-18,3,0.0,0.09585996110030565,1.9043341,11.768341,44
4,PN8,CH1,2025-06-18 08:00:00,2025-06-18,3,0.0,0.0,1.7506225,41.104404,26
5,PN8,CH2,2025-06-18 08:00:00,2025-06-18,3,0.0,0.09919422061683801,1.8960876,7.6961517,8
4,PN8,CH1,2025-06-18 09:00:00,2025-06-18,3,0.0,0.0,18.688612,146.29126,637
5,PN8,CH2,2025-06-18 09:00:00,2025-06-18,3,0.0,0.11225340372325646,0.8044119,6.9999695,82
4,PN8,CH1,2025-06-18 10:00:00,2025-06-18,3,0.0,0.0,9.556344,136.87938,806
5,PN8,CH2,2025-06-18 10:00:00,2025-06-18,3,0.0,0.12086690747429842,0.8377042,4.863739,48
4,PN8,CH1,2025-06-18 11:00:00,2025-06-18,3,0.0,0.0,4.2838006,69.23187,349
5,PN8,CH2,2025-06-18 11:00:00,2025-06-18,3,0.0,0.13309252570158378,1.3027121,5.4454803,35
4,PN8,CH1,2025-06-18 12:00:01,2025-06-18,3,0.0002777777777777778,0.0002778549597110308,3.6536438,52.04927,163
5,PN8,CH2,2025-06-18 12:00:01,2025-06-18,3,0.0002777777777777778,0.12753542650736316,0.7855403,3.643036,23
4,PN8,CH1,2025-06-18 13:00:00,2025-06-18,3,0.0,0.0,13.610056,170.85187,176
5,PN8,CH2,2025-06-18 13:00:00,2025-06-18,3,0.0,0.1125312586829675,2.4122128,42.438507,105
4,PN8,CH1,2025-06-18 14:00:00,2025-06-18,3,0.0,0.0,7.354941,88.14886,175
5,PN8,CH2,2025-06-18 14:00:00,2025-06-18,3,0.0,0.10864128924701306,2.6094577,10.290146,15
4,PN8,CH1,2025-06-18 15:00:00,2025-06-18,3,0.0,0.0,3.1602552,22.984446,76
5,PN8,CH2,2025-06-18 15:00:00,2025-06-18,3,0.0,0.12420116699083078,0.7664441,2.6798248,0
4,PN8,CH1,2025-06-18 16:00:00,2025-06-18,3,0.0,0.0002778549597110308,8.376682,45.68551,666
5,PN8,CH2,2025-06-18 16:00:00,2025-06-18,3,0.0,0.12670186162823005,0.3150997,1.7642975,0
4,PN8,CH1,2025-06-18 17:00:00,2025-06-18,3,0.0,0.0002778549597110308,2.9576128,52.927956,68
5,PN8,CH2,2025-06-18 17:00:00,2025-06-18,3,0.0,0.11114198388441233,1.2505603,4.901886,4
4,PN8,CH1,2025-06-18 18:00:00,2025-06-18,3,0.0,0.0002778549597110308,8.690997,50.04883,1892
5,PN8,CH2,2025-06-18 18:00:00,2025-06-18,3,0.0,0.1153098082800778,1.4877548,5.340576,4
4,PN8,CH1,2025-06-18 19:00:00,2025-06-18,3,0.0,0.0002778549597110308,3.7408357,41.463524,203
5,PN8,CH2,2025-06-18 19:00:00,2025-06-18,3,0.0,0.13309252570158378,0.7182942,2.822876,9
4,PN8,CH1,2025-06-18 20:00:00,2025-06-18,3,0.0,0.0002778549597110308,2.9756653,30.386002,197
5,PN8,CH2,2025-06-18 20:00:00,2025-06-18,3,0.0,0.14253959433175883,0.42987168,2.0599365,9
4,PN8,CH1,2025-06-18 21:00:00,2025-06-18,3,0.0,0.0,1.6589481,23.566633,81
5,PN8,CH2,2025-06-18 21:00:00,2025-06-18,3,0.0,0.14281744929146986,0.31759426,1.707077,2
4,PN8,CH1,2025-06-18 22:00:00,2025-06-18,3,0.0,0.0002778549597110308,1.6509272,30.76665,93
5,PN8,CH2,2025-06-18 22:00:00,2025-06-18,3,0.0,0.11586551819949986,0.86619496,3.1852722,2
4,PN8,CH1,2025-06-18 23:00:00,2025-06-18,3,0.0,0.0,0.95504344,4.74535,9
5,PN8,CH2,2025-06-18 23:00:00,2025-06-18,3,0.0,0.10558488469019171,0.55757046,1.707077,0
4,PN8,CH1,2025-06-19 00:00:01,2025-06-19,3,0.0002777777777777778,0.0002778549597110308,17.548447,155.65521,558
5,PN8,CH2,2025-06-19 00:00:01,2025-06-19,3,0.0002777777777777778,0.11669908307863296,0.82630813,12.264252,58
4,PN8,CH1,2025-06-19 01:00:00,2025-06-19,3,0.0,0.0,21.224293,189.85756,398
5,PN8,CH2,2025-06-19 01:00:00,2025-06-19,3,0.0,0.13531536537927202,0.97248036,19.702911,108
4,PN8,CH1,2025-06-19 02:00:00,2025-06-19,3,0.0,0.0002778549597110308,12.890114,132.04187,978
5,PN8,CH2,2025-06-19 02:00:00,2025-06-19,3,0.0,0.14920811336482356,0.5856718,15.563965,49
4,PN8,CH1,2025-06-19 03:00:00,2025-06-19,3,0.0,0.0,30.279646,197.42743,1692
5,PN8,CH2,2025-06-19 03:00:00,2025-06-19,3,0.0,0.1603223117532648,1.4746344,18.568039,224
4,PN8,CH1,2025-06-19 04:00:00,2025-06-19,3,0.0,0.0,33.81879,197.23215,2029
5,PN8,CH2,2025-06-19 04:00:00,2025-06-19,3,0.0,0.13670464017782719,2.1319337,26.435852,471
4,PN8,CH1,2025-06-19 05:00:00,2025-06-19,3,0.0,0.0,17.697872,137.79015,878
5,PN8,CH2,2025-06-19 05:00:00,2025-06-19,3,0.0,0.1647679911086413,0.7120497,13.76152,48
4,PN8,CH1,2025-06-19 06:00:00,2025-06-19,3,0.0,0.0002778549597110308,6.747421,108.03964,405
5,PN8,CH2,2025-06-19 06:00:00,2025-06-19,3,0.0,0.14837454848569048,0.29089844,6.1798096,32
4,PN8,CH1,2025-06-19 07:00:00,2025-06-19,3,0.0,0.0008335648791330926,25.32745,194.49115,307
5,PN8,CH2,2025-06-19 07:00:00,2025-06-19,3,0.0,0.13392609058071686,3.6412098,37.12654,113
4,PN8,CH1,2025-06-19 08:00:00,2025-06-19,3,0.0,0.0,21.742397,181.9042,547
5,PN8,CH2,2025-06-19 08:00:00,2025-06-19,3,0.0,0.11503195332036677,1.7683305,12.073517,186
4,PN8,CH1,2025-06-19 09:00:00,2025-06-19,3,0.0,0.0,4.901956,53.444878,298
5,PN8,CH2,2025-06-19 09:00:00,2025-06-19,3,0.0,0.10752986940816893,0.5549068,5.8937073,62
4,PN8,CH1,2025-06-19 10:00:00,2025-06-19,3,0.0,0.0005557099194220616,5.722017,79.73239,338
5,PN8,CH2,2025-06-19 10:00:00,2025-06-19,3,0.0,0.09863851069741594,1.5447748,22.258759,131
4,PN8,CH1,2025-06-19 11:00:00,2025-06-19,3,0.0,0.0005557099194220616,7.8215327,170.37735,389
5,PN8,CH2,2025-06-19 11:00:00,2025-06-19,3,0.0,0.11669908307863296,3.256495,154.04701,155
4,PN8,CH1,2025-06-19 12:00:00,2025-06-19,3,0.0,0.0,4.9386535,130.00433,105
5,PN8,CH2,2025-06-19 12:00:00,2025-06-19,3,0.0,0.1180883578771881,0.8497973,8.640289,40
4,PN8,CH1,2025-06-19 13:00:00,2025-06-19,3,0.0,0.0005557099194220616,2.2246056,10.77503,16
5,PN8,CH2,2025-06-19 13:00:00,2025-06-19,3,0.0,0.10030564045568213,0.9318346,3.7002563,0
4,PN8,CH1,2025-06-19 14:00:00,2025-06-19,3,0.0,0.0008335648791330926,1.2644922,7.606372,4
5,PN8,CH2,2025-06-19 14:00:00,2025-06-19,3,0.0,0.09669352597943873,0.484728,2.412796,0
4,PN8,CH1,2025-06-19 15:00:00,2025-06-19,3,0.0,0.0,1.0490818,4.172735,0
5,PN8,CH2,2025-06-19 15:00:00,2025-06-19,3,0.0,0.11003056404556821,0.2939433,1.411438,0
4,PN8,CH1,2025-06-19 16:00:00,2025-06-19,3,0.0,0.0002778549597110308,0.72915953,19.78062,13
5,PN8,CH2,2025-06-19 16:00:00,2025-06-19,3,0.0,0.108085579327591,0.6315831,3.1661987,4
4,PN8,CH1,2025-06-19 17:00:00,2025-06-19,3,0.0,0.0002778549597110308,1.4341184,34.01354,40
5,PN8,CH2,2025-06-19 17:00:00,2025-06-19,3,0.0,0.11419838844123367,0.9938864,3.4332275,4
4,PN8,CH1,2025-06-19 18:00:00,2025-06-19,3,0.0,0.0002778549597110308,0.8641361,13.633556,19
5,PN8,CH2,2025-06-19 18:00:00,2025-06-19,3,0.0,0.11947763267574327,2.0955126,7.009506,3
4,PN8,CH1,2025-06-19 19:00:00,2025-06-19,3,0.0,0.0,1.868601,30.074196,140
5,PN8,CH2,2025-06-19 19:00:00,2025-06-19,3,0.0,0.12670186162823005,0.73409045,5.264282,22
4,PN8,CH1,2025-06-19 20:00:00,2025-06-19,3,0.0,0.0002778549597110308,1.6577477,24.515762,167
5,PN8,CH2,2025-06-19 20:00:00,2025-06-19,3,0.0,0.1189219227563212,0.29562888,5.016327,28
4,PN8,CH1,2025-06-19 21:00:00,2025-06-19,3,0.0,0.0002778549597110308,1.6220312,31.322464,44
5,PN8,CH2,2025-06-19 21:00:00,2025-06-19,3,0.0,0.12225618227285356,0.6238347,12.340546,13
4,PN8,CH1,2025-06-19 22:00:00,2025-06-19,3,0.0,0.0,2.7658927,49.50754,158
5,PN8,CH2,2025-06-19 22:00:00,2025-06-19,3,0.0,0.10669630452903585,1.6462753,22.659302,79
4,PN8,CH1,2025-06-19 23:00:00,2025-06-19,3,0.0,0.0002778549597110308,1.5206865,16.818419,42
5,PN8,CH2,2025-06-19 23:00:00,2025-06-19,3,0.0,0.12364545707140873,0.39677122,4.1389465,18
4,PN8,CH1,2025-06-20 00:00:01,2025-06-20,3,0.0002777777777777778,0.0,5.2593403,77.58125,262
5,PN8,CH2,2025-06-20 00:00:01,2025-06-20,3,0.0002777777777777778,0.10864128924701306,2.7399943,39.5298,132
4,PN8,CH1,2025-06-20 01:00:00,2025-06-20,3,0.0,0.0,6.9454675,144.22142,1144
5,PN8,CH2,2025-06-20 01:00:00,2025-06-20,3,0.0,0.07085301472631286,3.7698495,45.518875,598
4,PN8,CH1,2025-06-20 02:00:00,2025-06-20,3,0.0,0.0002778549597110308,4.438791,108.23891,44
5,PN8,CH2,2025-06-20 02:00:00,2025-06-20,3,0.0,0.108085579327591,0.90155643,32.138824,27
4,PN8,CH1,2025-06-20 03:00:00,2025-06-20,3,0.0,0.0005557099194220616,8.227153,115.62686,192
5,PN8,CH2,2025-06-20 03:00:00,2025-06-20,3,0.0,0.1072520144484579,3.0080395,121.36459,128
4,PN8,CH1,2025-06-20 04:00:00,2025-06-20,3,0.0,0.0,8.611505,106.34493,1046
5,PN8,CH2,2025-06-20 04:00:00,2025-06-20,3,0.0,0.07863295359822173,3.9299335,33.111572,713
4,PN8,CH1,2025-06-20 05:00:00,2025-06-20,3,0.0,0.0,0.791346,8.833633,124
5,PN8,CH2,2025-06-20 05:00:00,2025-06-20,3,0.0,0.16421228118921924,0.33089808,2.9945374,42
4,PN8,CH1,2025-06-20 06:00:00,2025-06-20,3,0.0,0.0002778549597110308,1.9586606,84.21015,88
5,PN8,CH2,2025-06-20 06:00:00,2025-06-20,3,0.0,0.27590997499305364,1.1803744,54.22592,56
4,PN8,CH1,2025-06-20 07:00:00,2025-06-20,3,0.0,0.0002778549597110308,2.6311913,76.76929,41
5,PN8,CH2,2025-06-20 07:00:00,2025-06-20,3,0.0,0.17560433453737148,3.116545,48.42758,19
4,PN8,CH1,2025-06-20 08:00:00,2025-06-20,3,0.0,0.0,1.6424363,19.924232,14
5,PN8,CH2,2025-06-20 08:00:00,2025-06-20,3,0.0,0.1819949986107252,1.8031846,7.534027,14
4,PN8,CH1,2025-06-20 09:00:00,2025-06-20,3,0.0,0.0,17.038687,136.87979,619
5,PN8,CH2,2025-06-20 09:00:00,2025-06-20,3,0.0,0.16004445679355375,8.200133,58.193207,517
4,PN8,CH1,2025-06-20 10:00:00,2025-06-20,3,0.0,0.0,9.773143,121.324356,54
5,PN8,CH2,2025-06-20 10:00:00,2025-06-20,3,0.0,0.20672409002500694,1.1832957,33.369064,31
4,PN8,CH1,2025-06-20 11:00:00,2025-06-20,3,0.0,0.0005557099194220616,1.3266163,54.12329,8
5,PN8,CH2,2025-06-20 11:00:00,2025-06-20,3,0.0,0.17338149485968324,1.0035207,16.078949,5
4,PN8,CH1,2025-06-20 12:00:01,2025-06-20,3,0.0002777777777777778,0.0005557099194220616,3.0549834,10.510757,0
5,PN8,CH2,2025-06-20 12:00:01,2025-06-20,3,0.0002777777777777778,0.1567101972770214,0.78280973,3.6334991,4
4,PN8,CH1,2025-06-20 13:00:00,2025-06-20,3,0.0,0.0002778549597110308,2.7268429,15.14554,19
5,PN8,CH2,2025-06-20 13:00:00,2025-06-20,3,0.0,0.1467074187274243,1.6614902,26.826859,48
4,PN8,CH1,2025-06-20 14:00:00,2025-06-20,3,0.0,0.0005557099194220616,1.7974685,11.401215,4
5,PN8,CH2,2025-06-20 14:00:00,2025-06-20,3,0.0,0.1297582661850514,1.4625176,5.8174133,2
4,PN8,CH1,2025-06-20 15:00:00,2025-06-20,3,0.0,0.0002778549597110308,0.97545177,31.047987,12
5,PN8,CH2,2025-06-20 15:00:00,2025-06-20,3,0.0,0.1072520144484579,0.31948903,1.4781952,1
4,PN8,CH1,2025-06-20 16:00:00,2025-06-20,3,0.0,0.0,1.4830995,55.549255,28
5,PN8,CH2,2025-06-20 16:00:00,2025-06-20,3,0.0,0.13086968602389554,0.6017123,2.5939941,3
4,PN8,CH1,2025-06-20 17:00:00,2025-06-20,3,0.0,0.0002778549597110308,4.5078664,46.73928,119
5,PN8,CH2,2025-06-20 17:00:00,2025-06-20,3,0.0,0.12225618227285356,0.8951094,3.6144257,6
4,PN8,CH1,2025-06-20 18:00:00,2025-06-20,3,0.0,0.0002778549597110308,4.572641,54.20454,318
5,PN8,CH2,2025-06-20 18:00:00,2025-06-20,3,0.0,0.10141706029452625,1.3705235,5.531311,6
4,PN8,CH1,2025-06-20 19:00:00,2025-06-20,3,0.0,0.0,5.1059375,46.002083,834
5,PN8,CH2,2025-06-20 19:00:00,2025-06-20,3,0.0,0.13559322033898305,0.6465108,2.6893616,5
4,PN8,CH1,2025-06-20 20:00:00,2025-06-20,3,0.0,0.0,36.593212,217.99199,1758
5,PN8,CH2,2025-06-20 20:00:00,2025-06-20,3,0.0,0.11086412892470131,3.966119,17.652512,278
4,PN8,CH1,2025-06-20 21:00:00,2025-06-20,3,0.0,0.0002778549597110308,7.9654803,99.43951,194
5,PN8,CH2,2025-06-20 21:00:00,2025-06-20,3,0.0,0.1378160600166713,0.5923445,4.415512,18
4,PN8,CH1,2025-06-20 22:00:00,2025-06-20,3,0.0,0.0002778549597110308,2.25012,83.932724,75
5,PN8,CH2,2025-06-20 22:00:00,2025-06-20,3,0.0,0.13726035009724924,0.65912354,2.7751923,6
4,PN8,CH1,2025-06-20 23:00:00,2025-06-20,3,0.0,0.0005557099194220616,3.42391,69.53835,115
5,PN8,CH2,2025-06-20 23:00:00,2025-06-20,3,0.0,0.11586551819949986,0.5596532,2.412796,7
4,PN8,CH1,2025-06-21 00:00:01,2025-06-21,3,0.0002777777777777778,0.0008335648791330926,1.5478945,10.159315,125
5,PN8,CH2,2025-06-21 00:00:01,2025-06-21,3,0.0002777777777777778,0.12031119755487635,0.40892088,1.4686584,0
4,PN8,CH1,2025-06-21 01:00:00,2025-06-21,3,0.0,0.0,6.240296,120.1021,255
5,PN8,CH2,2025-06-21 01:00:00,2025-06-21,3,0.0,0.12781328146707419,0.21624361,1.9645691,25
4,PN8,CH1,2025-06-21 02:00:00,2025-06-21,3,0.0,0.0,18.296143,147.11961,1268
5,PN8,CH2,2025-06-21 02:00:00,2025-06-21,3,0.0,0.1180883578771881,0.8767959,9.95636,206
4,PN8,CH1,2025-06-21 03:00:00,2025-06-21,3,0.0,0.0002778549597110308,19.817743,174.48734,1491
5,PN8,CH2,2025-06-21 03:00:00,2025-06-21,3,0.0,0.126146151708808,1.3176129,23.975372,292
4,PN8,CH1,2025-06-21 04:00:00,2025-06-21,3,0.0,0.0,14.649202,108.082184,1813
5,PN8,CH2,2025-06-21 04:00:00,2025-06-21,3,0.0,0.1542095026396221,0.9119541,15.888214,241
4,PN8,CH1,2025-06-21 05:00:00,2025-06-21,3,0.0,0.0,6.5294323,124.677124,103
5,PN8,CH2,2025-06-21 05:00:00,2025-06-21,3,0.0,0.14392886913031397,0.3307836,6.608963,11
4,PN8,CH1,2025-06-21 06:00:00,2025-06-21,3,0.0,0.0,1.2241054,18.124878,83
5,PN8,CH2,2025-06-21 06:00:00,2025-06-21,3,0.0,0.12058905251458739,0.19482434,1.5735626,4
4,PN8,CH1,2025-06-21 07:00:00,2025-06-21,3,0.0,0.0005557099194220616,4.6740737,91.83206,166
5,PN8,CH2,2025-06-21 07:00:00,2025-06-21,3,0.0,0.10419560989163656,2.224281,9.7846985,36
4,PN8,CH1,2025-06-21 08:00:00,2025-06-21,3,0.0,0.0005557099194220616,7.363973,135.72011,265
5,PN8,CH2,2025-06-21 08:00:00,2025-06-21,3,0.0,0.10197277021394832,2.3368857,34.980774,77
4,PN8,CH1,2025-06-21 09:00:00,2025-06-21,3,0.0,0.0,3.763402,75.2639,39
5,PN8,CH2,2025-06-21 09:00:00,2025-06-21,3,0.0,0.10280633509308142,0.7984094,3.976822,8
4,PN8,CH1,2025-06-21 10:00:00,2025-06-21,3,0.0,0.0005557099194220616,3.4630914,71.40767,77
5,PN8,CH2,2025-06-21 10:00:00,2025-06-21,3,0.0,0.10336204501250347,1.3112506,5.083084,18
4,PN8,CH1,2025-06-21 11:00:00,2025-06-21,3,0.0,0.0,2.1689298,69.36855,29
5,PN8,CH2,2025-06-21 11:00:00,2025-06-21,3,0.0,0.11864406779661017,0.75171226,4.043579,9
4,PN8,CH1,2025-06-21 12:00:00,2025-06-21,3,0.0,0.0005557099194220616,0.7840919,16.868786,8
5,PN8,CH2,2025-06-21 12:00:00,2025-06-21,3,0.0,0.11225340372325646,0.7601261,3.938675,9
4,PN8,CH1,2025-06-21 13:00:00,2025-06-21,3,0.0,0.0016671297582661851,0.7099547,3.0976143,0
5,PN8,CH2,2025-06-21 13:00:00,2025-06-21,3,0.0,0.09836065573770492,0.5027471,2.3937225,2
4,PN8,CH1,2025-06-21 14:00:00,2025-06-21,3,0.0,0.0,0.34927186,2.2327538,0
5,PN8,CH2,2025-06-21 14:00:00,2025-06-21,3,0.0,0.08724645734926369,1.0878792,4.453659,0
4,PN8,CH1,2025-06-21 15:00:00,2025-06-21,3,0.0,0.0002778549597110308,0.75773287,3.5390625,0
5,PN8,CH2,2025-06-21 15:00:00,2025-06-21,3,0.0,0.11475409836065574,1.1073852,3.452301,5
4,PN8,CH1,2025-06-21 16:00:00,2025-06-21,3,0.0,0.0002778549597110308,0.74644774,3.5738945,0
5,PN8,CH2,2025-06-21 16:00:00,2025-06-21,3,0.0,0.11669908307863296,0.4021669,1.9454956,0
4,PN8,CH1,2025-06-21 17:00:00,2025-06-21,3,0.0,0.0005557099194220616,0.75618815,3.0202065,0
5,PN8,CH2,2025-06-21 17:00:00,2025-06-21,3,0.0,0.10197277021394832,0.87181747,3.194809,0
4,PN8,CH1,2025-06-21 18:00:00,2025-06-21,3,0.0,0.0,0.819717,3.1798706,0
5,PN8,CH2,2025-06-21 18:00:00,2025-06-21,3,0.0,0.108085579327591,1.7475929,6.3610077,2
4,PN8,CH1,2025-06-21 19:00:00,2025-06-21,3,0.0,0.0005557099194220616,2.0308504,84.158,30
5,PN8,CH2,2025-06-21 19:00:00,2025-06-21,3,0.0,0.13920533481522646,0.8525451,2.6798248,6
4,PN8,CH1,2025-06-21 20:00:00,2025-06-21,3,0.0,0.0005557099194220616,1.5777283,27.223753,19
5,PN8,CH2,2025-06-21 20:00:00,2025-06-21,3,0.0,0.126146151708808,0.4278991,1.8882751,0
4,PN8,CH1,2025-06-21 21:00:00,2025-06-21,3,0.0,0.0,11.260846,75.08862,218
5,PN8,CH2,2025-06-21 21:00:00,2025-06-21,3,0.0,0.1250347318699639,0.6941951,3.0994415,7
4,PN8,CH1,2025-06-21 22:00:00,2025-06-21,3,0.0,0.0005557099194220616,5.1852846,55.73917,163
5,PN8,CH2,2025-06-21 22:00:00,2025-06-21,3,0.0,0.13114754098360656,0.16495146,2.7275085,14
4,PN8,CH1,2025-06-21 23:00:00,2025-06-21,3,0.016666666666666666,0.0002778549597110308,5.463298,74.06559,215
5,PN8,CH2,2025-06-21 23:00:00,2025-06-21,3,0.016666666666666666,0.11475409836065574,0.27312025,2.822876,12
6,PN9,CH1,2025-06-04 00:00:00,2025-06-04,3,0.0,0.0027785495971103086,0.056879513,0.31013107,0
7,PN9,CH2,2025-06-04 00:00:00,2025-06-04,3,0.0,0.0005557099194220616,1.416117,6.1136494,12
6,PN9,CH1,2025-06-04 01:00:00,2025-06-04,3,0.0,0.0005557099194220616,0.09279342,0.68407536,0
7,PN9,CH2,2025-06-04 01:00:00,2025-06-04,3,0.0,0.0025006946373992774,0.8877779,3.9741402,0
6,PN9,CH1,2025-06-04 02:00:00,2025-06-04,3,0.0,0.001944984717977216,0.17344849,0.71022654,1
7,PN9,CH2,2025-06-04 02:00:00,2025-06-04,3,0.0,0.0013892747985551543,0.48260707,2.3084888,1
6,PN9,CH1,2025-06-04 03:00:00,2025-06-04,3,0.0,0.0013892747985551543,0.1604987,0.6579976,0
7,PN9,CH2,2025-06-04 03:00:00,2025-06-04,3,0.0,0.0027785495971103086,1.5211704,5.9426575,4
6,PN9,CH1,2025-06-04 04:00:00,2025-06-04,3,0.0,0.0011114198388441233,0.7070661,2.3666396,1
7,PN9,CH2,2025-06-04 04:00:00,2025-06-04,3,0.0,0.0016671297582661851,2.795993,9.682999,2
6,PN9,CH1,2025-06-04 05:00:00,2025-06-04,3,0.0,0.0022228396776882466,1.238323,3.7558374,2
7,PN9,CH2,2025-06-04 05:00:00,2025-06-04,3,0.0,0.0008335648791330926,0.82464,3.5584717,20
6,PN9,CH1,2025-06-04 06:00:00,2025-06-04,3,0.0,0.0011114198388441233,0.9745395,3.489256,0
7,PN9,CH2,2025-06-04 06:00:00,2025-06-04,3,0.0,0.0016671297582661851,1.1240606,4.95739,0
6,PN9,CH1,2025-06-04 07:00:00,2025-06-04,3,0.0,0.0011114198388441233,1.3625811,18.440447,67
7,PN9,CH2,2025-06-04 07:00:00,2025-06-04,3,0.0,0.0013892747985551543,4.5039916,38.102158,46
6,PN9,CH1,2025-06-04 08:00:00,2025-06-04,3,0.0,0.0013892747985551543,0.8674306,3.0636783,1
7,PN9,CH2,2025-06-04 08:00:00,2025-06-04,3,0.0,0.0013892747985551543,2.58411,10.705292,34
6,PN9,CH1,2025-06-04 09:00:00,2025-06-04,3,0.0,0.0008335648791330926,0.64002603,2.5723133,0
7,PN9,CH2,2025-06-04 09:00:00,2025-06-04,3,0.0,0.0013892747985551543,3.0445516,10.315666,2
6,PN9,CH1,2025-06-04 10:00:00,2025-06-04,3,0.0,0.0005557099194220616,2.1301723,37.733093,32
7,PN9,CH2,2025-06-04 10:00:00,2025-06-04,3,0.0,0.0005557099194220616,3.6196012,11.588261,43
6,PN9,CH1,2025-06-04 11:00:00,2025-06-04,3,0.0002777777777777778,0.0005557099194220616,0.39762765,1.821145,0
7,PN9,CH2,2025-06-04 11:00:00,2025-06-04,3,0.0002777777777777778,0.0002778549597110308,4.446645,18.040462,362
6,PN9,CH1,2025-06-04 12:00:00,2025-06-04,3,0.0,0.0005557099194220616,0.49962333,2.2736197,0
7,PN9,CH2,2025-06-04 12:00:00,2025-06-04,3,0.0,0.0008335648791330926,3.3515944,21.031054,167
6,PN9,CH1,2025-06-04 13:00:00,2025-06-04,3,0.0,0.0002778549597110308,0.91603565,4.4132767,0
7,PN9,CH2,2025-06-04 13:00:00,2025-06-04,3,0.0,0.0002778549597110308,3.872838,16.767494,288
6,PN9,CH1,2025-06-04 14:00:00,2025-06-04,3,0.0,0.0008335648791330926,0.77896476,4.3858585,0
7,PN9,CH2,2025-06-04 14:00:00,2025-06-04,3,0.0,0.0002778549597110308,3.2968178,14.828964,156
6,PN9,CH1,2025-06-04 15:00:00,2025-06-04,3,0.0,0.0008335648791330926,0.90136206,4.474148,6
7,PN9,CH2,2025-06-04 15:00:00,2025-06-04,3,0.0,0.0,2.272363,10.01902,142
6,PN9,CH1,2025-06-04 16:00:00,2025-06-04,3,0.0,0.0,0.91603523,4.20481,0
7,PN9,CH2,2025-06-04 16:00:00,2025-06-04,3,0.0,0.0002778549597110308,1.4016588,6.0874977,39
6,PN9,CH1,2025-06-04 17:00:00,2025-06-04,3,0.0,0.0008335648791330926,1.3971071,9.160675,11
7,PN9,CH2,2025-06-04 17:00:00,2025-06-04,3,0.0,0.0002778549597110308,1.2796582,7.144211,48
6,PN9,CH1,2025-06-04 18:00:00,2025-06-04,3,0.0,0.0,3.0435956,8.889809,1
7,PN9,CH2,2025-06-04 18:00:00,2025-06-04,3,0.0,0.0002778549597110308,9.840925,40.053276,175
6,PN9,CH1,2025-06-04 19:00:00,2025-06-04,3,0.0,0.0016671297582661851,1.8009648,6.84727,0
7,PN9,CH2,2025-06-04 19:00:00,2025-06-04,3,0.0,0.0016671297582661851,5.112649,17.092789,12
6,PN9,CH1,2025-06-04 20:00:00,2025-06-04,3,0.0,0.0005557099194220616,0.60637444,2.5939188,1
7,PN9,CH2,2025-06-04 20:00:00,2025-06-04,3,0.0,0.0022228396776882466,2.437102,13.241993,41
6,PN9,CH1,2025-06-04 21:00:00,2025-06-04,3,0.0,0.0011114198388441233,0.96394295,3.476143,1
7,PN9,CH2,2025-06-04 21:00:00,2025-06-04,3,0.0,0.001944984717977216,1.6578231,5.0413246,19
6,PN9,CH1,2025-06-04 22:00:00,2025-06-04,3,0.0,0.0027785495971103086,0.25776362,1.1475754,0
7,PN9,CH2,2025-06-04 22:00:00,2025-06-04,3,0.0,0.0027785495971103086,1.9341353,8.165352,28
6,PN9,CH1,2025-06-04 23:00:00,2025-06-04,3,0.0,0.0025006946373992774,0.24721937,1.111105,0
7,PN9,CH2,2025-06-04 23:00:00,2025-06-04,3,0.0,0.0011114198388441233,1.2470137,5.2576523,0
6,PN9,CH1,2025-06-05 00:00:00,2025-06-05,3,0.0,0.0013892747985551543,0.37719002,1.9994373,1
7,PN9,CH2,2025-06-05 00:00:00,2025-06-05,3,0.0,0.0027785495971103086,1.2776276,5.175995,7
6,PN9,CH1,2025-06-05 01:00:00,2025-06-05,3,0.0,0.0016671297582661851,0.16233245,0.7565317,0
7,PN9,CH2,2025-06-05 01:00:00,2025-06-05,3,0.0,0.0013892747985551543,1.9619681,6.519409,1
6,PN9,CH1,2025-06-05 02:00:00,2025-06-05,3,0.0,0.003612114476243401,0.3548499,1.2759113,0
7,PN9,CH2,2025-06-05 02:00:00,2025-06-05,3,0.0,0.0027785495971103086,0.3477197,1.5055771,3
6,PN9,CH1,2025-06-05 03:00:00,2025-06-05,3,0.0,0.004167824395665463,0.10746727,0.5509701,0
7,PN9,CH2,2025-06-05 03:00:00,2025-06-05,3,0.0,0.0022228396776882466,1.7656808,8.977135,26
6,PN9,CH1,2025-06-05 04:00:00,2025-06-05,3,0.0,0.0016671297582661851,0.27289063,1.2040882,0
7,PN9,CH2,2025-06-05 04:00:00,2025-06-05,3,0.0,0.001944984717977216,3.3840463,11.359001,9
6,PN9,CH1,2025-06-05 05:00:00,2025-06-05,3,0.0,0.0013892747985551543,1.3598509,4.486367,2
7,PN9,CH2,2025-06-05 05:00:00,2025-06-05,3,0.0,0.0016671297582661851,1.3126867,6.614586,4
6,PN9,CH1,2025-06-05 06:00:00,2025-06-05,3,0.0,0.0005557099194220616,0.29694968,1.7418342,0
7,PN9,CH2,2025-06-05 06:00:00,2025-06-05,3,0.0,0.0016671297582661851,4.1636844,14.635361,66
6,PN9,CH1,2025-06-05 07:00:00,2025-06-05,3,0.0,0.0013892747985551543,0.4684329,2.1107864,4
7,PN9,CH2,2025-06-05 07:00:00,2025-06-05,3,0.0,0.0005557099194220616,2.8718317,14.256165,12
6,PN9,CH1,2025-06-05 08:00:00,2025-06-05,3,0.0,0.001944984717977216,1.6753342,26.043877,87
7,PN9,CH2,2025-06-05 08:00:00,2025-06-05,3,0.0,0.0011114198388441233,4.452894,27.12421,47
6,PN9,CH1,2025-06-05 09:00:00,2025-06-05,3,0.0,0.0005557099194220616,1.1920463,3.873147,0
7,PN9,CH2,2025-06-05 09:00:00,2025-06-05,3,0.0,0.0016671297582661851,1.5319681,5.9116592,4
6,PN9,CH1,2025-06-05 10:00:00,2025-06-05,3,0.0,0.0025006946373992774,0.8358696,4.4503436,0
7,PN9,CH2,2025-06-05 10:00:00,2025-06-05,3,0.0,0.0005557099194220616,3.2641268,14.16378,56
6,PN9,CH1,2025-06-05 11:00:00,2025-06-05,3,0.013888888888888888,0.0002778549597110308,1.0711008,5.968176,9
7,PN9,CH2,2025-06-05 11:00:00,2025-06-05,3,0.013888888888888888,0.0008335648791330926,3.1910622,10.125786,31
6,PN9,CH1,2025-06-05 12:00:00,2025-06-05,3,0.0,0.0011114198388441233,0.68638843,2.8856096,7
7,PN9,CH2,2025-06-05 12:00:00,2025-06-05,3,0.0,0.0002778549597110308,0.9693556,4.4362946,14
6,PN9,CH1,2025-06-05 13:00:00,2025-06-05,3,0.0,0.0005557099194220616,1.4229019,5.743577,10
7,PN9,CH2,2025-06-05 13:00:00,2025-06-05,3,0.0,0.0005557099194220616,2.3437614,9.825233,24
6,PN9,CH1,2025-06-05 14:00:00,2025-06-05,3,0.0,0.0008335648791330926,5.3518825,81.10978,201
7,PN9,CH2,2025-06-05 14:00:00,2025-06-05,3,0.0,0.0016671297582661851,16.385752,127.46233,261
6,PN9,CH1,2025-06-05 15:00:00,2025-06-05,3,0.0,0.0008335648791330926,1.6151621,7.173418,32
7,PN9,CH2,2025-06-05 15:00:00,2025-06-05,3,0.0,0.0005557099194220616,3.016826,10.737183,4
6,PN9,CH1,2025-06-05 16:00:00,2025-06-05,3,0.0,0.0016671297582661851,1.32819,5.75889,5
7,PN9,CH2,2025-06-05 16:00:00,2025-06-05,3,0.0,0.0011114198388441233,2.1428616,7.8099213,16
6,PN9,CH1,2025-06-05 17:00:00,2025-06-05,3,0.0,0.0011114198388441233,1.5186073,4.5136356,16
7,PN9,CH2,2025-06-05 17:00:00,2025-06-05,3,0.0,0.001944984717977216,2.481108,8.77533,0
6,PN9,CH1,2025-06-05 18:00:00,2025-06-05,3,0.0,0.0011114198388441233,0.63611484,3.2655897,6
7,PN9,CH2,2025-06-05 18:00:00,2025-06-05,3,0.0,0.0005557099194220616,3.3229983,10.814224,8
6,PN9,CH1,2025-06-05 19:00:00,2025-06-05,3,0.0,0.0005557099194220616,1.0278616,3.341957,2
7,PN9,CH2,2025-06-05 19:00:00,2025-06-05,3,0.0,0.0027785495971103086,4.01758,12.0987015,0
6,PN9,CH1,2025-06-05 20:00:00,2025-06-05,3,0.0,0.0008335648791330926,1.0995144,3.8075075,2
7,PN9,CH2,2025-06-05 20:00:00,2025-06-05,3,0.0,0.0013892747985551543,4.838766,40.552395,111
6,PN9,CH1,2025-06-05 21:00:00,2025-06-05,3,0.0,0.0002778549597110308,0.8467296,5.654768,8
7,PN9,CH2,2025-06-05 21:00:00,2025-06-05,3,0.0,0.0013892747985551543,1.9918528,8.822983,42
6,PN9,CH1,2025-06-05 22:00:00,2025-06-05,3,0.0,0.0005557099194220616,1.0857329,3.4287567,12
7,PN9,CH2,2025-06-05 22:00:00,2025-06-05,3,0.0,0.0013892747985551543,8.163808,52.947437,199
6,PN9,CH1,2025-06-05 23:00:00,2025-06-05,3,0.0,0.0002778549597110308,0.13329451,0.6110964,0
7,PN9,CH2,2025-06-05 23:00:00,2025-06-05,3,0.0,0.0013892747985551543,1.4789652,5.908531,0
6,PN9,CH1,2025-06-06 00:00:01,2025-06-06,3,0.0002777777777777778,0.0,0.28610831,1.5225258,0
7,PN9,CH2,2025-06-06 00:00:01,2025-06-06,3,0.0002777777777777778,0.0008335648791330926,0.6660538,2.563446,0
6,PN9,CH1,2025-06-06 01:00:00,2025-06-06,3,0.0,0.0005557099194220616,0.2383579,1.0474024,1
7,PN9,CH2,2025-06-06 01:00:00,2025-06-06,3,0.0,0.0016671297582661851,2.6582215,14.068527,34
6,PN9,CH1,2025-06-06 02:00:00,2025-06-06,3,0.0,0.0002778549597110308,0.4369192,1.91994,1
7,PN9,CH2,2025-06-06 02:00:00,2025-06-06,3,0.0,0.0016671297582661851,1.5089183,4.4493713,2
6,PN9,CH1,2025-06-06 03:00:00,2025-06-06,3,0.0,0.0013892747985551543,0.33110973,1.3485928,0
7,PN9,CH2,2025-06-06 03:00:00,2025-06-06,3,0.0,0.0005557099194220616,1.186248,5.085846,1
6,PN9,CH1,2025-06-06 04:00:00,2025-06-06,3,0.0,0.0,0.49793047,1.8916655,0
7,PN9,CH2,2025-06-06 04:00:00,2025-06-06,3,0.0,0.0022228396776882466,0.48339027,2.0519714,3
6,PN9,CH1,2025-06-06 05:00:00,2025-06-06,3,0.0,0.0013892747985551543,0.8121125,3.0390167,0
7,PN9,CH2,2025-06-06 05:00:00,2025-06-06,3,0.0,0.001944984717977216,2.122374,7.246727,1
6,PN9,CH1,2025-06-06 06:00:00,2025-06-06,3,0.0,0.0011114198388441233,0.41469693,1.8684568,0
7,PN9,CH2,2025-06-06 06:00:00,2025-06-06,3,0.0,0.0013892747985551543,0.53390414,2.3427658,0
6,PN9,CH1,2025-06-06 07:00:00,2025-06-06,3,0.0,0.0008335648791330926,0.3220195,2.3984156,1
7,PN9,CH2,2025-06-06 07:00:00,2025-06-06,3,0.0,0.0013892747985551543,1.6484176,6.8251038,5
6,PN9,CH1,2025-06-06 08:00:00,2025-06-06,3,0.0,0.0,1.2780613,5.0352516,66
7,PN9,CH2,2025-06-06 08:00:00,2025-06-06,3,0.0,0.0002778549597110308,5.5345263,16.890095,139
6,PN9,CH1,2025-06-06 09:00:00,2025-06-06,3,0.0,0.0,2.906469,9.867362,24
7,PN9,CH2,2025-06-06 09:00:00,2025-06-06,3,0.0,0.0008335648791330926,2.6774018,10.788887,5
6,PN9,CH1,2025-06-06 10:00:00,2025-06-06,3,0.0,0.0002778549597110308,0.5070527,2.2532797,6
7,PN9,CH2,2025-06-06 10:00:00,2025-06-06,3,0.0,0.0011114198388441233,0.91698384,4.168297,5
6,PN9,CH1,2025-06-06 11:00:00,2025-06-06,3,0.0002777777777777778,0.0005557099194220616,2.7592108,26.75373,168
7,PN9,CH2,2025-06-06 11:00:00,2025-06-06,3,0.0002777777777777778,0.0002778549597110308,1.4123605,9.111984,142
6,PN9,CH1,2025-06-06 12:00:00,2025-06-06,3,0.0,0.0008335648791330926,3.3257701,11.221169,28
7,PN9,CH2,2025-06-06 12:00:00,2025-06-06,3,0.0,0.001944984717977216,2.5337026,8.458492,21
6,PN9,CH1,2025-06-06 13:00:00,2025-06-06,3,0.0,0.0011114198388441233,1.3899221,5.1437693,78
7,PN9,CH2,2025-06-06 13:00:00,2025-06-06,3,0.0,0.0002778549597110308,2.999516,9.003502,10
6,PN9,CH1,2025-06-06 14:00:00,2025-06-06,3,0.0,0.0002778549597110308,0.85318327,4.4693804,76
7,PN9,CH2,2025-06-06 14:00:00,2025-06-06,3,0.0,0.0002778549597110308,1.7000464,7.5791016,17
6,PN9,CH1,2025-06-06 15:00:00,2025-06-06,3,0.0,0.0011114198388441233,1.9143453,6.220601,5
7,PN9,CH2,2025-06-06 15:00:00,2025-06-06,3,0.0,0.0011114198388441233,0.91425633,3.4652634,2
6,PN9,CH1,2025-06-06 16:00:00,2025-06-06,3,0.0,0.0002778549597110308,1.0677276,5.3695593,15
7,PN9,CH2,2025-06-06 16:00:00,2025-06-06,3,0.0,0.0011114198388441233,1.6136447,6.20298,1
6,PN9,CH1,2025-06-06 17:00:00,2025-06-06,3,0.0,0.0005557099194220616,0.940179,5.921796,7
7,PN9,CH2,2025-06-06 17:00:00,2025-06-06,3,0.0,0.0016671297582661851,1.6144156,16.909164,32
6,PN9,CH1,2025-06-06 18:00:00,2025-06-06,3,0.0,0.0002778549597110308,0.85968363,3.594904,1
7,PN9,CH2,2025-06-06 18:00:00,2025-06-06,3,0.0,0.0,1.6302295,6.3846245,0
6,PN9,CH1,2025-06-06 19:00:00,2025-06-06,3,0.0,0.0005557099194220616,0.9096896,4.4134254,0
7,PN9,CH2,2025-06-06 19:00:00,2025-06-06,3,0.0,0.0008335648791330926,1.3528874,16.865952,39
6,PN9,CH1,2025-06-06 20:00:00,2025-06-06,3,0.0,0.001944984717977216,0.7813426,2.2825603,0
7,PN9,CH2,2025-06-06 20:00:00,2025-06-06,3,0.0,0.0011114198388441233,0.5253254,2.4535522,7
6,PN9,CH1,2025-06-06 21:00:00,2025-06-06,3,0.0,0.0013892747985551543,1.3462578,4.007146,2
7,PN9,CH2,2025-06-06 21:00:00,2025-06-06,3,0.0,0.0013892747985551543,4.305818,23.35012,117
6,PN9,CH1,2025-06-06 22:00:00,2025-06-06,3,0.0,0.0008335648791330926,0.86494094,3.550798,10
7,PN9,CH2,2025-06-06 22:00:00,2025-06-06,3,0.0,0.001944984717977216,1.3647869,5.0152817,23
6,PN9,CH1,2025-06-06 23:00:00,2025-06-06,3,0.0,0.0013892747985551543,0.53420824,2.0758061,0
7,PN9,CH2,2025-06-06 23:00:00,2025-06-06,3,0.0,0.0016671297582661851,1.0026774,3.0723953,0
6,PN9,CH1,2025-06-07 00:00:00,2025-06-07,3,0.0,0.0008335648791330926,0.30735168,1.036078,0
7,PN9,CH2,2025-06-07 00:00:00,2025-06-07,3,0.0,0.0022228396776882466,0.35854113,1.5213318,1
6,PN9,CH1,2025-06-07 01:00:00,2025-06-07,3,0.0,0.0005557099194220616,0.21248126,1.0669975,1
7,PN9,CH2,2025-06-07 01:00:00,2025-06-07,3,0.0,0.0011114198388441233,0.10222684,0.46108246,0
6,PN9,CH1,2025-06-07 02:00:00,2025-06-07,3,0.0,0.0011114198388441233,0.332753,2.00484,0
7,PN9,CH2,2025-06-07 02:00:00,2025-06-07,3,0.0,0.0016671297582661851,0.63813245,2.609417,0
6,PN9,CH1,2025-06-07 03:00:00,2025-06-07,3,0.0,0.0,0.37153098,1.2943144,0
7,PN9,CH2,2025-06-07 03:00:00,2025-06-07,3,0.0,0.0011114198388441233,0.9991293,3.0910225,0
6,PN9,CH1,2025-06-07 04:00:00,2025-06-07,3,0.0,0.0008335648791330926,0.79313934,2.3944302,0
7,PN9,CH2,2025-06-07 04:00:00,2025-06-07,3,0.0,0.0016671297582661851,0.8965884,3.7820663,1
6,PN9,CH1,2025-06-07 05:00:00,2025-06-07,3,0.0,0.0005557099194220616,0.41610464,1.3054533,0
7,PN9,CH2,2025-06-07 05:00:00,2025-06-07,3,0.0,0.0016671297582661851,2.2655613,6.4599915,0
6,PN9,CH1,2025-06-07 06:00:00,2025-06-07,3,0.0,0.0013892747985551543,0.3736731,1.2341137,0
7,PN9,CH2,2025-06-07 06:00:00,2025-06-07,3,0.0,0.0005557099194220616,1.0617816,3.419815,1
6,PN9,CH1,2025-06-07 07:00:00,2025-06-07,3,0.0,0.0011114198388441233,0.5960826,2.0411987,1
7,PN9,CH2,2025-06-07 07:00:00,2025-06-07,3,0.0,0.0022228396776882466,0.48443022,1.615139,0
6,PN9,CH1,2025-06-07 08:00:00,2025-06-07,3,0.0,0.0011114198388441233,0.31463045,1.5804911,3
7,PN9,CH2,2025-06-07 08:00:00,2025-06-07,3,0.0,0.0025006946373992774,0.20857306,1.1282043,0
6,PN9,CH1,2025-06-07 09:00:00,2025-06-07,3,0.0,0.0011114198388441233,0.6988423,2.778843,0
7,PN9,CH2,2025-06-07 09:00:00,2025-06-07,3,0.0,0.0013892747985551543,0.8829389,3.2469635,7
6,PN9,CH1,2025-06-07 10:00:00,2025-06-07,3,0.0,0.0002778549597110308,8.648611,89.008286,411
7,PN9,CH2,2025-06-07 10:00:00,2025-06-07,3,0.0,0.0002778549597110308,8.726935,55.62924,336
6,PN9,CH1,2025-06-07 11:00:00,2025-06-07,3,0.0,0.0005557099194220616,0.872918,3.7419806,181
7,PN9,CH2,2025-06-07 11:00:00,2025-06-07,3,0.0,0.0008335648791330926,0.50279504,2.5254135,27
6,PN9,CH1,2025-06-07 12:00:01,2025-06-07,3,0.0002777777777777778,0.0,1.1644084,5.230978,42
7,PN9,CH2,2025-06-07 12:00:01,2025-06-07,3,0.0002777777777777778,0.0011114198388441233,1.1453066,4.1719513,0
6,PN9,CH1,2025-06-07 13:00:00,2025-06-07,3,0.0,0.0002778549597110308,0.71528983,3.8607426,13
7,PN9,CH2,2025-06-07 13:00:00,2025-06-07,3,0.0,0.0022228396776882466,2.1838133,7.647724,2
6,PN9,CH1,2025-06-07 14:00:00,2025-06-07,3,0.0,0.0002778549597110308,0.579516,2.5393076,9
7,PN9,CH2,2025-06-07 14:00:00,2025-06-07,3,0.0,0.001944984717977216,1.1439067,5.598217,31
6,PN9,CH1,2025-06-07 15:00:00,2025-06-07,3,0.0,0.0005557099194220616,1.1824905,3.9827461,5
7,PN9,CH2,2025-06-07 15:00:00,2025-06-07,3,0.0,0.0022228396776882466,0.5867776,2.6001778,0
6,PN9,CH1,2025-06-07 16:00:00,2025-06-07,3,0.0,0.0013892747985551543,1.1390971,4.5187025,35
7,PN9,CH2,2025-06-07 16:00:00,2025-06-07,3,0.0,0.0011114198388441233,1.212387,4.759094,0
6,PN9,CH1,2025-06-07 17:00:00,2025-06-07,3,0.0,0.0008335648791330926,0.6465208,3.209076,15
7,PN9,CH2,2025-06-07 17:00:00,2025-06-07,3,0.0,0.0013892747985551543,1.3256861,5.13237,0
6,PN9,CH1,2025-06-07 18:00:00,2025-06-07,3,0.0,0.0016671297582661851,0.84478515,3.0550365,5
7,PN9,CH2,2025-06-07 18:00:00,2025-06-07,3,0.0,0.0016671297582661851,1.2837269,4.8483887,7
6,PN9,CH1,2025-06-07 19:00:00,2025-06-07,3,0.0,0.001944984717977216,0.3410989,1.3124199,0
7,PN9,CH2,2025-06-07 19:00:00,2025-06-07,3,0.0,0.001944984717977216,1.1520154,6.0855618,18
6,PN9,CH1,2025-06-07 20:00:00,2025-06-07,3,0.0,0.0008335648791330926,0.31842303,1.5070286,1
7,PN9,CH2,2025-06-07 20:00:00,2025-06-07,3,0.0,0.0005557099194220616,0.5381522,4.3245754,12
6,PN9,CH1,2025-06-07 21:00:00,2025-06-07,3,0.0,0.0002778549597110308,0.3234784,1.5434246,0
7,PN9,CH2,2025-06-07 21:00:00,2025-06-07,3,0.0,0.0022228396776882466,0.6717186,2.902895,11
6,PN9,CH1,2025-06-07 22:00:00,2025-06-07,3,0.0,0.0008335648791330926,0.4225279,1.5346327,0
7,PN9,CH2,2025-06-07 22:00:00,2025-06-07,3,0.0,0.0005557099194220616,0.8934165,3.0147266,1
6,PN9,CH1,2025-06-07 23:00:00,2025-06-07,3,0.0,0.0,1.2615367,3.6945195,0
7,PN9,CH2,2025-06-07 23:00:00,2025-06-07,3,0.0,0.001944984717977216,0.71941894,5.161091,4
6,PN9,CH1,2025-06-08 00:00:01,2025-06-08,3,0.0125,0.0,0.86997813,2.5833397,0
7,PN9,CH2,2025-06-08 00:00:01,2025-06-08,3,0.0125,0.23812170047235343,0.2829276,1.449585,1
6,PN9,CH1,2025-06-08 01:00:00,2025-06-08,3,0.0,0.0008335648791330926,0.16879594,1.6030664,0
7,PN9,CH2,2025-06-08 01:00:00,2025-06-08,3,0.0,0.5457071408724645,1.2311333,4.787445,27
6,PN9,CH1,2025-06-08 02:00:00,2025-06-08,3,0.0,0.0005557099194220616,0.19463332,0.98593616,0
7,PN9,CH2,2025-06-08 02:00:00,2025-06-08,3,0.0,0.6176715754376215,0.6124926,2.708435,0
6,PN9,CH1,2025-06-08 03:00:00,2025-06-08,3,0.0,0.0008335648791330926,0.3755194,1.3649464,0
7,PN9,CH2,2025-06-08 03:00:00,2025-06-08,3,0.0,0.648513475965546,1.5811201,5.168915,0
6,PN9,CH1,2025-06-08 04:00:00,2025-06-08,3,0.0,0.0011114198388441233,0.8171119,2.3345652,0
7,PN9,CH2,2025-06-08 04:00:00,2025-06-08,3,0.0,0.5429285912753543,0.6543511,2.937317,8
6,PN9,CH1,2025-06-08 05:00:00,2025-06-08,3,0.0,0.0002778549597110308,0.49872535,1.9254532,0
7,PN9,CH2,2025-06-08 05:00:00,2025-06-08,3,0.0,0.3826062795220895,1.9765846,6.1416626,36
6,PN9,CH1,2025-06-08 06:00:00,2025-06-08,3,0.0,0.0008335648791330926,0.4641021,1.6947098,0
7,PN9,CH2,2025-06-08 06:00:00,2025-06-08,3,0.0,0.3667685468185607,1.7576586,8.888245,9
6,PN9,CH1,2025-06-08 07:00:00,2025-06-08,3,0.0,0.0008335648791330926,0.84884804,3.6491451,65
7,PN9,CH2,2025-06-08 07:00:00,2025-06-08,3,0.0,0.2586829674909697,0.8160697,4.3296814,164
6,PN9,CH1,2025-06-08 08:00:00,2025-06-08,3,0.0,0.0005557099194220616,1.6244928,8.084923,159
7,PN9,CH2,2025-06-08 08:00:00,2025-06-08,3,0.0,0.0955821061405946,1.6060113,6.351471,606
6,PN9,CH1,2025-06-08 09:00:00,2025-06-08,3,0.0,0.0008335648791330926,0.59027165,2.6325893,3
7,PN9,CH2,2025-06-08 09:00:00,2025-06-08,3,0.0,0.1864406779661017,1.8148812,8.735657,59
6,PN9,CH1,2025-06-08 10:00:00,2025-06-08,3,0.0,0.0008335648791330926,4.4994946,32.83452,474
7,PN9,CH2,2025-06-08 10:00:00,2025-06-08,3,0.0,0.1583773270352876,4.5148125,70.37163,551
6,PN9,CH1,2025-06-08 11:00:00,2025-06-08,3,0.0,0.0002778549597110308,1.3009181,4.6106434,20
7,PN9,CH2,2025-06-08 11:00:00,2025-06-08,3,0.0,0.1864406779661017,1.3761997,6.2179565,437
6,PN9,CH1,2025-06-08 12:00:00,2025-06-08,3,0.0,0.0011114198388441233,1.507942,5.5372715,56
7,PN9,CH2,2025-06-08 12:00:00,2025-06-08,3,0.0,0.13670464017782719,2.6645107,9.326935,489
6,PN9,CH1,2025-06-08 13:00:00,2025-06-08,3,0.0,0.0011114198388441233,0.71419674,3.5689764,4
7,PN9,CH2,2025-06-08 13:00:00,2025-06-08,3,0.0,0.31397610447346486,1.2608482,5.0735474,31
6,PN9,CH1,2025-06-08 14:00:00,2025-06-08,3,0.0,0.0008335648791330926,1.7571853,7.0982428,3
7,PN9,CH2,2025-06-08 14:00:00,2025-06-08,3,0.0,0.2923034176160044,2.1452422,7.534027,32
6,PN9,CH1,2025-06-08 15:00:00,2025-06-08,3,0.0,0.0008335648791330926,0.9503398,3.5751615,0
7,PN9,CH2,2025-06-08 15:00:00,2025-06-08,3,0.0,0.2636843567657683,0.7754622,4.711151,21
6,PN9,CH1,2025-06-08 16:00:00,2025-06-08,3,0.0,0.0005557099194220616,0.7558282,3.6117067,0
7,PN9,CH2,2025-06-08 16:00:00,2025-06-08,3,0.0,0.19533203667685467,1.923043,6.6184998,30
6,PN9,CH1,2025-06-08 17:00:00,2025-06-08,3,0.0,0.0013892747985551543,1.7817999,5.562939,6
7,PN9,CH2,2025-06-08 17:00:00,2025-06-08,3,0.0,0.22422895248680189,1.1896741,6.0653687,0
6,PN9,CH1,2025-06-08 18:00:00,2025-06-08,3,0.0,0.0005557099194220616,0.8968554,4.228428,5
7,PN9,CH2,2025-06-08 18:00:00,2025-06-08,3,0.0,0.18449569324812448,0.5748196,2.9468536,22
6,PN9,CH1,2025-06-08 19:00:00,2025-06-08,3,0.0,0.0008335648791330926,0.63581604,3.5387287,0
7,PN9,CH2,2025-06-08 19:00:00,2025-06-08,3,0.0,0.23867741039177548,1.7357477,5.6171417,0
6,PN9,CH1,2025-06-08 20:00:00,2025-06-08,3,0.0,0.0008335648791330926,1.0288837,3.5363064,0
7,PN9,CH2,2025-06-08 20:00:00,2025-06-08,3,0.0,0.2670186162823006,0.6132793,6.7710876,22
6,PN9,CH1,2025-06-08 21:00:00,2025-06-08,3,0.0,0.0013892747985551543,0.69831425,3.0189009,0
7,PN9,CH2,2025-06-08 21:00:00,2025-06-08,3,0.0,0.3081411503195332,1.6673313,4.940033,1
6,PN9,CH1,2025-06-08 22:00:00,2025-06-08,3,0.0,0.0013892747985551543,0.28066343,1.3171139,0
7,PN9,CH2,2025-06-08 22:00:00,2025-06-08,3,0.0,0.306196165601556,2.155464,6.2942505,0
6,PN9,CH1,2025-06-08 23:00:00,2025-06-08,3,0.0,0.0005557099194220616,0.2532886,2.005845,0
7,PN9,CH2,2025-06-08 23:00:00,2025-06-08,3,0.0,0.18393998332870243,0.6541917,2.2888184,0
6,PN9,CH1,2025-06-09 00:00:00,2025-06-09,3,0.0,0.0002778549597110308,0.49085405,1.6793613,0
7,PN9,CH2,2025-06-09 00:00:00,2025-06-09,3,0.0,0.16643512086690748,1.3319985,4.4822693,14
6,PN9,CH1,2025-06-09 01:00:00,2025-06-09,3,0.0,0.0,0.6694617,2.1552296,0
7,PN9,CH2,2025-06-09 01:00:00,2025-06-09,3,0.0,0.1683801055848847,0.18729816,1.1348724,0
6,PN9,CH1,2025-06-09 02:00:00,2025-06-09,3,0.0,0.0005557099194220616,0.28497428,1.0035934,0
7,PN9,CH2,2025-06-09 02:00:00,2025-06-09,3,0.0,0.16337871631008613,0.8731557,3.2234192,0
6,PN9,CH1,2025-06-09 03:00:00,2025-06-09,3,0.0,0.0005557099194220616,0.3272868,1.3346233,0
7,PN9,CH2,2025-06-09 03:00:00,2025-06-09,3,0.0,0.1864406779661017,0.58823746,1.9836426,0
6,PN9,CH1,2025-06-09 04:00:00,2025-06-09,3,0.0,0.0002778549597110308,0.41243008,1.5710297,0
7,PN9,CH2,2025-06-09 04:00:00,2025-06-09,3,0.0,0.2261739372047791,0.5467515,2.07901,0
6,PN9,CH1,2025-06-09 05:00:00,2025-06-09,3,0.0,0.0011114198388441233,0.48100486,1.6974659,0
7,PN9,CH2,2025-06-09 05:00:00,2025-06-09,3,0.0,0.3645457071408725,2.3698955,7.0381165,0
6,PN9,CH1,2025-06-09 06:00:00,2025-06-09,3,0.0,0.0008335648791330926,1.417041,5.1162386,0
7,PN9,CH2,2025-06-09 06:00:00,2025-06-09,3,0.0,0.306474020561267,0.7639844,3.0899048,0
6,PN9,CH1,2025-06-09 07:00:00,2025-06-09,3,0.0,0.0013892747985551543,0.91364753,4.3304634,0
7,PN9,CH2,2025-06-09 07:00:00,2025-06-09,3,0.0,0.2636843567657683,1.3419765,5.168915,0
6,PN9,CH1,2025-06-09 08:00:00,2025-06-09,3,0.0,0.0002778549597110308,1.3788168,13.701768,88
7,PN9,CH2,2025-06-09 08:00:00,2025-06-09,3,0.0,0.18588496804667964,3.80386,55.952072,145
6,PN9,CH1,2025-06-09 09:00:00,2025-06-09,3,0.0,0.0011114198388441233,1.6734637,6.617531,66
7,PN9,CH2,2025-06-09 09:00:00,2025-06-09,3,0.0,0.23867741039177548,1.8175261,6.6375732,33
6,PN9,CH1,2025-06-09 10:00:00,2025-06-09,3,0.0,0.0008335648791330926,1.2080832,4.1322403,0
7,PN9,CH2,2025-06-09 10:00:00,2025-06-09,3,0.0,0.46540705751597666,0.7290145,2.5558472,1
6,PN9,CH1,2025-06-09 11:00:00,2025-06-09,3,0.0,0.0005557099194220616,0.5724162,3.2763195,10
7,PN9,CH2,2025-06-09 11:00:00,2025-06-09,3,0.0,0.5106974159488746,1.9513192,5.970001,4
6,PN9,CH1,2025-06-09 12:00:01,2025-06-09,3,0.0002777777777777778,0.0005557099194220616,1.1213188,4.0909643,3
7,PN9,CH2,2025-06-09 12:00:01,2025-06-09,3,0.0002777777777777778,0.4065018060572381,1.5162573,4.825592,14
6,PN9,CH1,2025-06-09 13:00:00,2025-06-09,3,0.0,0.0005557099194220616,0.35755932,1.7657137,0
7,PN9,CH2,2025-06-09 13:00:00,2025-06-09,3,0.0,0.3803834398444012,1.2631075,4.7302246,0
6,PN9,CH1,2025-06-09 14:00:00,2025-06-09,3,0.0,0.0002778549597110308,1.2815036,4.0413437,1
7,PN9,CH2,2025-06-09 14:00:00,2025-06-09,3,0.0,0.31397610447346486,0.65170664,2.746582,6
6,PN9,CH1,2025-06-09 15:00:00,2025-06-09,3,0.0,0.0002778549597110308,0.27875564,1.6478443,0
7,PN9,CH2,2025-06-09 15:00:00,2025-06-09,3,0.0,0.3009169213670464,0.4186978,2.2888184,1
6,PN9,CH1,2025-06-09 16:00:00,2025-06-09,3,0.0,0.0016671297582661851,0.56660855,2.8318539,0
7,PN9,CH2,2025-06-09 16:00:00,2025-06-09,3,0.0,0.2617393720477911,2.5609837,7.0762634,0
6,PN9,CH1,2025-06-09 17:00:00,2025-06-09,3,0.0,0.0008335648791330926,1.0140252,6.92267,26
7,PN9,CH2,2025-06-09 17:00:00,2025-06-09,3,0.0,0.2731314253959433,1.7621497,6.5612793,2
6,PN9,CH1,2025-06-09 18:00:00,2025-06-09,3,0.0,0.0011114198388441233,1.0258999,3.815144,1
7,PN9,CH2,2025-06-09 18:00:00,2025-06-09,3,0.0,0.3167546540705752,1.1688563,3.7574768,13
6,PN9,CH1,2025-06-09 19:00:00,2025-06-09,3,0.0,0.0005557099194220616,1.2024397,4.803576,0
7,PN9,CH2,2025-06-09 19:00:00,2025-06-09,3,0.0,0.333703806612948,1.3329102,4.6634674,4
6,PN9,CH1,2025-06-09 20:00:00,2025-06-09,3,0.0,0.0005557099194220616,0.6202311,2.7848034,0
7,PN9,CH2,2025-06-09 20:00:00,2025-06-09,3,0.0,0.36899138649624896,0.3930383,2.0217896,1
6,PN9,CH1,2025-06-09 21:00:00,2025-06-09,3,0.0,0.0008335648791330926,0.4051231,2.7307873,0
7,PN9,CH2,2025-06-09 21:00:00,2025-06-09,3,0.0,0.32786885245901637,2.228988,10.910034,13
6,PN9,CH1,2025-06-09 22:00:00,2025-06-09,3,0.0,0.0013892747985551543,0.21395837,1.2258062,0
7,PN9,CH2,2025-06-09 22:00:00,2025-06-09,3,0.0,0.3284245623784385,1.89741,7.4005127,1
6,PN9,CH1,2025-06-09 23:00:00,2025-06-09,3,0.0,0.0011114198388441233,0.2661984,0.99703693,0
7,PN9,CH2,2025-06-09 23:00:00,2025-06-09,3,0.0,0.2920255626562934,1.0093844,2.8800964,0
6,PN9,CH1,2025-06-10 00:00:01,2025-06-10,3,0.0002777777777777778,0.0005557099194220616,0.23122504,1.0879707,0
7,PN9,CH2,2025-06-10 00:00:01,2025-06-10,3,0.0002777777777777778,0.24562378438455126,0.76083845,2.632141,0
6,PN9,CH1,2025-06-10 01:00:00,2025-06-10,3,0.0,0.0002778549597110308,0.22250865,1.0043755,0
7,PN9,CH2,2025-06-10 01:00:00,2025-06-10,3,0.0,0.17588218949708254,0.5165624,1.8310547,0
6,PN9,CH1,2025-06-10 02:00:00,2025-06-10,3,0.0,0.0011114198388441233,0.12497723,0.58345413,0
7,PN9,CH2,2025-06-10 02:00:00,2025-06-10,3,0.0,0.17504862461794943,0.24350788,1.1253357,2
6,PN9,CH1,2025-06-10 03:00:00,2025-06-10,3,0.0,0.0005557099194220616,0.29601604,1.0602922,0
7,PN9,CH2,2025-06-10 03:00:00,2025-06-10,3,0.0,0.1719922200611281,1.024039,2.9563904,1
6,PN9,CH1,2025-06-10 04:00:00,2025-06-10,3,0.0,0.0005557099194220616,0.622501,2.176836,0
7,PN9,CH2,2025-06-10 04:00:00,2025-06-10,3,0.0,0.26951931091969994,1.728611,4.7397614,0
6,PN9,CH1,2025-06-10 05:00:00,2025-06-10,3,0.0,0.0011114198388441233,0.27552453,1.2108679,0
7,PN9,CH2,2025-06-10 05:00:00,2025-06-10,3,0.0,0.3737149208113365,1.2405491,4.1103363,0
6,PN9,CH1,2025-06-10 06:00:00,2025-06-10,3,0.0,0.0011114198388441233,0.22698313,1.3834229,0
7,PN9,CH2,2025-06-10 06:00:00,2025-06-10,3,0.0,0.3389830508474576,0.70223105,3.1375885,3
6,PN9,CH1,2025-06-10 07:00:00,2025-06-10,3,0.0,0.0016671297582661851,0.9453922,3.3970175,0
7,PN9,CH2,2025-06-10 07:00:00,2025-06-10,3,0.0,0.2806335093081411,0.61447895,3.0994415,2
6,PN9,CH1,2025-06-10 08:00:00,2025-06-10,3,0.0,0.0008335648791330926,1.2872679,4.696995,0
7,PN9,CH2,2025-06-10 08:00:00,2025-06-10,3,0.0,0.1775493192553487,1.5491235,5.5885315,27
6,PN9,CH1,2025-06-10 09:00:00,2025-06-10,3,0.0,0.0027785495971103086,0.5371373,2.968832,0
7,PN9,CH2,2025-06-10 09:00:00,2025-06-10,3,0.0,0.21700472353431507,0.6806865,2.4795532,5
6,PN9,CH1,2025-06-10 10:00:00,2025-06-10,3,0.0,0.0011114198388441233,0.4201085,3.6329403,4
7,PN9,CH2,2025-06-10 10:00:00,2025-06-10,3,0.0,0.20727979994442902,0.44337252,2.9468536,10
6,PN9,CH1,2025-06-10 11:00:00,2025-06-10,3,0.0002777777777777778,0.0008335648791330926,0.7685796,3.961772,0
7,PN9,CH2,2025-06-10 11:00:00,2025-06-10,3,0.0002777777777777778,0.1992220061128091,0.9565281,3.6907196,8
6,PN9,CH1,2025-06-10 12:00:00,2025-06-10,3,0.0,0.0002778549597110308,1.4559746,39.185806,134
7,PN9,CH2,2025-06-10 12:00:00,2025-06-10,3,0.0,0.2008891358710753,4.241111,44.374466,168
6,PN9,CH1,2025-06-10 13:00:00,2025-06-10,3,0.0,0.0002778549597110308,1.151287,12.353212,1799
7,PN9,CH2,2025-06-10 13:00:00,2025-06-10,3,0.0,0.18866351764378994,1.6658369,6.380081,14
6,PN9,CH1,2025-06-10 14:00:00,2025-06-10,3,0.0,0.0005557099194220616,1.3029705,11.316315,646
7,PN9,CH2,2025-06-10 14:00:00,2025-06-10,3,0.0,0.21672686857460405,1.3832647,5.197525,18
6,PN9,CH1,2025-06-10 15:00:00,2025-06-10,3,0.0,0.0,0.73163044,5.252287,331
7,PN9,CH2,2025-06-10 15:00:00,2025-06-10,3,0.0,0.26146151708808,0.62366736,2.374649,0
6,PN9,CH1,2025-06-10 16:00:00,2025-06-10,3,0.0,0.0,0.5610407,2.7295942,1
7,PN9,CH2,2025-06-10 16:00:00,2025-06-10,3,0.0,0.2856348985829397,0.5029752,1.7929077,12
6,PN9,CH1,2025-06-10 17:00:00,2025-06-10,3,0.0,0.0,0.8891592,4.2498856,78
7,PN9,CH2,2025-06-10 17:00:00,2025-06-10,3,0.0,0.2584051125312587,0.816358,2.8133392,8
6,PN9,CH1,2025-06-10 18:00:00,2025-06-10,3,0.0,0.0005557099194220616,0.34801593,2.2109604,157
7,PN9,CH2,2025-06-10 18:00:00,2025-06-10,3,0.0,0.2986940816893582,0.26073286,1.4972687,0
6,PN9,CH1,2025-06-10 19:00:00,2025-06-10,3,0.0,0.0002778549597110308,0.9940314,3.2935305,30
7,PN9,CH2,2025-06-10 19:00:00,2025-06-10,3,0.0,0.30119477632675745,0.4301418,1.9454956,0
6,PN9,CH1,2025-06-10 20:00:00,2025-06-10,3,0.0,0.0008335648791330926,0.76256144,4.789382,174
7,PN9,CH2,2025-06-10 20:00:00,2025-06-10,3,0.0,0.31480966935259797,1.3749956,5.378723,2
6,PN9,CH1,2025-06-10 21:00:00,2025-06-10,3,0.0,0.0,0.55571455,2.358408,156
7,PN9,CH2,2025-06-10 21:00:00,2025-06-10,3,0.0,0.3125868296749097,1.2206767,3.7765503,2
6,PN9,CH1,2025-06-10 22:00:00,2025-06-10,3,0.0,0.0013892747985551543,0.34757176,2.1043425,22
7,PN9,CH2,2025-06-10 22:00:00,2025-06-10,3,0.0,0.32453459294248405,2.016321,6.4468384,0
6,PN9,CH1,2025-06-10 23:00:00,2025-06-10,3,0.0,0.0011114198388441233,0.47840595,2.8920174,7
7,PN9,CH2,2025-06-10 23:00:00,2025-06-10,3,0.0,0.29674909697138097,0.38205507,1.5640259,1
6,PN9,CH1,2025-06-11 00:00:01,2025-06-11,3,0.0002777777777777778,0.0005557099194220616,0.5056125,2.684743,43
7,PN9,CH2,2025-06-11 00:00:01,2025-06-11,3,0.0002777777777777778,0.24034454015004167,0.8923566,3.0517578,0
6,PN9,CH1,2025-06-11 01:00:00,2025-06-11,3,0.0,0.0002778549597110308,0.14866236,1.060627,33
7,PN9,CH2,2025-06-11 01:00:00,2025-06-11,3,0.0,0.17727146429563767,0.7438489,2.4414062,0
6,PN9,CH1,2025-06-11 02:00:00,2025-06-11,3,0.0,0.0,0.2498612,1.2938681,48
7,PN9,CH2,2025-06-11 02:00:00,2025-06-11,3,0.0,0.1775493192553487,0.2594044,1.0108948,0
6,PN9,CH1,2025-06-11 03:00:00,2025-06-11,3,0.0,0.0005557099194220616,0.28048548,2.4221087,211
7,PN9,CH2,2025-06-11 03:00:00,2025-06-11,3,0.0,0.1675465407057516,0.4596984,1.7738342,0
6,PN9,CH1,2025-06-11 04:00:00,2025-06-11,3,0.0,0.0,0.20650896,1.165719,100
7,PN9,CH2,2025-06-11 04:00:00,2025-06-11,3,0.0,0.21367046401778272,0.73217195,2.48909,0
6,PN9,CH1,2025-06-11 05:00:00,2025-06-11,3,0.0,0.0002778549597110308,0.8373059,2.795123,29
7,PN9,CH2,2025-06-11 05:00:00,2025-06-11,3,0.0,0.3000833564879133,1.9195297,5.3596497,2
6,PN9,CH1,2025-06-11 06:00:00,2025-06-11,3,0.0,0.0,0.27370587,1.712143,292
7,PN9,CH2,2025-06-11 06:00:00,2025-06-11,3,0.0,0.2989719366490692,1.4774278,6.542206,3
6,PN9,CH1,2025-06-11 07:00:00,2025-06-11,3,0.0,0.0005557099194220616,1.6762652,7.8036637,240
7,PN9,CH2,2025-06-11 07:00:00,2025-06-11,3,0.0,0.25784940261183664,1.870214,6.8092346,2
6,PN9,CH1,2025-06-11 08:00:00,2025-06-11,3,0.0,0.0008335648791330926,1.7008147,6.3011045,51
7,PN9,CH2,2025-06-11 08:00:00,2025-06-11,3,0.0,0.2225618227285357,1.504609,5.092621,16
6,PN9,CH1,2025-06-11 09:00:00,2025-06-11,3,0.0,0.0016671297582661851,1.418955,5.7421627,9
7,PN9,CH2,2025-06-11 09:00:00,2025-06-11,3,0.0,0.26451792164490134,1.1631889,4.787445,2
6,PN9,CH1,2025-06-11 10:00:00,2025-06-11,3,0.0,0.0002778549597110308,0.4345047,3.2800798,51
7,PN9,CH2,2025-06-11 10:00:00,2025-06-11,3,0.0,0.32675743262017226,0.53295344,2.3651123,0
6,PN9,CH1,2025-06-11 11:00:00,2025-06-11,3,0.0,0.0005557099194220616,0.81841564,17.898829,354
7,PN9,CH2,2025-06-11 11:00:00,2025-06-11,3,0.0,0.26979716587941094,1.4677403,5.683899,11
6,PN9,CH1,2025-06-11 12:00:01,2025-06-11,3,0.0002777777777777778,0.0,0.72646326,7.306487,716
7,PN9,CH2,2025-06-11 12:00:01,2025-06-11,3,0.0002777777777777778,0.16282300639066408,0.9336564,3.490448,17
6,PN9,CH1,2025-06-11 13:00:00,2025-06-11,3,0.0,0.0,0.8448699,16.55996,1058
7,PN9,CH2,2025-06-11 13:00:00,2025-06-11,3,0.0,0.1719922200611281,1.2251967,4.4345856,0
6,PN9,CH1,2025-06-11 14:00:00,2025-06-11,3,0.0,0.0005557099194220616,1.9631523,24.415106,2056
7,PN9,CH2,2025-06-11 14:00:00,2025-06-11,3,0.0,0.19616560155598778,1.5581918,32.253265,126
6,PN9,CH1,2025-06-11 15:00:00,2025-06-11,3,0.0,0.0002778549597110308,2.4723094,42.040573,1782
7,PN9,CH2,2025-06-11 15:00:00,2025-06-11,3,0.0,0.2870241733814949,0.8323736,3.643036,4
6,PN9,CH1,2025-06-11 16:00:00,2025-06-11,3,0.0,0.0002778549597110308,2.1689289,37.589294,1085
7,PN9,CH2,2025-06-11 16:00:00,2025-06-11,3,0.0,0.33287024173381496,2.332395,8.049011,5
6,PN9,CH1,2025-06-11 17:00:00,2025-06-11,3,0.0,0.0002778549597110308,1.6036129,24.979376,211
7,PN9,CH2,2025-06-11 17:00:00,2025-06-11,3,0.0,0.3525979438732981,3.0467396,10.299683,2
6,PN9,CH1,2025-06-11 18:00:00,2025-06-11,3,0.0,0.0008335648791330926,1.4595077,25.974327,199
7,PN9,CH2,2025-06-11 18:00:00,2025-06-11,3,0.0,0.38510697415948875,0.9578485,4.59671,4
6,PN9,CH1,2025-06-11 19:00:00,2025-06-11,3,0.0,0.0005557099194220616,1.3422779,26.236288,526
7,PN9,CH2,2025-06-11 19:00:00,2025-06-11,3,0.0,0.4667963323145318,0.7376538,2.7656555,1
6,PN9,CH1,2025-06-11 20:00:00,2025-06-11,3,0.0,0.0002778549597110308,1.4825356,23.716875,706
7,PN9,CH2,2025-06-11 20:00:00,2025-06-11,3,0.0,0.41900527924423453,0.98564243,4.606247,3
6,PN9,CH1,2025-06-11 21:00:00,2025-06-11,3,0.0,0.0005557099194220616,1.2321743,14.880002,1179
7,PN9,CH2,2025-06-11 21:00:00,2025-06-11,3,0.0,0.423450958599611,1.4241658,4.3582916,1
6,PN9,CH1,2025-06-11 22:00:00,2025-06-11,3,0.0,0.0002778549597110308,1.1997674,15.391371,475
7,PN9,CH2,2025-06-11 22:00:00,2025-06-11,3,0.0,0.45012503473187,0.25739545,1.2016296,0
6,PN9,CH1,2025-06-11 23:00:00,2025-06-11,3,0.0002777777777777778,0.0005557099194220616,0.67573035,12.077653,191
7,PN9,CH2,2025-06-11 23:00:00,2025-06-11,3,0.0002777777777777778,0.4398444012225618,1.0719839,4.196167,0
6,PN9,CH1,2025-06-12 00:00:00,2025-06-12,3,0.02861111111111111,0.0005557099194220616,1.207635,14.894306,601
7,PN9,CH2,2025-06-12 00:00:00,2025-06-12,3,0.02861111111111111,0.36704640177827175,0.9468873,3.5572052,0
6,PN9,CH1,2025-06-12 01:00:00,2025-06-12,3,0.0,0.0002778549597110308,0.7529824,13.20839,325
7,PN9,CH2,2025-06-12 01:00:00,2025-06-12,3,0.0,0.3717699360933593,0.2422835,0.96321106,0
6,PN9,CH1,2025-06-12 02:00:00,2025-06-12,3,0.0,0.0002778549597110308,1.1225542,16.329624,969
7,PN9,CH2,2025-06-12 02:00:00,2025-06-12,3,0.0,0.30564045568213394,0.55243737,2.0980835,0
6,PN9,CH1,2025-06-12 03:00:00,2025-06-12,3,0.0,0.0002778549597110308,1.1502427,21.896288,1527
7,PN9,CH2,2025-06-12 03:00:00,2025-06-12,3,0.0,0.24006668519033064,0.48240104,1.745224,0
6,PN9,CH1,2025-06-12 04:00:00,2025-06-12,3,0.0,0.0,1.3458407,15.732869,1603
7,PN9,CH2,2025-06-12 04:00:00,2025-06-12,3,0.0,0.23562100583495416,0.2612229,1.373291,3
6,PN9,CH1,2025-06-12 05:00:00,2025-06-12,3,0.0,0.0005557099194220616,1.0209377,15.500858,494
7,PN9,CH2,2025-06-12 05:00:00,2025-06-12,3,0.0,0.3378716310086135,1.0444899,3.7193298,0
6,PN9,CH1,2025-06-12 06:00:00,2025-06-12,3,0.0,0.0013892747985551543,0.8392712,15.617386,435
7,PN9,CH2,2025-06-12 06:00:00,2025-06-12,3,0.0,0.41900527924423453,1.8980438,6.2274933,0
6,PN9,CH1,2025-06-12 07:00:00,2025-06-12,3,0.0,0.0013892747985551543,1.3933959,7.8643847,85
7,PN9,CH2,2025-06-12 07:00:00,2025-06-12,3,0.0,0.3412058905251459,2.176507,8.077621,6
6,PN9,CH1,2025-06-12 08:00:00,2025-06-12,3,0.0,0.0002778549597110308,2.1667244,12.508705,165
7,PN9,CH2,2025-06-12 08:00:00,2025-06-12,3,0.0,0.3453737149208113,1.1975818,4.234314,3
6,PN9,CH1,2025-06-12 09:00:00,2025-06-12,3,0.0,0.0005557099194220616,1.6785616,13.8374405,176
7,PN9,CH2,2025-06-12 09:00:00,2025-06-12,3,0.0,0.33731592108919145,0.9352798,4.234314,13
6,PN9,CH1,2025-06-12 10:00:00,2025-06-12,3,0.0,0.0,1.3752084,39.8162,350
7,PN9,CH2,2025-06-12 10:00:00,2025-06-12,3,0.0,0.3909419283134204,0.2679803,1.6021729,3
6,PN9,CH1,2025-06-12 11:00:00,2025-06-12,3,0.0,0.0005557099194220616,1.2412845,12.908169,550
7,PN9,CH2,2025-06-12 11:00:00,2025-06-12,3,0.0,0.33926090580716867,1.2923189,4.4345856,2
6,PN9,CH1,2025-06-12 12:00:00,2025-06-12,3,0.0,0.0,0.8850681,16.798824,465
7,PN9,CH2,2025-06-12 12:00:00,2025-06-12,3,0.0,0.24562378438455126,0.7668445,3.33786,20
6,PN9,CH1,2025-06-12 13:00:00,2025-06-12,3,0.0,0.0,1.407077,18.187689,263
7,PN9,CH2,2025-06-12 13:00:00,2025-06-12,3,0.0,0.24479021950541818,1.2127781,27.866364,119
6,PN9,CH1,2025-06-12 14:00:00,2025-06-12,3,0.0,0.0002778549597110308,2.451574,115.42275,401
7,PN9,CH2,2025-06-12 14:00:00,2025-06-12,3,0.0,0.20422339538760767,1.0648812,13.790131,10
6,PN9,CH1,2025-06-12 15:00:00,2025-06-12,3,0.0,0.0005557099194220616,0.8024703,15.307701,247
7,PN9,CH2,2025-06-12 15:00:00,2025-06-12,3,0.0,0.2675743262017227,0.44059706,1.9645691,4
6,PN9,CH1,2025-06-12 16:00:00,2025-06-12,3,0.0,0.0002778549597110308,0.7650239,16.945637,267
7,PN9,CH2,2025-06-12 16:00:00,2025-06-12,3,0.0,0.28535704362322867,0.5970223,2.5939941,0
6,PN9,CH1,2025-06-12 17:00:00,2025-06-12,3,0.0,0.0008335648791330926,0.7251257,11.926442,73
7,PN9,CH2,2025-06-12 17:00:00,2025-06-12,3,0.0,0.2986940816893582,1.287799,4.3964386,16
6,PN9,CH1,2025-06-12 18:00:00,2025-06-12,3,0.0,0.0005557099194220616,1.1425552,18.554405,208
7,PN9,CH2,2025-06-12 18:00:00,2025-06-12,3,0.0,0.3462072797999444,0.9206795,5.970001,1
6,PN9,CH1,2025-06-12 19:00:00,2025-06-12,3,0.0,0.0005557099194220616,1.1507796,14.641621,435
7,PN9,CH2,2025-06-12 19:00:00,2025-06-12,3,0.0,0.3731592108919144,0.36898008,1.9073486,0
6,PN9,CH1,2025-06-12 20:00:00,2025-06-12,3,0.0,0.0,1.3403474,14.102682,506
7,PN9,CH2,2025-06-12 20:00:00,2025-06-12,3,0.0,0.3570436232286746,1.0233995,4.4441223,7
6,PN9,CH1,2025-06-12 21:00:00,2025-06-12,3,0.0,0.0,0.8632521,13.458803,201
7,PN9,CH2,2025-06-12 21:00:00,2025-06-12,3,0.0,0.3639899972214504,0.8062806,2.6512146,0
6,PN9,CH1,2025-06-12 22:00:00,2025-06-12,3,0.0,0.0005557099194220616,1.1216272,18.825195,261
7,PN9,CH2,2025-06-12 22:00:00,2025-06-12,3,0.0,0.33120311197554875,1.6809944,4.8446655,0
6,PN9,CH1,2025-06-12 23:00:00,2025-06-12,3,0.0002777777777777778,0.0,0.75976443,16.462765,396
7,PN9,CH2,2025-06-12 23:00:00,2025-06-12,3,0.0002777777777777778,0.288135593220339,0.5407342,2.07901,0
6,PN9,CH1,2025-06-13 00:00:00,2025-06-13,3,0.0,0.0002778549597110308,0.81645894,20.49826,486
7,PN9,CH2,2025-06-13 00:00:00,2025-06-13,3,0.0,0.20144484579049737,0.39609808,1.5449524,0
6,PN9,CH1,2025-06-13 01:00:00,2025-06-13,3,0.0,0.0,1.0249163,28.273277,631
7,PN9,CH2,2025-06-13 01:00:00,2025-06-13,3,0.0,0.18366212836899137,0.3958028,1.8501282,0
6,PN9,CH1,2025-06-13 02:00:00,2025-06-13,3,0.0,0.0002778549597110308,0.9370877,22.346973,1119
7,PN9,CH2,2025-06-13 02:00:00,2025-06-13,3,0.0,0.2964712420116699,0.41399738,1.7929077,0
6,PN9,CH1,2025-06-13 03:00:00,2025-06-13,3,0.0,0.0,0.78713006,17.076283,1087
7,PN9,CH2,2025-06-13 03:00:00,2025-06-13,3,0.0,0.30591831064184494,0.35354966,1.4877319,0
6,PN9,CH1,2025-06-13 04:00:00,2025-06-13,3,0.0,0.0,0.55213666,10.442547,724
7,PN9,CH2,2025-06-13 04:00:00,2025-06-13,3,0.0,0.25812725757154764,0.56501526,1.9073486,8
6,PN9,CH1,2025-06-13 05:00:00,2025-06-13,3,0.0,0.0,1.3738419,17.94912,136
7,PN9,CH2,2025-06-13 05:00:00,2025-06-13,3,0.0,0.24451236454570713,1.0650878,3.3569336,7
6,PN9,CH1,2025-06-13 06:00:00,2025-06-13,3,0.0,0.0,0.72971016,23.400673,544
7,PN9,CH2,2025-06-13 06:00:00,2025-06-13,3,0.0,0.33120311197554875,1.1748518,3.4999847,1
6,PN9,CH1,2025-06-13 07:00:00,2025-06-13,3,0.0,0.0008335648791330926,1.216979,8.960255,60
7,PN9,CH2,2025-06-13 07:00:00,2025-06-13,3,0.0,0.28674631842178383,1.8935666,7.0381165,11
6,PN9,CH1,2025-06-13 08:00:00,2025-06-13,3,0.0,0.0005557099194220616,1.1856976,5.127117,13
7,PN9,CH2,2025-06-13 08:00:00,2025-06-13,3,0.0,0.18949708252292302,1.8694239,6.7329407,31
6,PN9,CH1,2025-06-13 09:00:00,2025-06-13,3,0.0,0.0008335648791330926,1.4622096,5.7172413,8
7,PN9,CH2,2025-06-13 09:00:00,2025-06-13,3,0.0,0.20477910530702972,0.8340293,4.053116,0
6,PN9,CH1,2025-06-13 10:00:00,2025-06-13,3,0.0,0.0,0.68997896,14.045015,114
7,PN9,CH2,2025-06-13 10:00:00,2025-06-13,3,0.0,0.23200889135871075,0.5349732,2.861023,4
6,PN9,CH1,2025-06-13 11:00:00,2025-06-13,3,0.0,0.0011114198388441233,0.5572066,10.226034,70
7,PN9,CH2,2025-06-13 11:00:00,2025-06-13,3,0.0,0.19588774659627675,1.096619,3.7765503,25
6,PN9,CH1,2025-06-13 12:00:00,2025-06-13,3,0.0,0.0005557099194220616,0.5690774,2.3439903,0
7,PN9,CH2,2025-06-13 12:00:00,2025-06-13,3,0.0,0.16143373159210891,0.8986454,3.414154,12
6,PN9,CH1,2025-06-13 13:00:00,2025-06-13,3,0.0,0.0005557099194220616,2.0456715,23.609287,81
7,PN9,CH2,2025-06-13 13:00:00,2025-06-13,3,0.0,0.17060294526257294,1.1919601,29.144287,101
6,PN9,CH1,2025-06-13 14:00:00,2025-06-13,3,0.0,0.0,1.2984574,4.4479218,0
7,PN9,CH2,2025-06-13 14:00:00,2025-06-13,3,0.0,0.25062517365934983,0.41007558,1.8787384,2
6,PN9,CH1,2025-06-13 15:00:00,2025-06-13,3,0.0,0.0005557099194220616,1.374018,4.482231,0
7,PN9,CH2,2025-06-13 15:00:00,2025-06-13,3,0.0,0.24895804390108364,1.3470185,4.4822693,3
6,PN9,CH1,2025-06-13 16:00:00,2025-06-13,3,0.0,0.0005557099194220616,0.51169646,1.810565,0
7,PN9,CH2,2025-06-13 16:00:00,2025-06-13,3,0.0,0.29174770769658237,0.63734263,2.5844574,0
6,PN9,CH1,2025-06-13 17:00:00,2025-06-13,3,0.0,0.0002778549597110308,0.9792224,3.3844643,0
7,PN9,CH2,2025-06-13 17:00:00,2025-06-13,3,0.0,0.24895804390108364,1.0576322,4.014969,0
6,PN9,CH1,2025-06-13 18:00:00,2025-06-13,3,0.0,0.0002778549597110308,1.2692702,4.5697765,2
7,PN9,CH2,2025-06-13 18:00:00,2025-06-13,3,0.0,0.24367879966657405,1.2615175,6.0653687,0
6,PN9,CH1,2025-06-13 19:00:00,2025-06-13,3,0.0,0.0002778549597110308,0.49896044,2.0090857,0
7,PN9,CH2,2025-06-13 19:00:00,2025-06-13,3,0.0,0.2797999444290081,0.32708952,1.373291,0
6,PN9,CH1,2025-06-13 20:00:00,2025-06-13,3,0.0,0.0008335648791330926,1.2755291,4.7150993,1
7,PN9,CH2,2025-06-13 20:00:00,2025-06-13,3,0.0,0.2561822728535704,0.5056011,2.5367737,2
6,PN9,CH1,2025-06-13 21:00:00,2025-06-13,3,0.0,0.0011114198388441233,0.7261792,2.482458,0
7,PN9,CH2,2025-06-13 21:00:00,2025-06-13,3,0.0,0.2986940816893582,0.9315206,3.3092499,2
6,PN9,CH1,2025-06-13 22:00:00,2025-06-13,3,0.0,0.0008335648791330926,0.62387854,2.3276367,0
7,PN9,CH2,2025-06-13 22:00:00,2025-06-13,3,0.0,0.3198110586273965,0.816579,2.8038025,0
6,PN9,CH1,2025-06-13 23:00:00,2025-06-13,3,0.0002777777777777778,0.0008335648791330926,0.20505966,1.2557964,0
7,PN9,CH2,2025-06-13 23:00:00,2025-06-13,3,0.0002777777777777778,0.29285912753542653,0.1086122,0.8678436,4
6,PN9,CH1,2025-06-14 00:00:00,2025-06-14,3,0.0,0.0005557099194220616,0.23465583,1.1059628,0
7,PN9,CH2,2025-06-14 00:00:00,2025-06-14,3,0.0,0.24201166990830786,0.10746353,0.8010864,0
6,PN9,CH1,2025-06-14 01:00:00,2025-06-14,3,0.0,0.0002778549597110308,0.1904431,1.2210026,5
7,PN9,CH2,2025-06-14 01:00:00,2025-06-14,3,0.0,0.23895526535148653,0.11552233,0.56266785,0
6,PN9,CH1,2025-06-14 02:00:00,2025-06-14,3,0.0,0.0002778549597110308,0.1815143,1.4843788,0
7,PN9,CH2,2025-06-14 02:00:00,2025-06-14,3,0.0,0.19060850236176716,0.21714285,0.93460083,0
6,PN9,CH1,2025-06-14 03:00:00,2025-06-14,3,0.0,0.0002778549597110308,0.16713606,1.2998295,0
7,PN9,CH2,2025-06-14 03:00:00,2025-06-14,3,0.0,0.1550430675187552,0.08672486,0.5531311,0
6,PN9,CH1,2025-06-14 04:00:00,2025-06-14,3,0.0,0.0002778549597110308,0.24217775,1.8732262,19
7,PN9,CH2,2025-06-14 04:00:00,2025-06-14,3,0.0,0.16337871631008613,0.2626329,2.0694733,0
6,PN9,CH1,2025-06-14 05:00:00,2025-06-14,3,0.0,0.0005557099194220616,0.27355054,1.6782055,2
7,PN9,CH2,2025-06-14 05:00:00,2025-06-14,3,0.0,0.2848013337038066,0.62149566,2.4604797,1
6,PN9,CH1,2025-06-14 06:00:00,2025-06-14,3,0.0,0.0016671297582661851,0.59366465,2.916791,0
7,PN9,CH2,2025-06-14 06:00:00,2025-06-14,3,0.0,0.30452903584328983,0.6341102,2.0599365,0
6,PN9,CH1,2025-06-14 07:00:00,2025-06-14,3,0.0,0.0011114198388441233,0.55952454,2.4435673,0
7,PN9,CH2,2025-06-14 07:00:00,2025-06-14,3,0.0,0.26229508196721313,0.50838494,2.5939941,8
6,PN9,CH1,2025-06-14 08:00:00,2025-06-14,3,0.0,0.0008335648791330926,1.6225778,7.4078884,0
7,PN9,CH2,2025-06-14 08:00:00,2025-06-14,3,0.0,0.15170880800222283,2.6817832,9.422302,82
6,PN9,CH1,2025-06-14 09:00:00,2025-06-14,3,0.0,0.0005557099194220616,1.6568937,7.1993465,0
7,PN9,CH2,2025-06-14 09:00:00,2025-06-14,3,0.0,0.21478188385662683,1.911488,6.7806244,10
6,PN9,CH1,2025-06-14 10:00:00,2025-06-14,3,0.0,0.0002778549597110308,0.4021135,1.9191208,10
7,PN9,CH2,2025-06-14 10:00:00,2025-06-14,3,0.0,0.18949708252292302,0.4395708,1.8501282,30
6,PN9,CH1,2025-06-14 11:00:00,2025-06-14,3,0.0,0.0002778549597110308,1.0415752,4.0550537,4
7,PN9,CH2,2025-06-14 11:00:00,2025-06-14,3,0.0,0.16532370102806335,0.8088118,2.937317,32
6,PN9,CH1,2025-06-14 12:00:01,2025-06-14,3,0.0002777777777777778,0.0002778549597110308,0.42691222,2.2925434,0
7,PN9,CH2,2025-06-14 12:00:01,2025-06-14,3,0.0002777777777777778,0.13837176993609335,0.47138813,2.3078918,41
6,PN9,CH1,2025-06-14 13:00:00,2025-06-14,3,0.0,0.0002778549597110308,0.54625654,2.897232,1
7,PN9,CH2,2025-06-14 13:00:00,2025-06-14,3,0.0,0.1250347318699639,0.6510217,2.8419495,53
6,PN9,CH1,2025-06-14 14:00:00,2025-06-14,3,0.0,0.0005557099194220616,2.5102313,124.787056,108
7,PN9,CH2,2025-06-14 14:00:00,2025-06-14,3,0.0,0.14754098360655737,2.415094,60.195923,100
6,PN9,CH1,2025-06-14 15:00:00,2025-06-14,3,0.0,0.0008335648791330926,0.6912003,2.7729568,0
7,PN9,CH2,2025-06-14 15:00:00,2025-06-14,3,0.0,0.16560155598777437,1.1665866,6.389618,20
6,PN9,CH1,2025-06-14 16:00:00,2025-06-14,3,0.0,0.0011114198388441233,0.8261233,3.039688,0
7,PN9,CH2,2025-06-14 16:00:00,2025-06-14,3,0.0,0.1792164490136149,0.55198056,2.3841858,1
6,PN9,CH1,2025-06-14 17:00:00,2025-06-14,3,0.0,0.0011114198388441233,1.0539012,3.615097,2
7,PN9,CH2,2025-06-14 17:00:00,2025-06-14,3,0.0,0.17421505973881635,0.73273027,3.0326843,3
6,PN9,CH1,2025-06-14 18:00:00,2025-06-14,3,0.0,0.0002778549597110308,0.7426761,4.335642,0
7,PN9,CH2,2025-06-14 18:00:00,2025-06-14,3,0.0,0.17449291469852737,0.2298436,1.3256073,0
6,PN9,CH1,2025-06-14 19:00:00,2025-06-14,3,0.0,0.0005557099194220616,0.63160086,2.3682404,0
7,PN9,CH2,2025-06-14 19:00:00,2025-06-14,3,0.0,0.17727146429563767,0.929713,2.9277802,1
6,PN9,CH1,2025-06-14 20:00:00,2025-06-14,3,0.0,0.0,0.87970763,2.8765945,0
7,PN9,CH2,2025-06-14 20:00:00,2025-06-14,3,0.0,0.21950541817171437,0.88046634,3.1661987,0
6,PN9,CH1,2025-06-14 21:00:00,2025-06-14,3,0.0,0.0011114198388441233,0.6288471,2.6701393,0
7,PN9,CH2,2025-06-14 21:00:00,2025-06-14,3,0.0,0.2892470130591831,0.88959754,2.9754639,0
6,PN9,CH1,2025-06-14 22:00:00,2025-06-14,3,0.0,0.0008335648791330926,0.69797146,2.4075794,0
7,PN9,CH2,2025-06-14 22:00:00,2025-06-14,3,0.0,0.28869130313976105,0.21226932,0.91552734,0
6,PN9,CH1,2025-06-14 23:00:00,2025-06-14,3,0.0,0.0011114198388441233,0.46423122,1.7706299,0
7,PN9,CH2,2025-06-14 23:00:00,2025-06-14,3,0.0,0.29674909697138097,0.4275978,1.4972687,0
6,PN9,CH1,2025-06-15 00:00:01,2025-06-15,3,0.0002777777777777778,0.001944984717977216,0.24776982,1.170002,0
7,PN9,CH2,2025-06-15 00:00:01,2025-06-15,3,0.0002777777777777778,0.3170325090302862,0.30010295,1.2207031,0
6,PN9,CH1,2025-06-15 01:00:00,2025-06-15,3,0.0,0.0,0.83273673,3.4236164,0
7,PN9,CH2,2025-06-15 01:00:00,2025-06-15,3,0.0,0.2800777993887191,0.09771604,0.58174133,1
6,PN9,CH1,2025-06-15 02:00:00,2025-06-15,3,0.0,0.0002778549597110308,0.20736079,0.94436073,0
7,PN9,CH2,2025-06-15 02:00:00,2025-06-15,3,0.0,0.2097804945818283,0.25342613,1.6212463,0
6,PN9,CH1,2025-06-15 03:00:00,2025-06-15,3,0.0,0.0,0.2852723,2.4984035,1
7,PN9,CH2,2025-06-15 03:00:00,2025-06-15,3,0.0,0.16810225062517367,0.1817304,0.91552734,0
6,PN9,CH1,2025-06-15 04:00:00,2025-06-15,3,0.0,0.0011114198388441233,0.31963906,1.5377636,34
7,PN9,CH2,2025-06-15 04:00:00,2025-06-15,3,0.0,0.2678521811614337,0.32441387,1.7738342,0
6,PN9,CH1,2025-06-15 05:00:00,2025-06-15,3,0.0,0.0,0.6983137,2.7026978,15
7,PN9,CH2,2025-06-15 05:00:00,2025-06-15,3,0.0,0.32147818838566267,1.0213678,4.4441223,10
6,PN9,CH1,2025-06-15 06:00:00,2025-06-15,3,0.0,0.0002778549597110308,0.35938337,2.6213017,1
7,PN9,CH2,2025-06-15 06:00:00,2025-06-15,3,0.0,0.2561822728535704,0.37505773,1.9264221,0
6,PN9,CH1,2025-06-15 07:00:00,2025-06-15,3,0.0,0.0013892747985551543,1.1512222,4.9236794,0
7,PN9,CH2,2025-06-15 07:00:00,2025-06-15,3,0.0,0.21394831897749375,2.0031013,6.7329407,16
6,PN9,CH1,2025-06-15 08:00:00,2025-06-15,3,0.0,0.0002778549597110308,0.9542161,4.7080975,7
7,PN9,CH2,2025-06-15 08:00:00,2025-06-15,3,0.0,0.14976382328424562,1.7525245,7.610321,280
6,PN9,CH1,2025-06-15 09:00:00,2025-06-15,3,0.0,0.0002778549597110308,1.4017578,5.620941,5
7,PN9,CH2,2025-06-15 09:00:00,2025-06-15,3,0.0,0.1747707696582384,1.5015409,7.286072,59
6,PN9,CH1,2025-06-15 10:00:00,2025-06-15,3,0.0,0.0008335648791330926,0.6929211,3.005453,12
7,PN9,CH2,2025-06-15 10:00:00,2025-06-15,3,0.0,0.19783273131425397,1.0365642,4.081726,21
6,PN9,CH1,2025-06-15 11:00:00,2025-06-15,3,0.0002777777777777778,0.0002778549597110308,2.0062726,7.5964622,172
7,PN9,CH2,2025-06-15 11:00:00,2025-06-15,3,0.0002777777777777778,0.22811892192275632,1.1564747,4.3678284,15
6,PN9,CH1,2025-06-15 12:00:00,2025-06-15,3,0.0,0.0005557099194220616,2.1346228,9.156094,7
7,PN9,CH2,2025-06-15 12:00:00,2025-06-15,3,0.0,0.11919977771603223,1.1644604,5.6552887,346
6,PN9,CH1,2025-06-15 13:00:00,2025-06-15,3,0.0,0.0005557099194220616,0.8110056,19.971653,65
7,PN9,CH2,2025-06-15 13:00:00,2025-06-15,3,0.0,0.12142261739372048,2.4738343,9.679794,159
6,PN9,CH1,2025-06-15 14:00:00,2025-06-15,3,0.0,0.0002778549597110308,1.124561,5.1723785,8
7,PN9,CH2,2025-06-15 14:00:00,2025-06-15,3,0.0,0.1325368157821617,0.8029077,3.0326843,11
6,PN9,CH1,2025-06-15 15:00:00,2025-06-15,3,0.0,0.0,0.47321382,2.4525433,4
7,PN9,CH2,2025-06-15 15:00:00,2025-06-15,3,0.0,0.144206724090025,0.6690393,2.5844574,4
6,PN9,CH1,2025-06-15 16:00:00,2025-06-15,3,0.0,0.0,0.50575835,2.485962,0
7,PN9,CH2,2025-06-15 16:00:00,2025-06-15,3,0.0,0.14559599888858016,0.46698034,2.4223328,24
6,PN9,CH1,2025-06-15 17:00:00,2025-06-15,3,0.0,0.0002778549597110308,2.7845654,8.041971,10
7,PN9,CH2,2025-06-15 17:00:00,2025-06-15,3,0.0,0.2297860516810225,1.230634,4.558563,6
6,PN9,CH1,2025-06-15 18:00:00,2025-06-15,3,0.0,0.0002778549597110308,1.7396753,5.637108,15
7,PN9,CH2,2025-06-15 18:00:00,2025-06-15,3,0.0,0.23228674631842178,1.0877014,3.0899048,1
6,PN9,CH1,2025-06-15 19:00:00,2025-06-15,3,0.0,0.0005557099194220616,1.7808715,5.8026237,0
7,PN9,CH2,2025-06-15 19:00:00,2025-06-15,3,0.0,0.2681300361211448,0.6389517,2.746582,12
6,PN9,CH1,2025-06-15 20:00:00,2025-06-15,3,0.0,0.0002778549597110308,0.47687426,1.9216537,0
7,PN9,CH2,2025-06-15 20:00:00,2025-06-15,3,0.0,0.30480689080300083,1.24342,5.3977966,5
6,PN9,CH1,2025-06-15 21:00:00,2025-06-15,3,0.0,0.0013892747985551543,1.3725598,4.4578686,0
7,PN9,CH2,2025-06-15 21:00:00,2025-06-15,3,0.0,0.3103639899972214,1.0840539,3.528595,0
6,PN9,CH1,2025-06-15 22:00:00,2025-06-15,3,0.0,0.0011114198388441233,0.9874175,3.6537647,72
7,PN9,CH2,2025-06-15 22:00:00,2025-06-15,3,0.0,0.3178660739094193,0.14235872,0.61035156,0
6,PN9,CH1,2025-06-15 23:00:00,2025-06-15,3,0.0,0.0005557099194220616,0.4482923,2.3710728,274
7,PN9,CH2,2025-06-15 23:00:00,2025-06-15,3,0.0,0.4106696304529036,0.3264208,1.9454956,0
6,PN9,CH1,2025-06-16 00:00:01,2025-06-16,3,0.0002777777777777778,0.0005557099194220616,0.37829748,2.0114326,30
7,PN9,CH2,2025-06-16 00:00:01,2025-06-16,3,0.0002777777777777778,0.5734926368435677,0.53729767,2.231598,0
6,PN9,CH1,2025-06-16 01:00:00,2025-06-16,3,0.0,0.0,0.44929764,2.6863441,135
7,PN9,CH2,2025-06-16 01:00:00,2025-06-16,3,0.0,0.4670741872742428,0.37753284,3.118515,5
6,PN9,CH1,2025-06-16 02:00:00,2025-06-16,3,0.0,0.0002778549597110308,1.0231546,3.968254,314
7,PN9,CH2,2025-06-16 02:00:00,2025-06-16,3,0.0,0.2859127535426507,0.17417021,2.2125244,0
6,PN9,CH1,2025-06-16 03:00:00,2025-06-16,3,0.0,0.0002778549597110308,0.26276508,2.97159,219
7,PN9,CH2,2025-06-16 03:00:00,2025-06-16,3,0.0,0.3181439288691303,0.16900675,1.0871887,0
6,PN9,CH1,2025-06-16 04:00:00,2025-06-16,3,0.0,0.0002778549597110308,0.4159784,2.4561596,61
7,PN9,CH2,2025-06-16 04:00:00,2025-06-16,3,0.0,0.2500694637399278,0.6224046,2.2506714,0
6,PN9,CH1,2025-06-16 05:00:00,2025-06-16,3,0.0,0.0,0.29460752,1.9829712,14
7,PN9,CH2,2025-06-16 05:00:00,2025-06-16,3,0.0,0.30564045568213394,0.6601956,3.2997131,0
6,PN9,CH1,2025-06-16 06:00:00,2025-06-16,3,0.0,0.001944984717977216,0.34167826,8.198248,67
7,PN9,CH2,2025-06-16 06:00:00,2025-06-16,3,0.0,0.3050847457627119,0.50491345,2.708435,3
6,PN9,CH1,2025-06-16 07:00:00,2025-06-16,3,0.0,0.0008335648791330926,0.92924106,7.0564823,85
7,PN9,CH2,2025-06-16 07:00:00,2025-06-16,3,0.0,0.3114754098360656,0.65650064,2.5367737,0
6,PN9,CH1,2025-06-16 08:00:00,2025-06-16,3,0.0,0.0011114198388441233,0.46338344,4.812664,17
7,PN9,CH2,2025-06-16 08:00:00,2025-06-16,3,0.0,0.2678521811614337,0.58759904,2.7275085,1
6,PN9,CH1,2025-06-16 09:00:00,2025-06-16,3,0.0,0.0013892747985551543,0.4547699,2.2615128,11
7,PN9,CH2,2025-06-16 09:00:00,2025-06-16,3,0.0,0.2650736315643234,0.39757362,1.6307831,0
6,PN9,CH1,2025-06-16 10:00:00,2025-06-16,3,0.0,0.0005557099194220616,0.5157314,1.9618492,19
7,PN9,CH2,2025-06-16 10:00:00,2025-06-16,3,0.0,0.2631286468463462,0.6482639,2.6893616,0
6,PN9,CH1,2025-06-16 11:00:00,2025-06-16,3,0.0,0.0002778549597110308,0.9063597,23.551546,68
7,PN9,CH2,2025-06-16 11:00:00,2025-06-16,3,0.0,0.22283967768824672,2.90446,45.47119,141
6,PN9,CH1,2025-06-16 12:00:00,2025-06-16,3,0.0,0.0008335648791330926,0.58603173,2.7607765,0
7,PN9,CH2,2025-06-16 12:00:00,2025-06-16,3,0.0,0.3378716310086135,1.644678,6.465912,240
6,PN9,CH1,2025-06-16 13:00:00,2025-06-16,3,0.0,0.0008335648791330926,0.53531194,14.720819,5
7,PN9,CH2,2025-06-16 13:00:00,2025-06-16,3,0.0,0.34176160044456794,0.76140106,3.1280518,185
6,PN9,CH1,2025-06-16 14:00:00,2025-06-16,3,0.0,0.0,2.8034132,9.332001,6
7,PN9,CH2,2025-06-16 14:00:00,2025-06-16,3,0.0,0.396499027507641,1.2753837,4.606247,54
6,PN9,CH1,2025-06-16 15:00:00,2025-06-16,3,0.0,0.001944984717977216,1.8412063,5.545355,0
7,PN9,CH2,2025-06-16 15:00:00,2025-06-16,3,0.0,0.4270630730758544,1.2698646,4.348755,0
6,PN9,CH1,2025-06-16 16:00:00,2025-06-16,3,0.0,0.0002778549597110308,1.0784523,4.1852875,3
7,PN9,CH2,2025-06-16 16:00:00,2025-06-16,3,0.0,0.42400666851903307,0.5862087,3.7384033,22
6,PN9,CH1,2025-06-16 17:00:00,2025-06-16,3,0.0,0.0016671297582661851,1.0913893,3.9542828,3
7,PN9,CH2,2025-06-16 17:00:00,2025-06-16,3,0.0,0.4342873020283412,0.7670217,3.5476685,11
6,PN9,CH1,2025-06-16 18:00:00,2025-06-16,3,0.0,0.0011114198388441233,1.3422302,6.5762177,0
7,PN9,CH2,2025-06-16 18:00:00,2025-06-16,3,0.0,0.36621283689913864,1.3168848,5.1116943,46
6,PN9,CH1,2025-06-16 19:00:00,2025-06-16,3,0.0,0.0013892747985551543,0.5822154,3.2258778,0
7,PN9,CH2,2025-06-16 19:00:00,2025-06-16,3,0.0,0.5357043623228674,1.9147885,7.009506,5
6,PN9,CH1,2025-06-16 20:00:00,2025-06-16,3,0.0,0.0013892747985551543,0.4679295,2.15806,0
7,PN9,CH2,2025-06-16 20:00:00,2025-06-16,3,0.0,0.5098638510697416,1.1609927,4.2152405,3
6,PN9,CH1,2025-06-16 21:00:00,2025-06-16,3,0.0,0.0030564045568213394,0.2119989,1.2506542,0
7,PN9,CH2,2025-06-16 21:00:00,2025-06-16,3,0.0,0.45512642400666853,0.8590958,3.3950806,8
6,PN9,CH1,2025-06-16 22:00:00,2025-06-16,3,0.0,0.0011114198388441233,1.2119715,4.000366,0
7,PN9,CH2,2025-06-16 22:00:00,2025-06-16,3,0.0,0.5721033620450126,0.6652691,2.336502,0
6,PN9,CH1,2025-06-16 23:00:00,2025-06-16,3,0.0,0.0013892747985551543,0.71066093,2.353304,0
7,PN9,CH2,2025-06-16 23:00:00,2025-06-16,3,0.0,0.5298694081689358,0.5361264,1.7166138,0
6,PN9,CH1,2025-06-17 00:00:01,2025-06-17,3,0.0002777777777777778,0.001944984717977216,0.2816742,1.317934,5
7,PN9,CH2,2025-06-17 00:00:01,2025-06-17,3,0.0002777777777777778,0.4512364545707141,0.6373278,2.2029877,0
6,PN9,CH1,2025-06-17 01:00:00,2025-06-17,3,0.0,0.0005557099194220616,0.2051496,1.548603,6
7,PN9,CH2,2025-06-17 01:00:00,2025-06-17,3,0.0,0.3853848291191998,0.9871979,3.376007,0
6,PN9,CH1,2025-06-17 02:00:00,2025-06-17,3,0.0,0.0013892747985551543,0.47875112,2.6182098,10
7,PN9,CH2,2025-06-17 02:00:00,2025-06-17,3,0.0,0.23978883023061962,0.05415599,0.3528595,0
6,PN9,CH1,2025-06-17 03:00:00,2025-06-17,3,0.0,0.0005557099194220616,0.79888415,3.7992735,85
7,PN9,CH2,2025-06-17 03:00:00,2025-06-17,3,0.0,0.2478466240622395,0.45284724,2.040863,0
6,PN9,CH1,2025-06-17 04:00:00,2025-06-17,3,0.0,0.0005557099194220616,0.30770227,1.3902779,15
7,PN9,CH2,2025-06-17 04:00:00,2025-06-17,3,0.0,0.44567935537649345,0.33352786,1.2016296,0
6,PN9,CH1,2025-06-17 05:00:00,2025-06-17,3,0.0,0.001944984717977216,0.537416,2.6228275,12
7,PN9,CH2,2025-06-17 05:00:00,2025-06-17,3,0.0,0.5479299805501529,1.1174456,4.8828125,13
6,PN9,CH1,2025-06-17 06:00:00,2025-06-17,3,0.0,0.0013892747985551543,0.5652898,2.268404,10
7,PN9,CH2,2025-06-17 06:00:00,2025-06-17,3,0.0,0.5751597666018339,0.50072217,1.6021729,3
6,PN9,CH1,2025-06-17 07:00:00,2025-06-17,3,0.0,0.0005557099194220616,1.0404714,4.7121954,0
7,PN9,CH2,2025-06-17 07:00:00,2025-06-17,3,0.0,0.4187274242845235,2.365492,9.670258,6
6,PN9,CH1,2025-06-17 08:00:00,2025-06-17,3,0.0,0.0002778549597110308,2.2934427,7.8111897,1
7,PN9,CH2,2025-06-17 08:00:00,2025-06-17,3,0.0,0.20116699083078632,2.506385,8.106232,14
6,PN9,CH1,2025-06-17 09:00:00,2025-06-17,3,0.0,0.0005557099194220616,1.9529209,7.5840206,0
7,PN9,CH2,2025-06-17 09:00:00,2025-06-17,3,0.0,0.15615448735759932,0.9808321,3.9100647,26
6,PN9,CH1,2025-06-17 10:00:00,2025-06-17,3,0.0,0.0002778549597110308,0.8021581,3.4020462,0
7,PN9,CH2,2025-06-17 10:00:00,2025-06-17,3,0.0,0.1828285634898583,0.5557711,2.3555756,19
6,PN9,CH1,2025-06-17 11:00:00,2025-06-17,3,0.0002777777777777778,0.0005557099194220616,0.6660249,14.9542465,4
7,PN9,CH2,2025-06-17 11:00:00,2025-06-17,3,0.0002777777777777778,0.17254792998055016,0.3804265,1.66893,1
6,PN9,CH1,2025-06-17 12:00:00,2025-06-17,3,0.0,0.0005557099194220616,0.42064407,3.5938244,7
7,PN9,CH2,2025-06-17 12:00:00,2025-06-17,3,0.0,0.14170602945262573,0.6602973,2.412796,1
6,PN9,CH1,2025-06-17 13:00:00,2025-06-17,3,0.0,0.0,3.3472154,48.815086,127
7,PN9,CH2,2025-06-17 13:00:00,2025-06-17,3,0.0,0.14170602945262573,4.317772,55.980682,168
6,PN9,CH1,2025-06-17 14:00:00,2025-06-17,3,0.0,0.0005557099194220616,1.0231324,3.8449097,0
7,PN9,CH2,2025-06-17 14:00:00,2025-06-17,3,0.0,0.3848291191997777,0.56695056,2.231598,0
6,PN9,CH1,2025-06-17 15:00:00,2025-06-17,3,0.0,0.0,0.26833773,1.6460209,1
7,PN9,CH2,2025-06-17 15:00:00,2025-06-17,3,0.0,0.4067796610169492,0.59975034,2.0313263,0
6,PN9,CH1,2025-06-17 16:00:00,2025-06-17,3,0.0,0.0013892747985551543,0.5664253,2.8575954,9
7,PN9,CH2,2025-06-17 16:00:00,2025-06-17,3,0.0,0.44012225618227285,0.44999367,1.6403198,0
6,PN9,CH1,2025-06-17 17:00:00,2025-06-17,3,0.0,0.0011114198388441233,0.40805775,2.2096195,0
7,PN9,CH2,2025-06-17 17:00:00,2025-06-17,3,0.0,0.4251180883578772,1.4461364,5.38826,0
6,PN9,CH1,2025-06-17 18:00:00,2025-06-17,3,0.0,0.0,3.8737547,19.034744,812
7,PN9,CH2,2025-06-17 18:00:00,2025-06-17,3,0.0,0.3667685468185607,0.9835395,4.711151,18
6,PN9,CH1,2025-06-17 19:00:00,2025-06-17,3,0.0,0.0002778549597110308,1.2324013,7.536932,867
7,PN9,CH2,2025-06-17 19:00:00,2025-06-17,3,0.0,0.4798555154209503,1.3702452,5.044937,0
6,PN9,CH1,2025-06-17 20:00:00,2025-06-17,3,0.0,0.0002778549597110308,1.0053267,6.1138344,406
7,PN9,CH2,2025-06-17 20:00:00,2025-06-17,3,0.0,0.513475965545985,0.6281534,2.3078918,1
6,PN9,CH1,2025-06-17 21:00:00,2025-06-17,3,0.0,0.0008335648791330926,1.220493,8.331164,159
7,PN9,CH2,2025-06-17 21:00:00,2025-06-17,3,0.0,0.6151708808002223,0.8877648,3.5476685,0
6,PN9,CH1,2025-06-17 22:00:00,2025-06-17,3,0.0,0.0,3.4901123,21.845549,519
7,PN9,CH2,2025-06-17 22:00:00,2025-06-17,3,0.0,0.5809947207557655,0.19301772,1.1062622,0
6,PN9,CH1,2025-06-17 23:00:00,2025-06-17,3,0.0,0.0008335648791330926,2.0332708,18.800943,386
7,PN9,CH2,2025-06-17 23:00:00,2025-06-17,3,0.0,0.5968324534592943,0.23108509,0.78201294,0
6,PN9,CH1,2025-06-18 00:00:01,2025-06-18,3,0.0002777777777777778,0.0,2.6127954,16.923622,737
7,PN9,CH2,2025-06-18 00:00:01,2025-06-18,3,0.0002777777777777778,0.5684912475687691,0.64456975,3.7193298,1
6,PN9,CH1,2025-06-18 01:00:00,2025-06-18,3,0.0,0.0,5.833258,33.401215,1009
7,PN9,CH2,2025-06-18 01:00:00,2025-06-18,3,0.0,0.5607113086968603,0.8055101,2.8705597,0
6,PN9,CH1,2025-06-18 02:00:00,2025-06-18,3,0.0,0.0002778549597110308,8.629567,40.262154,888
7,PN9,CH2,2025-06-18 02:00:00,2025-06-18,3,0.0,0.5115309808280077,0.18639398,0.69618225,0
6,PN9,CH1,2025-06-18 03:00:00,2025-06-18,3,0.0,0.0002778549597110308,1.8197346,23.217129,518
7,PN9,CH2,2025-06-18 03:00:00,2025-06-18,3,0.0,0.3020283412058905,0.14553842,0.8583069,0
6,PN9,CH1,2025-06-18 04:00:00,2025-06-18,3,0.0,0.0,3.1563888,56.351944,543
7,PN9,CH2,2025-06-18 04:00:00,2025-06-18,3,0.0,0.5073631564323423,0.56493574,2.2888184,1
6,PN9,CH1,2025-06-18 05:00:00,2025-06-18,3,0.0,0.0008335648791330926,1.1250631,16.937143,25
7,PN9,CH2,2025-06-18 05:00:00,2025-06-18,3,0.0,0.575993331480967,0.7723766,2.708435,0
6,PN9,CH1,2025-06-18 06:00:00,2025-06-18,3,0.0,0.0008335648791330926,2.6114054,25.040955,212
7,PN9,CH2,2025-06-18 06:00:00,2025-06-18,3,0.0,0.5823839955543206,0.56624335,2.7942657,0
6,PN9,CH1,2025-06-18 07:00:00,2025-06-18,3,0.0,0.0008335648791330926,1.9782467,18.330664,45
7,PN9,CH2,2025-06-18 07:00:00,2025-06-18,3,0.0,0.4873575993331481,2.6860423,9.727478,5
6,PN9,CH1,2025-06-18 08:00:00,2025-06-18,3,0.0,0.0013892747985551543,1.7105072,13.674945,8
7,PN9,CH2,2025-06-18 08:00:00,2025-06-18,3,0.0,0.378438455126424,2.9235408,8.792877,8
6,PN9,CH1,2025-06-18 09:00:00,2025-06-18,3,0.0,0.0,1.4040416,9.046084,126
7,PN9,CH2,2025-06-18 09:00:00,2025-06-18,3,0.0,0.18671853292581272,0.8376352,3.938675,7
6,PN9,CH1,2025-06-18 10:00:00,2025-06-18,3,0.0,0.0,0.91262305,5.984679,142
7,PN9,CH2,2025-06-18 10:00:00,2025-06-18,3,0.0,0.2514587385384829,0.32769728,1.9454956,10
6,PN9,CH1,2025-06-18 11:00:00,2025-06-18,3,0.0,0.0002778549597110308,1.1650118,7.1727476,117
7,PN9,CH2,2025-06-18 11:00:00,2025-06-18,3,0.0,0.21478188385662683,0.71114767,2.8133392,4
6,PN9,CH1,2025-06-18 12:00:00,2025-06-18,3,0.0,0.0005557099194220616,0.8766822,8.4834175,81
7,PN9,CH2,2025-06-18 12:00:00,2025-06-18,3,0.0,0.189219227563212,0.8119668,3.33786,6
6,PN9,CH1,2025-06-18 13:00:00,2025-06-18,3,0.0,0.0,0.9441196,29.17029,96
7,PN9,CH2,2025-06-18 13:00:00,2025-06-18,3,0.0,0.16865796054459573,0.99963623,26.53122,142
6,PN9,CH1,2025-06-18 14:00:00,2025-06-18,3,0.0,0.0005557099194220616,1.7751907,6.6458817,35
7,PN9,CH2,2025-06-18 14:00:00,2025-06-18,3,0.0,0.30119477632675745,0.76963794,2.784729,12
6,PN9,CH1,2025-06-18 15:00:00,2025-06-18,3,0.0,0.0005557099194220616,0.4077925,2.0327415,1
7,PN9,CH2,2025-06-18 15:00:00,2025-06-18,3,0.0,0.43595443178660737,0.49698654,1.9264221,2
6,PN9,CH1,2025-06-18 16:00:00,2025-06-18,3,0.0,0.0002778549597110308,0.52476716,2.1618233,10
7,PN9,CH2,2025-06-18 16:00:00,2025-06-18,3,0.0,0.41678243956654626,0.29359186,1.4972687,0
6,PN9,CH1,2025-06-18 17:00:00,2025-06-18,3,0.0,0.0005557099194220616,0.8606193,3.1072655,14
7,PN9,CH2,2025-06-18 17:00:00,2025-06-18,3,0.0,0.42928591275354266,0.78171825,3.528595,0
6,PN9,CH1,2025-06-18 18:00:00,2025-06-18,3,0.0,0.0,1.1329601,4.8860893,51
7,PN9,CH2,2025-06-18 18:00:00,2025-06-18,3,0.0,0.351486524034454,1.6331947,5.8555603,2
6,PN9,CH1,2025-06-18 19:00:00,2025-06-18,3,0.0,0.0008335648791330926,0.6052189,3.8228188,18
7,PN9,CH2,2025-06-18 19:00:00,2025-06-18,3,0.0,0.5512642400666852,0.3271966,1.8787384,0
6,PN9,CH1,2025-06-18 20:00:00,2025-06-18,3,0.0,0.0008335648791330926,0.32376355,4.983841,26
7,PN9,CH2,2025-06-18 20:00:00,2025-06-18,3,0.0,0.559322033898305,0.5399272,2.5749207,0
6,PN9,CH1,2025-06-18 21:00:00,2025-06-18,3,0.0,0.0016671297582661851,0.53743476,2.025217,5
7,PN9,CH2,2025-06-18 21:00:00,2025-06-18,3,0.0,0.5937760489024729,0.6684686,2.2125244,0
6,PN9,CH1,2025-06-18 22:00:00,2025-06-18,3,0.0,0.0008335648791330926,1.2677273,4.3167553,2
7,PN9,CH2,2025-06-18 22:00:00,2025-06-18,3,0.0,0.5721033620450126,0.301789,1.9073486,0
6,PN9,CH1,2025-06-18 23:00:00,2025-06-18,3,0.0,0.0013892747985551543,0.78138983,2.6555367,0
7,PN9,CH2,2025-06-18 23:00:00,2025-06-18,3,0.0,0.5415393164767991,0.42386153,3.8909912,22
6,PN9,CH1,2025-06-19 00:00:01,2025-06-19,3,0.0002777777777777778,0.0002778549597110308,0.92103076,12.470633,81
7,PN9,CH2,2025-06-19 00:00:01,2025-06-19,3,0.0002777777777777778,0.5768268963601,0.7826351,3.490448,0
6,PN9,CH1,2025-06-19 01:00:00,2025-06-19,3,0.0,0.0008335648791330926,2.493494,58.506763,189
7,PN9,CH2,2025-06-19 01:00:00,2025-06-19,3,0.0,0.594609613781606,0.14286737,1.6784668,8
6,PN9,CH1,2025-06-19 02:00:00,2025-06-19,3,0.0,0.0005557099194220616,2.0440176,55.614708,105
7,PN9,CH2,2025-06-19 02:00:00,2025-06-19,3,0.0,0.5601555987774381,0.22545733,1.4686584,0
6,PN9,CH1,2025-06-19 03:00:00,2025-06-19,3,0.0,0.0002778549597110308,2.5370405,34.546295,410
7,PN9,CH2,2025-06-19 03:00:00,2025-06-19,3,0.0,0.4459572103362045,0.1956512,1.2969971,2
6,PN9,CH1,2025-06-19 04:00:00,2025-06-19,3,0.0,0.0013892747985551543,3.265006,55.86699,767
7,PN9,CH2,2025-06-19 04:00:00,2025-06-19,3,0.0,0.37454848569046956,0.62802714,3.5095215,4
6,PN9,CH1,2025-06-19 05:00:00,2025-06-19,3,0.0,0.0016671297582661851,1.7749158,30.620918,113
7,PN9,CH2,2025-06-19 05:00:00,2025-06-19,3,0.0,0.5415393164767991,1.1029813,4.043579,2
6,PN9,CH1,2025-06-19 06:00:00,2025-06-19,3,0.0,0.0022228396776882466,0.8095327,18.073841,90
7,PN9,CH2,2025-06-19 06:00:00,2025-06-19,3,0.0,0.5529313698249514,0.5529423,2.89917,15
6,PN9,CH1,2025-06-19 07:00:00,2025-06-19,3,0.0,0.0002778549597110308,6.103299,69.35611,150
7,PN9,CH2,2025-06-19 07:00:00,2025-06-19,3,0.0,0.46151708808002223,3.2393649,10.414124,3
6,PN9,CH1,2025-06-19 08:00:00,2025-06-19,3,0.0,0.0011114198388441233,3.3456368,34.169106,232
7,PN9,CH2,2025-06-19 08:00:00,2025-06-19,3,0.0,0.43262017227007504,1.7532481,6.580353,17
6,PN9,CH1,2025-06-19 09:00:00,2025-06-19,3,0.0,0.0008335648791330926,1.5605832,14.287828,106
7,PN9,CH2,2025-06-19 09:00:00,2025-06-19,3,0.0,0.43206446235065293,1.1290754,4.0340424,11
6,PN9,CH1,2025-06-19 10:00:00,2025-06-19,3,0.0,0.0005557099194220616,6.764608,85.55942,203
7,PN9,CH2,2025-06-19 10:00:00,2025-06-19,3,0.0,0.4278966379549875,0.6604709,3.5476685,15
6,PN9,CH1,2025-06-19 11:00:00,2025-06-19,3,0.0,0.0008335648791330926,4.3199162,176.67218,303
7,PN9,CH2,2025-06-19 11:00:00,2025-06-19,3,0.0,0.3506529591553209,1.9772025,63.27629,83
6,PN9,CH1,2025-06-19 12:00:00,2025-06-19,3,0.0,0.0002778549597110308,1.8495691,36.147537,101
7,PN9,CH2,2025-06-19 12:00:00,2025-06-19,3,0.0,0.40594609613781607,0.8478686,3.0708313,5
6,PN9,CH1,2025-06-19 13:00:00,2025-06-19,3,0.0,0.0002778549597110308,0.8288051,6.424412,61
7,PN9,CH2,2025-06-19 13:00:00,2025-06-19,3,0.0,0.37899416504584604,0.42504016,1.8119812,0
6,PN9,CH1,2025-06-19 14:00:00,2025-06-19,3,0.0,0.0,0.77200013,4.3394785,10
7,PN9,CH2,2025-06-19 14:00:00,2025-06-19,3,0.0,0.4026118366212837,0.3803401,1.6307831,0
6,PN9,CH1,2025-06-19 15:00:00,2025-06-19,3,0.0,0.0002778549597110308,0.41125968,2.3999825,2
7,PN9,CH2,2025-06-19 15:00:00,2025-06-19,3,0.0,0.40511253125868296,0.2770931,1.2969971,7
6,PN9,CH1,2025-06-19 16:00:00,2025-06-19,3,0.0,0.0005557099194220616,0.40689933,4.8556175,17
7,PN9,CH2,2025-06-19 16:00:00,2025-06-19,3,0.0,0.4376215615448736,0.40075955,3.004074,17
6,PN9,CH1,2025-06-19 17:00:00,2025-06-19,3,0.0,0.0002778549597110308,0.82783544,10.175072,49
7,PN9,CH2,2025-06-19 17:00:00,2025-06-19,3,0.0,0.4026118366212837,0.83297896,4.1770935,3
6,PN9,CH1,2025-06-19 18:00:00,2025-06-19,3,0.0,0.0002778549597110308,0.81111723,4.9326572,28
7,PN9,CH2,2025-06-19 18:00:00,2025-06-19,3,0.0,0.39622117254793,0.9016196,3.3187866,6
6,PN9,CH1,2025-06-19 19:00:00,2025-06-19,3,0.0,0.0013892747985551543,0.4839349,9.633377,43
7,PN9,CH2,2025-06-19 19:00:00,2025-06-19,3,0.0,0.5273687135315366,0.6090179,2.746582,7
6,PN9,CH1,2025-06-19 20:00:00,2025-06-19,3,0.0,0.0022228396776882466,0.75882834,8.518137,48
7,PN9,CH2,2025-06-19 20:00:00,2025-06-19,3,0.0,0.58488469019172,0.48108444,2.002716,0
6,PN9,CH1,2025-06-19 21:00:00,2025-06-19,3,0.0,0.0008335648791330926,0.6680214,17.221682,17
7,PN9,CH2,2025-06-19 21:00:00,2025-06-19,3,0.0,0.648791330925257,0.63434273,2.3078918,0
6,PN9,CH1,2025-06-19 22:00:00,2025-06-19,3,0.0,0.0022228396776882466,1.9873004,29.56666,130
7,PN9,CH2,2025-06-19 22:00:00,2025-06-19,3,0.0,0.6157265907196443,0.16574158,0.84877014,0
6,PN9,CH1,2025-06-19 23:00:00,2025-06-19,3,0.0,0.0013892747985551543,0.35409096,6.8345294,30
7,PN9,CH2,2025-06-19 23:00:00,2025-06-19,3,0.0,0.5682133926090581,0.73704255,2.4795532,0
6,PN9,CH1,2025-06-20 00:00:01,2025-06-20,3,0.0002777777777777778,0.0011114198388441233,4.3699613,61.234085,165
7,PN9,CH2,2025-06-20 00:00:01,2025-06-20,3,0.0002777777777777778,0.6173937204779105,0.3810505,1.7166138,0
6,PN9,CH1,2025-06-20 01:00:00,2025-06-20,3,0.0,0.0,6.3230896,78.95183,802
7,PN9,CH2,2025-06-20 01:00:00,2025-06-20,3,0.0,0.5890525145873854,0.2970928,2.2125244,0
6,PN9,CH1,2025-06-20 02:00:00,2025-06-20,3,0.0,0.0011114198388441233,1.7414848,59.89399,35
7,PN9,CH2,2025-06-20 02:00:00,2025-06-20,3,0.0,0.6082245068074466,0.18355662,1.4686584,0
6,PN9,CH1,2025-06-20 03:00:00,2025-06-20,3,0.0,0.0002778549597110308,6.392053,236.09053,218
7,PN9,CH2,2025-06-20 03:00:00,2025-06-20,3,0.0,0.45623784384551264,0.2441172,1.4877319,4
6,PN9,CH1,2025-06-20 04:00:00,2025-06-20,3,0.0,0.0,7.161967,60.96408,1101
7,PN9,CH2,2025-06-20 04:00:00,2025-06-20,3,0.0,0.26868574604056683,0.5502519,2.7656555,1
6,PN9,CH1,2025-06-20 05:00:00,2025-06-20,3,0.0,0.0008335648791330926,0.7140084,6.436333,101
7,PN9,CH2,2025-06-20 05:00:00,2025-06-20,3,0.0,0.423450958599611,1.203727,4.758835,0
6,PN9,CH1,2025-06-20 06:00:00,2025-06-20,3,0.0,0.0025006946373992774,1.8825431,89.97008,81
7,PN9,CH2,2025-06-20 06:00:00,2025-06-20,3,0.0,0.4981939427618783,0.3577369,1.6975403,0
6,PN9,CH1,2025-06-20 07:00:00,2025-06-20,3,0.0,0.0008335648791330926,2.418198,77.217445,29
7,PN9,CH2,2025-06-20 07:00:00,2025-06-20,3,0.0,0.3728813559322034,3.0510082,9.918213,9
6,PN9,CH1,2025-06-20 08:00:00,2025-06-20,3,0.0,0.0,2.4998193,13.761482,16
7,PN9,CH2,2025-06-20 08:00:00,2025-06-20,3,0.0,0.22756321200333426,2.7954724,9.460449,39
6,PN9,CH1,2025-06-20 09:00:00,2025-06-20,3,0.0,0.0005557099194220616,14.442713,96.90922,554
7,PN9,CH2,2025-06-20 09:00:00,2025-06-20,3,0.0,0.21061405946096137,0.79932624,2.9754639,13
6,PN9,CH1,2025-06-20 10:00:00,2025-06-20,3,0.0,0.0005557099194220616,2.1298072,64.29911,44
7,PN9,CH2,2025-06-20 10:00:00,2025-06-20,3,0.0,0.21394831897749375,0.91798896,2.8800964,0
6,PN9,CH1,2025-06-20 11:00:00,2025-06-20,3,0.0,0.0002778549597110308,1.036659,38.60112,7
7,PN9,CH2,2025-06-20 11:00:00,2025-06-20,3,0.0,0.21589330369547097,0.64854467,2.8800964,0
6,PN9,CH1,2025-06-20 12:00:00,2025-06-20,3,0.0,0.0008335648791330926,0.4974034,2.9686098,9
7,PN9,CH2,2025-06-20 12:00:00,2025-06-20,3,0.0,0.19616560155598778,0.70518357,3.1089783,10
6,PN9,CH1,2025-06-20 13:00:00,2025-06-20,3,0.0,0.0005557099194220616,1.1331358,25.121569,112
7,PN9,CH2,2025-06-20 13:00:00,2025-06-20,3,0.0,0.20422339538760767,0.6600927,17.967224,44
6,PN9,CH1,2025-06-20 14:00:00,2025-06-20,3,0.0,0.0,1.9870639,8.676051,36
7,PN9,CH2,2025-06-20 14:00:00,2025-06-20,3,0.0,0.2531258682967491,0.85260606,3.33786,5
6,PN9,CH1,2025-06-20 15:00:00,2025-06-20,3,0.0,0.0,0.3293565,4.651472,17
7,PN9,CH2,2025-06-20 15:00:00,2025-06-20,3,0.0,0.17699360933592664,0.263225,1.2588501,0
6,PN9,CH1,2025-06-20 16:00:00,2025-06-20,3,0.0,0.0,0.24818347,1.7329311,6
7,PN9,CH2,2025-06-20 16:00:00,2025-06-20,3,0.0,0.17282578494026118,0.22815815,1.411438,6
6,PN9,CH1,2025-06-20 17:00:00,2025-06-20,3,0.0,0.0002778549597110308,0.43609777,2.6643276,14
7,PN9,CH2,2025-06-20 17:00:00,2025-06-20,3,0.0,0.15059738816337873,0.8533772,3.452301,0
6,PN9,CH1,2025-06-20 18:00:00,2025-06-20,3,0.0,0.0002778549597110308,1.2193283,5.0976496,19
7,PN9,CH2,2025-06-20 18:00:00,2025-06-20,3,0.0,0.16004445679355375,0.6820312,2.7179718,7
6,PN9,CH1,2025-06-20 19:00:00,2025-06-20,3,0.0,0.0,0.95837057,4.5912704,12
7,PN9,CH2,2025-06-20 19:00:00,2025-06-20,3,0.0,0.17616004445679356,1.0577102,3.74794,0
6,PN9,CH1,2025-06-20 20:00:00,2025-06-20,3,0.0,0.0002778549597110308,0.6045924,2.4465466,37
7,PN9,CH2,2025-06-20 20:00:00,2025-06-20,3,0.0,0.22811892192275632,0.4460884,1.7166138,0
6,PN9,CH1,2025-06-20 21:00:00,2025-06-20,3,0.0,0.0008335648791330926,0.4192886,2.4789581,16
7,PN9,CH2,2025-06-20 21:00:00,2025-06-20,3,0.0,0.2720200055570992,0.740738,2.3651123,0
6,PN9,CH1,2025-06-20 22:00:00,2025-06-20,3,0.0,0.0002778549597110308,0.70198214,3.6425133,11
7,PN9,CH2,2025-06-20 22:00:00,2025-06-20,3,0.0,0.24090025006946375,0.3128817,2.0122528,0
6,PN9,CH1,2025-06-20 23:00:00,2025-06-20,3,0.0,0.0,0.49586487,3.318265,17
7,PN9,CH2,2025-06-20 23:00:00,2025-06-20,3,0.0,0.1972770213948319,0.25950232,1.1253357,0
6,PN9,CH1,2025-06-21 00:00:01,2025-06-21,3,0.0002777777777777778,0.0002778549597110308,0.4462999,1.4354668,0
7,PN9,CH2,2025-06-21 00:00:01,2025-06-21,3,0.0002777777777777778,0.16004445679355375,0.11837095,0.6866455,0
6,PN9,CH1,2025-06-21 01:00:00,2025-06-21,3,0.0,0.0,0.32983124,3.6791716,64
7,PN9,CH2,2025-06-21 01:00:00,2025-06-21,3,0.0,0.12670186162823005,0.7214054,4.8828125,24
6,PN9,CH1,2025-06-21 02:00:00,2025-06-21,3,0.0,0.0005557099194220616,1.6331247,17.83058,370
7,PN9,CH2,2025-06-21 02:00:00,2025-06-21,3,0.0,0.12586829674909697,0.19857055,1.1825562,1
6,PN9,CH1,2025-06-21 03:00:00,2025-06-21,3,0.0,0.0,3.3802161,44.29609,477
7,PN9,CH2,2025-06-21 03:00:00,2025-06-21,3,0.0,0.14587385384829119,0.25462073,1.2779236,5
6,PN9,CH1,2025-06-21 04:00:00,2025-06-21,3,0.0,0.0,2.6371686,31.082407,338
7,PN9,CH2,2025-06-21 04:00:00,2025-06-21,3,0.0,0.153098082800778,0.3062894,1.4591217,0
6,PN9,CH1,2025-06-21 05:00:00,2025-06-21,3,0.0,0.0013892747985551543,0.4033744,12.013129,9
7,PN9,CH2,2025-06-21 05:00:00,2025-06-21,3,0.0,0.26340650180605724,1.0759466,4.119873,1
6,PN9,CH1,2025-06-21 06:00:00,2025-06-21,3,0.0,0.0008335648791330926,0.30906078,2.677329,11
7,PN9,CH2,2025-06-21 06:00:00,2025-06-21,3,0.0,0.2567379827729925,1.221548,3.9863586,3
6,PN9,CH1,2025-06-21 07:00:00,2025-06-21,3,0.0,0.0002778549597110308,1.6081421,9.497851,61
7,PN9,CH2,2025-06-21 07:00:00,2025-06-21,3,0.0,0.24284523478744097,1.8684754,7.200241,1
6,PN9,CH1,2025-06-21 08:00:00,2025-06-21,3,0.0,0.0,5.3758326,92.20537,85
7,PN9,CH2,2025-06-21 08:00:00,2025-06-21,3,0.0,0.2270075020839122,2.2820249,15.81192,49
6,PN9,CH1,2025-06-21 09:00:00,2025-06-21,3,0.0,0.0002778549597110308,1.7139788,10.742358,15
7,PN9,CH2,2025-06-21 09:00:00,2025-06-21,3,0.0,0.4151153098082801,0.9606027,3.4427643,7
6,PN9,CH1,2025-06-21 10:00:00,2025-06-21,3,0.0,0.0005557099194220616,0.7004388,9.752587,36
7,PN9,CH2,2025-06-21 10:00:00,2025-06-21,3,0.0,0.45095859961100304,1.0810242,3.6525726,2
6,PN9,CH1,2025-06-21 11:00:00,2025-06-21,3,0.0,0.0005557099194220616,0.5192395,5.55966,18
7,PN9,CH2,2025-06-21 11:00:00,2025-06-21,3,0.0,0.405668241178105,0.40120578,1.6880035,8
6,PN9,CH1,2025-06-21 12:00:01,2025-06-21,3,0.0002777777777777778,0.0002778549597110308,0.7636399,5.0430737,18
7,PN9,CH2,2025-06-21 12:00:01,2025-06-21,3,0.0002777777777777778,0.34815226451792164,0.8651796,3.4809113,11
6,PN9,CH1,2025-06-21 13:00:00,2025-06-21,3,0.0,0.0002778549597110308,0.43144214,2.2839375,3
7,PN9,CH2,2025-06-21 13:00:00,2025-06-21,3,0.0,0.30869686023895526,0.30217078,1.6021729,1
6,PN9,CH1,2025-06-21 14:00:00,2025-06-21,3,0.0,0.0002778549597110308,0.6545421,2.579317,0
7,PN9,CH2,2025-06-21 14:00:00,2025-06-21,3,0.0,0.3503751041956099,0.20708278,1.2302399,0
6,PN9,CH1,2025-06-21 15:00:00,2025-06-21,3,0.0,0.0002778549597110308,0.63283694,3.0395756,6
7,PN9,CH2,2025-06-21 15:00:00,2025-06-21,3,0.0,0.3539872186718533,0.2686237,1.2588501,0
6,PN9,CH1,2025-06-21 16:00:00,2025-06-21,3,0.0,0.0008335648791330926,0.30254218,1.5012913,0
7,PN9,CH2,2025-06-21 16:00:00,2025-06-21,3,0.0,0.4037232564601278,0.8371864,4.7016144,7
6,PN9,CH1,2025-06-21 17:00:00,2025-06-21,3,0.0,0.0005557099194220616,0.6551744,2.9836216,0
7,PN9,CH2,2025-06-21 17:00:00,2025-06-21,3,0.0,0.3812170047235343,0.8916347,3.8909912,1
6,PN9,CH1,2025-06-21 18:00:00,2025-06-21,3,0.0,0.0005557099194220616,1.0068164,3.69273,0
7,PN9,CH2,2025-06-21 18:00:00,2025-06-21,3,0.0,0.19533203667685467,0.7058477,2.4700165,1
6,PN9,CH1,2025-06-21 19:00:00,2025-06-21,3,0.0,0.0005557099194220616,0.36638042,1.816452,5
7,PN9,CH2,2025-06-21 19:00:00,2025-06-21,3,0.0,0.18255070853014727,0.9132841,3.0708313,2
6,PN9,CH1,2025-06-21 20:00:00,2025-06-21,3,0.0,0.0005557099194220616,0.16538225,1.1388206,0
7,PN9,CH2,2025-06-21 20:00:00,2025-06-21,3,0.0,0.23006390664073353,0.5860232,2.193451,0
6,PN9,CH1,2025-06-21 21:00:00,2025-06-21,3,0.0,0.0,0.4643056,1.8239021,13
7,PN9,CH2,2025-06-21 21:00:00,2025-06-21,3,0.0,0.24006668519033064,0.6386171,2.0694733,1
6,PN9,CH1,2025-06-21 22:00:00,2025-06-21,3,0.0,0.0022228396776882466,0.7969932,4.3815384,16
7,PN9,CH2,2025-06-21 22:00:00,2025-06-21,3,0.0,0.22756321200333426,0.81661147,2.7942657,1
6,PN9,CH1,2025-06-21 23:00:00,2025-06-21,3,0.016666666666666666,0.0,0.7340498,2.999754,16
7,PN9,CH2,2025-06-21 23:00:00,2025-06-21,3,0.016666666666666666,0.22172825784940262,0.9788924,3.9291382,1
